2026-09-15 12:24:27.032 +05:00 [INF] Executed DbCommand (6ms) [Parameters=[@__mapping_Id_0='?' (DbType = Guid)], CommandType='"Text"', CommandTimeout='30']
SELECT i.id, i.created_at, i.created_by, i.currency_code, i.deleted_at, i.grn_numbers, i.integration_status, i.invoice_amount, i.invoice_date, i.invoice_number, i.invoice_type, i.oracle_invoice_id, i.pk_id, i.po_number, i.remarks, i.status, i.submission_date, i.updated_at, i.vendor_id
FROM invoice.invoices AS i
WHERE i.vendor_id = @__mapping_Id_0 AND i.deleted_at IS NULL AND i.status <> 'DRAFT'
2026-09-15 12:24:27.129 +05:00 [INF] Executed DbCommand (6ms) [Parameters=[@__mapping_Id_0='?' (DbType = Guid)], CommandType='"Text"', CommandTimeout='30']
SELECT i.id, i.created_at, i.created_by, i.currency_code, i.deleted_at, i.grn_numbers, i.integration_status, i.invoice_amount, i.invoice_date, i.invoice_number, i.invoice_type, i.oracle_invoice_id, i.pk_id, i.po_number, i.remarks, i.status, i.submission_date, i.updated_at, i.vendor_id
FROM invoice.invoices AS i
WHERE i.vendor_id = @__mapping_Id_0 AND i.deleted_at IS NULL AND i.status <> 'DRAFT'
2026-09-15 12:24:27.249 +05:00 [INF] Executed DbCommand (10ms) [Parameters=[@__mapping_Id_0='?' (DbType = Guid)], CommandType='"Text"', CommandTimeout='30']
SELECT i.id, i.created_at, i.created_by, i.currency_code, i.deleted_at, i.grn_numbers, i.integration_status, i.invoice_amount, i.invoice_date, i.invoice_number, i.invoice_type, i.oracle_invoice_id, i.pk_id, i.po_number, i.remarks, i.status, i.submission_date, i.updated_at, i.vendor_id
FROM invoice.invoices AS i
WHERE i.vendor_id = @__mapping_Id_0 AND i.deleted_at IS NULL AND i.status <> 'DRAFT'
2026-09-15 12:24:28.047 +05:00 [INF] Executed DbCommand (18ms) [Parameters=[@__mapping_Id_0='?' (DbType = Guid)], CommandType='"Text"', CommandTimeout='30']
SELECT i.id, i.created_at, i.created_by, i.currency_code, i.deleted_at, i.grn_numbers, i.integration_status, i.invoice_amount, i.invoice_date, i.invoice_number, i.invoice_type, i.oracle_invoice_id, i.pk_id, i.po_number, i.remarks, i.status, i.submission_date, i.updated_at, i.vendor_id
FROM invoice.invoices AS i
WHERE i.vendor_id = @__mapping_Id_0 AND i.deleted_at IS NULL AND i.status <> 'DRAFT'
2026-09-15 12:24:28.203 +05:00 [INF] Executed DbCommand (11ms) [Parameters=[@__mapping_Id_0='?' (DbType = Guid)], CommandType='"Text"', CommandTimeout='30']
SELECT i.id, i.created_at, i.created_by, i.currency_code, i.deleted_at, i.grn_numbers, i.integration_status, i.invoice_amount, i.invoice_date, i.invoice_number, i.invoice_type, i.oracle_invoice_id, i.pk_id, i.po_number, i.remarks, i.status, i.submission_date, i.updated_at, i.vendor_id
FROM invoice.invoices AS i
WHERE i.vendor_id = @__mapping_Id_0 AND i.deleted_at IS NULL AND i.status <> 'DRAFT'
2026-09-15 12:24:28.299 +05:00 [INF] Executed DbCommand (16ms) [Parameters=[@__mapping_Id_0='?' (DbType = Guid)], CommandType='"Text"', CommandTimeout='30']
SELECT i.id, i.created_at, i.created_by, i.currency_code, i.deleted_at, i.grn_numbers, i.integration_status, i.invoice_amount, i.invoice_date, i.invoice_number, i.invoice_type, i.oracle_invoice_id, i.pk_id, i.po_number, i.remarks, i.status, i.submission_date, i.updated_at, i.vendor_id
FROM invoice.invoices AS i
WHERE i.vendor_id = @__mapping_Id_0 AND i.deleted_at IS NULL AND i.status <> 'DRAFT'
2026-09-15 12:24:28.371 +05:00 [INF] Executed DbCommand (6ms) [Parameters=[@__mapping_Id_0='?' (DbType = Guid)], CommandType='"Text"', CommandTimeout='30']
SELECT i.id, i.created_at, i.created_by, i.currency_code, i.deleted_at, i.grn_numbers, i.integration_status, i.invoice_amount, i.invoice_date, i.invoice_number, i.invoice_type, i.oracle_invoice_id, i.pk_id, i.po_number, i.remarks, i.status, i.submission_date, i.updated_at, i.vendor_id
FROM invoice.invoices AS i
WHERE i.vendor_id = @__mapping_Id_0 AND i.deleted_at IS NULL AND i.status <> 'DRAFT'
2026-09-15 12:24:28.412 +05:00 [INF] Executed DbCommand (9ms) [Parameters=[@__mapping_Id_0='?' (DbType = Guid)], CommandType='"Text"', CommandTimeout='30']
SELECT i.id, i.created_at, i.created_by, i.currency_code, i.deleted_at, i.grn_numbers, i.integration_status, i.invoice_amount, i.invoice_date, i.invoice_number, i.invoice_type, i.oracle_invoice_id, i.pk_id, i.po_number, i.remarks, i.status, i.submission_date, i.updated_at, i.vendor_id
FROM invoice.invoices AS i
WHERE i.vendor_id = @__mapping_Id_0 AND i.deleted_at IS NULL AND i.status <> 'DRAFT'
2026-09-15 12:24:28.629 +05:00 [INF] Executed DbCommand (10ms) [Parameters=[@__mapping_Id_0='?' (DbType = Guid)], CommandType='"Text"', CommandTimeout='30']
SELECT i.id, i.created_at, i.created_by, i.currency_code, i.deleted_at, i.grn_numbers, i.integration_status, i.invoice_amount, i.invoice_date, i.invoice_number, i.invoice_type, i.oracle_invoice_id, i.pk_id, i.po_number, i.remarks, i.status, i.submission_date, i.updated_at, i.vendor_id
FROM invoice.invoices AS i
WHERE i.vendor_id = @__mapping_Id_0 AND i.deleted_at IS NULL AND i.status <> 'DRAFT'
2026-09-15 12:24:30.566 +05:00 [INF] Executed DbCommand (11ms) [Parameters=[@__mapping_Id_0='?' (DbType = Guid)], CommandType='"Text"', CommandTimeout='30']
SELECT i.id, i.created_at, i.created_by, i.currency_code, i.deleted_at, i.grn_numbers, i.integration_status, i.invoice_amount, i.invoice_date, i.invoice_number, i.invoice_type, i.oracle_invoice_id, i.pk_id, i.po_number, i.remarks, i.status, i.submission_date, i.updated_at, i.vendor_id
FROM invoice.invoices AS i
WHERE i.vendor_id = @__mapping_Id_0 AND i.deleted_at IS NULL AND i.status <> 'DRAFT'
2026-09-15 12:24:32.982 +05:00 [INF] Executed DbCommand (7ms) [Parameters=[@__mapping_Id_0='?' (DbType = Guid)], CommandType='"Text"', CommandTimeout='30']
SELECT i.id, i.created_at, i.created_by, i.currency_code, i.deleted_at, i.grn_numbers, i.integration_status, i.invoice_amount, i.invoice_date, i.invoice_number, i.invoice_type, i.oracle_invoice_id, i.pk_id, i.po_number, i.remarks, i.status, i.submission_date, i.updated_at, i.vendor_id
FROM invoice.invoices AS i
WHERE i.vendor_id = @__mapping_Id_0 AND i.deleted_at IS NULL AND i.status <> 'DRAFT'
2026-09-15 12:24:33.141 +05:00 [INF] Executed DbCommand (11ms) [Parameters=[@__mapping_Id_0='?' (DbType = Guid)], CommandType='"Text"', CommandTimeout='30']
SELECT i.id, i.created_at, i.created_by, i.currency_code, i.deleted_at, i.grn_numbers, i.integration_status, i.invoice_amount, i.invoice_date, i.invoice_number, i.invoice_type, i.oracle_invoice_id, i.pk_id, i.po_number, i.remarks, i.status, i.submission_date, i.updated_at, i.vendor_id
FROM invoice.invoices AS i
WHERE i.vendor_id = @__mapping_Id_0 AND i.deleted_at IS NULL AND i.status <> 'DRAFT'
2026-09-15 12:24:34.129 +05:00 [INF] Executed DbCommand (6ms) [Parameters=[@__mapping_Id_0='?' (DbType = Guid)], CommandType='"Text"', CommandTimeout='30']
SELECT i.id, i.created_at, i.created_by, i.currency_code, i.deleted_at, i.grn_numbers, i.integration_status, i.invoice_amount, i.invoice_date, i.invoice_number, i.invoice_type, i.oracle_invoice_id, i.pk_id, i.po_number, i.remarks, i.status, i.submission_date, i.updated_at, i.vendor_id
FROM invoice.invoices AS i
WHERE i.vendor_id = @__mapping_Id_0 AND i.deleted_at IS NULL AND i.status <> 'DRAFT'
2026-09-15 12:24:34.154 +05:00 [INF] Executed DbCommand (8ms) [Parameters=[@__mapping_Id_0='?' (DbType = Guid)], CommandType='"Text"', CommandTimeout='30']
SELECT i.id, i.created_at, i.created_by, i.currency_code, i.deleted_at, i.grn_numbers, i.integration_status, i.invoice_amount, i.invoice_date, i.invoice_number, i.invoice_type, i.oracle_invoice_id, i.pk_id, i.po_number, i.remarks, i.status, i.submission_date, i.updated_at, i.vendor_id
FROM invoice.invoices AS i
WHERE i.vendor_id = @__mapping_Id_0 AND i.deleted_at IS NULL AND i.status <> 'DRAFT'
2026-09-15 12:24:40.248 +05:00 [INF] Request starting HTTP/1.1 OPTIONS http://10.1.40.52:5044/api/v1/auth/login - null null
2026-09-15 12:24:40.483 +05:00 [WRN] Failed to determine the https port for redirect.
2026-09-15 12:24:40.512 +05:00 [INF] CORS policy execution successful.
2026-09-15 12:24:40.520 +05:00 [INF] HTTP OPTIONS /api/v1/auth/login responded 204 in 36.6900 ms
2026-09-15 12:24:40.532 +05:00 [INF] Request finished HTTP/1.1 OPTIONS http://10.1.40.52:5044/api/v1/auth/login - 204 null null 287.7333ms
2026-09-15 12:24:40.543 +05:00 [INF] Request starting HTTP/1.1 POST http://10.1.40.52:5044/api/v1/auth/login - application/json 65
2026-09-15 12:24:40.564 +05:00 [INF] CORS policy execution successful.
2026-09-15 12:24:40.620 +05:00 [INF] Executing endpoint 'HTTP: POST /api/v1/auth/login'
2026-09-15 12:24:40.669 +05:00 [INF] Login started. CorrelationId=0HNOIV9JS4VC5:00000001
2026-09-15 12:24:40.705 +05:00 [INF] Executed DbCommand (18ms) [Parameters=[@__email_0='?'], CommandType='"Text"', CommandTimeout='30']
SELECT u.id, u.created_at, u.department_id, u.email, u.failed_login_attempts, u.full_name, u.is_active, u.is_super_admin, u.last_login_at, u.lockout_until, u.mfa_enabled, u.password_hash, u.updated_at, u.user_type
FROM security.users AS u
WHERE lower(u.email) = @__email_0
LIMIT 1
2026-09-15 12:24:40.709 +05:00 [INF] Active login user found. UserId="7a2fd2c4-4224-430b-a5fd-58012d1593ec" CorrelationId=0HNOIV9JS4VC5:00000001
2026-09-15 12:24:41.032 +05:00 [INF] Executed DbCommand (14ms) [Parameters=[@p2='?' (DbType = Guid), @p0='?' (DbType = DateTime), @p1='?' (DbType = DateTime)], CommandType='"Text"', CommandTimeout='30']
UPDATE security.users SET last_login_at = @p0, updated_at = @p1
WHERE id = @p2;
2026-09-15 12:24:41.044 +05:00 [INF] Login OTP is not required. UserId="7a2fd2c4-4224-430b-a5fd-58012d1593ec" CorrelationId=0HNOIV9JS4VC5:00000001
2026-09-15 12:24:41.071 +05:00 [INF] Executed DbCommand (7ms) [Parameters=[@__user_Id_0='?' (DbType = Guid)], CommandType='"Text"', CommandTimeout='30']
SELECT r.code
FROM security.user_roles AS u
INNER JOIN security.roles AS r ON u.role_id = r.id
WHERE u.user_id = @__user_Id_0
2026-09-15 12:24:41.099 +05:00 [INF] Executed DbCommand (13ms) [Parameters=[@__user_Id_0='?' (DbType = Guid)], CommandType='"Text"', CommandTimeout='30']
SELECT DISTINCT p.code
FROM security.user_roles AS u
INNER JOIN security.role_permissions AS r ON u.role_id = r.role_id
INNER JOIN security.permissions AS p ON r.permission_id = p.id
WHERE u.user_id = @__user_Id_0
2026-09-15 12:24:41.121 +05:00 [INF] Executed DbCommand (8ms) [Parameters=[@__user_Id_0='?' (DbType = Guid)], CommandType='"Text"', CommandTimeout='30']
SELECT v.vendor_id
FROM master.vendor_users AS v
WHERE v.user_id = @__user_Id_0 AND v.is_active
LIMIT 1
2026-09-15 12:24:41.149 +05:00 [INF] Setting HTTP status code 200.
2026-09-15 12:24:41.162 +05:00 [INF] Writing value of type '<>f__AnonymousType21`3' as Json.
2026-09-15 12:24:41.172 +05:00 [INF] Executed endpoint 'HTTP: POST /api/v1/auth/login'
2026-09-15 12:24:41.176 +05:00 [INF] HTTP POST /api/v1/auth/login responded 200 in 613.9265 ms
2026-09-15 12:24:41.181 +05:00 [INF] Request finished HTTP/1.1 POST http://10.1.40.52:5044/api/v1/auth/login - 200 null application/json; charset=utf-8 638.0119ms
2026-09-15 12:24:41.217 +05:00 [INF] Request starting HTTP/1.1 OPTIONS http://10.1.40.52:5044/api/v1/oracle/suppliers/my - null null
2026-09-15 12:24:41.226 +05:00 [INF] CORS policy execution successful.
2026-09-15 12:24:41.229 +05:00 [INF] HTTP OPTIONS /api/v1/oracle/suppliers/my responded 204 in 5.3108 ms
2026-09-15 12:24:41.229 +05:00 [INF] Request starting HTTP/1.1 OPTIONS http://10.1.40.52:5044/api/v1/oracle/po-grns/my - null null
2026-09-15 12:24:41.231 +05:00 [INF] Request starting HTTP/1.1 OPTIONS http://10.1.40.52:5044/api/v1/oracle/invoices/my - null null
2026-09-15 12:24:41.231 +05:00 [INF] Request finished HTTP/1.1 OPTIONS http://10.1.40.52:5044/api/v1/oracle/suppliers/my - 204 null null 14.2176ms
2026-09-15 12:24:41.243 +05:00 [INF] Request starting HTTP/1.1 OPTIONS http://10.1.40.52:5044/api/v1/oracle/invoices/my - null null
2026-09-15 12:24:41.236 +05:00 [INF] CORS policy execution successful.
2026-09-15 12:24:41.238 +05:00 [INF] CORS policy execution successful.
2026-09-15 12:24:41.237 +05:00 [INF] Request starting HTTP/1.1 GET http://10.1.40.52:5044/api/v1/oracle/suppliers/my - null null
2026-09-15 12:24:41.240 +05:00 [INF] Request starting HTTP/1.1 OPTIONS http://10.1.40.52:5044/api/v1/oracle/po-grns/my - null null
2026-09-15 12:24:41.232 +05:00 [INF] Request starting HTTP/1.1 OPTIONS http://10.1.40.52:5044/api/v1/invoices/my - null null
2026-09-15 12:24:41.243 +05:00 [INF] Request starting HTTP/1.1 OPTIONS http://10.1.40.52:5044/api/v1/notifications/unread-count - null null
2026-09-15 12:24:41.246 +05:00 [INF] CORS policy execution successful.
2026-09-15 12:24:41.247 +05:00 [INF] HTTP OPTIONS /api/v1/oracle/po-grns/my responded 204 in 11.8286 ms
2026-09-15 12:24:41.248 +05:00 [INF] HTTP OPTIONS /api/v1/oracle/invoices/my responded 204 in 10.7091 ms
2026-09-15 12:24:41.253 +05:00 [INF] CORS policy execution successful.
2026-09-15 12:24:41.257 +05:00 [INF] CORS policy execution successful.
2026-09-15 12:24:41.259 +05:00 [INF] CORS policy execution successful.
2026-09-15 12:24:41.263 +05:00 [INF] CORS policy execution successful.
2026-09-15 12:24:41.264 +05:00 [INF] HTTP OPTIONS /api/v1/oracle/invoices/my responded 204 in 17.4321 ms
2026-09-15 12:24:41.266 +05:00 [INF] Request finished HTTP/1.1 OPTIONS http://10.1.40.52:5044/api/v1/oracle/po-grns/my - 204 null null 36.9848ms
2026-09-15 12:24:41.269 +05:00 [INF] Request finished HTTP/1.1 OPTIONS http://10.1.40.52:5044/api/v1/oracle/invoices/my - 204 null null 38.2956ms
2026-09-15 12:24:41.272 +05:00 [INF] HTTP OPTIONS /api/v1/oracle/po-grns/my responded 204 in 15.4487 ms
2026-09-15 12:24:41.273 +05:00 [INF] HTTP OPTIONS /api/v1/invoices/my responded 204 in 13.4962 ms
2026-09-15 12:24:41.274 +05:00 [INF] HTTP OPTIONS /api/v1/notifications/unread-count responded 204 in 11.6813 ms
2026-09-15 12:24:41.275 +05:00 [INF] Request starting HTTP/1.1 GET http://10.1.40.52:5044/api/v1/oracle/po-grns/my - null null
2026-09-15 12:24:41.277 +05:00 [INF] Request finished HTTP/1.1 OPTIONS http://10.1.40.52:5044/api/v1/oracle/invoices/my - 204 null null 33.6613ms
2026-09-15 12:24:41.278 +05:00 [INF] Request starting HTTP/1.1 GET http://10.1.40.52:5044/api/v1/oracle/invoices/my - null null
2026-09-15 12:24:41.282 +05:00 [INF] Request starting HTTP/1.1 OPTIONS http://10.1.40.52:5044/api/v1/invoices/my - null null
2026-09-15 12:24:41.287 +05:00 [INF] Request starting HTTP/1.1 OPTIONS http://10.1.40.52:5044/api/v1/notifications/unread-count - null null
2026-09-15 12:24:41.290 +05:00 [INF] Request finished HTTP/1.1 OPTIONS http://10.1.40.52:5044/api/v1/oracle/po-grns/my - 204 null null 50.347ms
2026-09-15 12:24:41.293 +05:00 [INF] Request finished HTTP/1.1 OPTIONS http://10.1.40.52:5044/api/v1/invoices/my - 204 null null 61.0776ms
2026-09-15 12:24:41.296 +05:00 [INF] Request finished HTTP/1.1 OPTIONS http://10.1.40.52:5044/api/v1/notifications/unread-count - 204 null null 52.4867ms
2026-09-15 12:24:41.298 +05:00 [INF] Request starting HTTP/1.1 GET http://10.1.40.52:5044/api/v1/invoices/my - null null
2026-09-15 12:24:41.301 +05:00 [INF] CORS policy execution successful.
2026-09-15 12:24:41.303 +05:00 [INF] Request starting HTTP/1.1 GET http://10.1.40.52:5044/api/v1/notifications/unread-count - null null
2026-09-15 12:24:41.310 +05:00 [INF] CORS policy execution successful.
2026-09-15 12:24:41.316 +05:00 [INF] CORS policy execution successful.
2026-09-15 12:24:41.320 +05:00 [INF] CORS policy execution successful.
2026-09-15 12:24:41.338 +05:00 [INF] Executing endpoint 'HTTP: GET /api/v1/oracle/suppliers/my'
2026-09-15 12:24:41.339 +05:00 [INF] CORS policy execution successful.
2026-09-15 12:24:41.345 +05:00 [INF] CORS policy execution successful.
2026-09-15 12:24:41.347 +05:00 [INF] Executing endpoint 'HTTP: GET /api/v1/oracle/po-grns/my'
2026-09-15 12:24:41.348 +05:00 [INF] HTTP OPTIONS /api/v1/invoices/my responded 204 in 32.8864 ms
2026-09-15 12:24:41.349 +05:00 [INF] Executing endpoint 'HTTP: GET /api/v1/oracle/invoices/my'
2026-09-15 12:24:41.350 +05:00 [INF] HTTP OPTIONS /api/v1/notifications/unread-count responded 204 in 29.4320 ms
2026-09-15 12:24:41.354 +05:00 [INF] Executing endpoint 'HTTP: GET /api/v1/invoices/my'
2026-09-15 12:24:41.356 +05:00 [INF] Executing endpoint 'HTTP: GET /api/v1/notifications/unread-count'
2026-09-15 12:24:41.361 +05:00 [INF] Request finished HTTP/1.1 OPTIONS http://10.1.40.52:5044/api/v1/invoices/my - 204 null null 78.8102ms
2026-09-15 12:24:41.366 +05:00 [INF] Request finished HTTP/1.1 OPTIONS http://10.1.40.52:5044/api/v1/notifications/unread-count - 204 null null 78.433ms
2026-09-15 12:24:41.376 +05:00 [INF] Executed DbCommand (11ms) [Parameters=[@__UserId_0='?' (DbType = Guid)], CommandType='"Text"', CommandTimeout='30']
SELECT v.vendor_id
FROM master.vendor_users AS v
WHERE v.user_id = @__UserId_0 AND v.is_active
LIMIT 1
2026-09-15 12:24:41.383 +05:00 [INF] Executed DbCommand (19ms) [Parameters=[@__UserId_0='?' (DbType = Guid)], CommandType='"Text"', CommandTimeout='30']
SELECT v.vendor_id
FROM master.vendor_users AS v
WHERE v.user_id = @__UserId_0 AND v.is_active
LIMIT 1
2026-09-15 12:24:41.418 +05:00 [INF] Executed DbCommand (17ms) [Parameters=[@__portalVendorId_Value_0='?' (DbType = Guid)], CommandType='"Text"', CommandTimeout='30']
SELECT v.oracle_vendor_id
FROM master.vendors AS v
WHERE v.id = @__portalVendorId_Value_0
LIMIT 1
2026-09-15 12:24:41.418 +05:00 [INF] Executed DbCommand (17ms) [Parameters=[@__portalVendorId_Value_0='?' (DbType = Guid)], CommandType='"Text"', CommandTimeout='30']
SELECT v.oracle_vendor_id
FROM master.vendors AS v
WHERE v.id = @__portalVendorId_Value_0
LIMIT 1
2026-09-15 12:24:41.479 +05:00 [INF] Executed DbCommand (12ms) [Parameters=[@__UserId_0='?' (DbType = Guid)], CommandType='"Text"', CommandTimeout='30']
SELECT DISTINCT p.code
FROM security.user_roles AS u
INNER JOIN security.role_permissions AS r ON u.role_id = r.role_id
INNER JOIN security.permissions AS p ON r.permission_id = p.id
WHERE u.user_id = @__UserId_0
2026-09-15 12:24:41.494 +05:00 [INF] Executed DbCommand (15ms) [Parameters=[@__UserId_0='?' (DbType = Guid)], CommandType='"Text"', CommandTimeout='30']
SELECT v.vendor_id
FROM master.vendor_users AS v
WHERE v.user_id = @__UserId_0 AND v.is_active
LIMIT 1
2026-09-15 12:24:41.506 +05:00 [INF] Setting HTTP status code 200.
2026-09-15 12:24:41.514 +05:00 [INF] Executed DbCommand (12ms) [Parameters=[@__UserId_0='?' (DbType = Guid)], CommandType='"Text"', CommandTimeout='30']
SELECT u.user_id, u.permission_id, u.is_allowed
FROM security.user_permission_overrides AS u
WHERE u.user_id = @__UserId_0
2026-09-15 12:24:41.514 +05:00 [INF] Executed DbCommand (12ms) [Parameters=[@__portalVendorId_Value_0='?' (DbType = Guid)], CommandType='"Text"', CommandTimeout='30']
SELECT v.oracle_vendor_id
FROM master.vendors AS v
WHERE v.id = @__portalVendorId_Value_0
LIMIT 1
2026-09-15 12:24:41.517 +05:00 [INF] Writing value of type '<>f__AnonymousType72`1' as Json.
2026-09-15 12:24:41.530 +05:00 [INF] Executed DbCommand (9ms) [Parameters=[@__UserId_0='?' (DbType = Guid)], CommandType='"Text"', CommandTimeout='30']
SELECT v.vendor_id
FROM master.vendor_users AS v
WHERE v.user_id = @__UserId_0 AND v.is_active
LIMIT 1
2026-09-15 12:24:41.531 +05:00 [INF] Setting HTTP status code 200.
2026-09-15 12:24:41.532 +05:00 [INF] Executed endpoint 'HTTP: GET /api/v1/notifications/unread-count'
2026-09-15 12:24:41.540 +05:00 [INF] Request starting HTTP/1.1 GET http://10.1.40.52:5044/api/v1/notifications/unread-count - null null
2026-09-15 12:24:41.543 +05:00 [INF] HTTP GET /api/v1/notifications/unread-count responded 200 in 197.3104 ms
2026-09-15 12:24:41.547 +05:00 [INF] CORS policy execution successful.
2026-09-15 12:24:41.551 +05:00 [INF] Request finished HTTP/1.1 GET http://10.1.40.52:5044/api/v1/notifications/unread-count - 200 null application/json; charset=utf-8 247.6388ms
2026-09-15 12:24:41.553 +05:00 [INF] Setting HTTP status code 200.
2026-09-15 12:24:41.553 +05:00 [INF] Executing endpoint 'HTTP: GET /api/v1/notifications/unread-count'
2026-09-15 12:24:41.559 +05:00 [INF] Writing value of type 'List`1' as Json.
2026-09-15 12:24:41.559 +05:00 [INF] Writing value of type 'OracleSupplierDto' as Json.
2026-09-15 12:24:41.566 +05:00 [INF] Executed DbCommand (13ms) [Parameters=[@__vendorId_0='?' (DbType = Guid)], CommandType='"Text"', CommandTimeout='30']
SELECT i.id AS "Id", i.invoice_number AS "InvoiceNumber", i.invoice_date AS "InvoiceDate", i.invoice_amount AS "InvoiceAmount", i.status AS "Status", i.integration_status AS "IntegrationStatus", i.submission_date AS "SubmissionDate", i.updated_at AS "UpdatedAt", i.po_number AS "PoNumber", i.grn_numbers AS "GrnNumbers", i.invoice_type AS "InvoiceType", i.remarks AS "Remarks"
FROM invoice.invoices AS i
WHERE i.vendor_id = @__vendorId_0 AND i.deleted_at IS NULL
ORDER BY i.updated_at DESC
2026-09-15 12:24:41.567 +05:00 [INF] Executed endpoint 'HTTP: GET /api/v1/oracle/suppliers/my'
2026-09-15 12:24:41.569 +05:00 [INF] Setting HTTP status code 200.
2026-09-15 12:24:41.570 +05:00 [INF] Request starting HTTP/1.1 GET http://10.1.40.52:5044/api/v1/oracle/suppliers/my - null null
2026-09-15 12:24:41.571 +05:00 [INF] Setting HTTP status code 200.
2026-09-15 12:24:41.571 +05:00 [INF] HTTP GET /api/v1/oracle/suppliers/my responded 200 in 319.2322 ms
2026-09-15 12:24:41.573 +05:00 [INF] Executed endpoint 'HTTP: GET /api/v1/oracle/po-grns/my'
2026-09-15 12:24:41.573 +05:00 [INF] Writing value of type '<>f__AnonymousType72`1' as Json.
2026-09-15 12:24:41.576 +05:00 [INF] CORS policy execution successful.
2026-09-15 12:24:41.580 +05:00 [INF] Request finished HTTP/1.1 GET http://10.1.40.52:5044/api/v1/oracle/suppliers/my - 200 null application/json; charset=utf-8 343.1702ms
2026-09-15 12:24:41.581 +05:00 [INF] HTTP GET /api/v1/oracle/po-grns/my responded 200 in 280.8892 ms
2026-09-15 12:24:41.582 +05:00 [INF] Executed endpoint 'HTTP: GET /api/v1/notifications/unread-count'
2026-09-15 12:24:41.583 +05:00 [INF] Executing endpoint 'HTTP: GET /api/v1/oracle/suppliers/my'
2026-09-15 12:24:41.588 +05:00 [INF] Request starting HTTP/1.1 GET http://10.1.40.52:5044/api/v1/oracle/po-grns/my - null null
2026-09-15 12:24:41.590 +05:00 [INF] Writing value of type 'SelectListIterator`2' as Json.
2026-09-15 12:24:41.590 +05:00 [INF] Request finished HTTP/1.1 GET http://10.1.40.52:5044/api/v1/oracle/po-grns/my - 200 null application/json; charset=utf-8 315.3264ms
2026-09-15 12:24:41.592 +05:00 [INF] HTTP GET /api/v1/notifications/unread-count responded 200 in 44.2331 ms
2026-09-15 12:24:41.597 +05:00 [INF] CORS policy execution successful.
2026-09-15 12:24:41.602 +05:00 [INF] Executed DbCommand (8ms) [Parameters=[@__UserId_0='?' (DbType = Guid)], CommandType='"Text"', CommandTimeout='30']
SELECT v.vendor_id
FROM master.vendor_users AS v
WHERE v.user_id = @__UserId_0 AND v.is_active
LIMIT 1
2026-09-15 12:24:41.606 +05:00 [INF] Request finished HTTP/1.1 GET http://10.1.40.52:5044/api/v1/notifications/unread-count - 200 null application/json; charset=utf-8 66.1701ms
2026-09-15 12:24:41.608 +05:00 [INF] Executing endpoint 'HTTP: GET /api/v1/oracle/po-grns/my'
2026-09-15 12:24:41.615 +05:00 [INF] Executed endpoint 'HTTP: GET /api/v1/invoices/my'
2026-09-15 12:24:41.619 +05:00 [INF] Request starting HTTP/1.1 GET http://10.1.40.52:5044/api/v1/invoices/my - null null
2026-09-15 12:24:41.620 +05:00 [INF] Executed DbCommand (9ms) [Parameters=[@__portalVendorId_Value_0='?' (DbType = Guid)], CommandType='"Text"', CommandTimeout='30']
SELECT v.oracle_vendor_id
FROM master.vendors AS v
WHERE v.id = @__portalVendorId_Value_0
LIMIT 1
2026-09-15 12:24:41.621 +05:00 [INF] HTTP GET /api/v1/invoices/my responded 200 in 281.8491 ms
2026-09-15 12:24:41.626 +05:00 [INF] CORS policy execution successful.
2026-09-15 12:24:41.635 +05:00 [INF] Executed DbCommand (14ms) [Parameters=[@__UserId_0='?' (DbType = Guid)], CommandType='"Text"', CommandTimeout='30']
SELECT v.vendor_id
FROM master.vendor_users AS v
WHERE v.user_id = @__UserId_0 AND v.is_active
LIMIT 1
2026-09-15 12:24:41.683 +05:00 [INF] Setting HTTP status code 200.
2026-09-15 12:24:41.683 +05:00 [INF] Request finished HTTP/1.1 GET http://10.1.40.52:5044/api/v1/invoices/my - 200 null application/json; charset=utf-8 384.885ms
2026-09-15 12:24:41.691 +05:00 [INF] Executing endpoint 'HTTP: GET /api/v1/invoices/my'
2026-09-15 12:24:41.704 +05:00 [INF] Writing value of type 'OracleSupplierDto' as Json.
2026-09-15 12:24:41.726 +05:00 [INF] Executed endpoint 'HTTP: GET /api/v1/oracle/suppliers/my'
2026-09-15 12:24:41.717 +05:00 [INF] Executed DbCommand (17ms) [Parameters=[@__portalVendorId_Value_0='?' (DbType = Guid)], CommandType='"Text"', CommandTimeout='30']
SELECT v.oracle_vendor_id
FROM master.vendors AS v
WHERE v.id = @__portalVendorId_Value_0
LIMIT 1
2026-09-15 12:24:41.731 +05:00 [INF] Executed DbCommand (11ms) [Parameters=[@__UserId_0='?' (DbType = Guid)], CommandType='"Text"', CommandTimeout='30']
SELECT DISTINCT p.code
FROM security.user_roles AS u
INNER JOIN security.role_permissions AS r ON u.role_id = r.role_id
INNER JOIN security.permissions AS p ON r.permission_id = p.id
WHERE u.user_id = @__UserId_0
2026-09-15 12:24:41.734 +05:00 [INF] HTTP GET /api/v1/oracle/suppliers/my responded 200 in 157.7561 ms
2026-09-15 12:24:41.751 +05:00 [INF] Request finished HTTP/1.1 GET http://10.1.40.52:5044/api/v1/oracle/suppliers/my - 200 null application/json; charset=utf-8 181.0588ms
2026-09-15 12:24:41.760 +05:00 [INF] Executed DbCommand (13ms) [Parameters=[@__UserId_0='?' (DbType = Guid)], CommandType='"Text"', CommandTimeout='30']
SELECT u.user_id, u.permission_id, u.is_allowed
FROM security.user_permission_overrides AS u
WHERE u.user_id = @__UserId_0
2026-09-15 12:24:41.774 +05:00 [INF] Executed DbCommand (6ms) [Parameters=[@__UserId_0='?' (DbType = Guid)], CommandType='"Text"', CommandTimeout='30']
SELECT v.vendor_id
FROM master.vendor_users AS v
WHERE v.user_id = @__UserId_0 AND v.is_active
LIMIT 1
2026-09-15 12:24:41.792 +05:00 [INF] Executed DbCommand (11ms) [Parameters=[@__vendorId_0='?' (DbType = Guid)], CommandType='"Text"', CommandTimeout='30']
SELECT i.id AS "Id", i.invoice_number AS "InvoiceNumber", i.invoice_date AS "InvoiceDate", i.invoice_amount AS "InvoiceAmount", i.status AS "Status", i.integration_status AS "IntegrationStatus", i.submission_date AS "SubmissionDate", i.updated_at AS "UpdatedAt", i.po_number AS "PoNumber", i.grn_numbers AS "GrnNumbers", i.invoice_type AS "InvoiceType", i.remarks AS "Remarks"
FROM invoice.invoices AS i
WHERE i.vendor_id = @__vendorId_0 AND i.deleted_at IS NULL
ORDER BY i.updated_at DESC
2026-09-15 12:24:41.798 +05:00 [INF] Setting HTTP status code 200.
2026-09-15 12:24:41.801 +05:00 [INF] Writing value of type 'SelectListIterator`2' as Json.
2026-09-15 12:24:41.805 +05:00 [INF] Executed endpoint 'HTTP: GET /api/v1/invoices/my'
2026-09-15 12:24:41.808 +05:00 [INF] HTTP GET /api/v1/invoices/my responded 200 in 182.4731 ms
2026-09-15 12:24:41.813 +05:00 [INF] Request finished HTTP/1.1 GET http://10.1.40.52:5044/api/v1/invoices/my - 200 null application/json; charset=utf-8 193.6777ms
2026-09-15 12:24:41.872 +05:00 [INF] Setting HTTP status code 200.
2026-09-15 12:24:41.874 +05:00 [INF] Writing value of type 'List`1' as Json.
2026-09-15 12:24:41.877 +05:00 [INF] Executed endpoint 'HTTP: GET /api/v1/oracle/po-grns/my'
2026-09-15 12:24:41.896 +05:00 [INF] HTTP GET /api/v1/oracle/po-grns/my responded 200 in 299.7268 ms
2026-09-15 12:24:41.900 +05:00 [INF] Request finished HTTP/1.1 GET http://10.1.40.52:5044/api/v1/oracle/po-grns/my - 200 null application/json; charset=utf-8 312.3502ms
2026-09-15 12:24:42.753 +05:00 [INF] Setting HTTP status code 200.
2026-09-15 12:24:42.758 +05:00 [INF] Writing value of type 'List`1' as Json.
2026-09-15 12:24:42.766 +05:00 [INF] Request starting HTTP/1.1 GET http://10.1.40.52:5044/api/v1/oracle/invoices/my - null null
2026-09-15 12:24:42.771 +05:00 [INF] CORS policy execution successful.
2026-09-15 12:24:42.773 +05:00 [INF] Executed endpoint 'HTTP: GET /api/v1/oracle/invoices/my'
2026-09-15 12:24:42.773 +05:00 [INF] Executing endpoint 'HTTP: GET /api/v1/oracle/invoices/my'
2026-09-15 12:24:42.774 +05:00 [INF] HTTP GET /api/v1/oracle/invoices/my responded 200 in 1464.1220 ms
2026-09-15 12:24:42.778 +05:00 [INF] Request finished HTTP/1.1 GET http://10.1.40.52:5044/api/v1/oracle/invoices/my - 200 null application/json; charset=utf-8 1500.1611ms
2026-09-15 12:24:42.785 +05:00 [INF] Executed DbCommand (8ms) [Parameters=[@__UserId_0='?' (DbType = Guid)], CommandType='"Text"', CommandTimeout='30']
SELECT v.vendor_id
FROM master.vendor_users AS v
WHERE v.user_id = @__UserId_0 AND v.is_active
LIMIT 1
2026-09-15 12:24:42.794 +05:00 [INF] Executed DbCommand (5ms) [Parameters=[@__portalVendorId_Value_0='?' (DbType = Guid)], CommandType='"Text"', CommandTimeout='30']
SELECT v.oracle_vendor_id
FROM master.vendors AS v
WHERE v.id = @__portalVendorId_Value_0
LIMIT 1
2026-09-15 12:24:43.507 +05:00 [INF] Setting HTTP status code 200.
2026-09-15 12:24:43.511 +05:00 [INF] Writing value of type 'List`1' as Json.
2026-09-15 12:24:43.528 +05:00 [INF] Executed endpoint 'HTTP: GET /api/v1/oracle/invoices/my'
2026-09-15 12:24:43.531 +05:00 [INF] HTTP GET /api/v1/oracle/invoices/my responded 200 in 759.8206 ms
2026-09-15 12:24:43.536 +05:00 [INF] Request finished HTTP/1.1 GET http://10.1.40.52:5044/api/v1/oracle/invoices/my - 200 null application/json; charset=utf-8 769.4678ms
2026-09-15 12:24:44.493 +05:00 [INF] Request starting HTTP/1.1 GET http://10.1.40.52:5044/api/v1/invoices/my - null null
2026-09-15 12:24:44.508 +05:00 [INF] CORS policy execution successful.
2026-09-15 12:24:44.513 +05:00 [INF] Executing endpoint 'HTTP: GET /api/v1/invoices/my'
2026-09-15 12:24:44.531 +05:00 [INF] Executed DbCommand (10ms) [Parameters=[@__UserId_0='?' (DbType = Guid)], CommandType='"Text"', CommandTimeout='30']
SELECT DISTINCT p.code
FROM security.user_roles AS u
INNER JOIN security.role_permissions AS r ON u.role_id = r.role_id
INNER JOIN security.permissions AS p ON r.permission_id = p.id
WHERE u.user_id = @__UserId_0
2026-09-15 12:24:44.556 +05:00 [INF] Executed DbCommand (17ms) [Parameters=[@__UserId_0='?' (DbType = Guid)], CommandType='"Text"', CommandTimeout='30']
SELECT u.user_id, u.permission_id, u.is_allowed
FROM security.user_permission_overrides AS u
WHERE u.user_id = @__UserId_0
2026-09-15 12:24:44.573 +05:00 [INF] Executed DbCommand (11ms) [Parameters=[@__UserId_0='?' (DbType = Guid)], CommandType='"Text"', CommandTimeout='30']
SELECT v.vendor_id
FROM master.vendor_users AS v
WHERE v.user_id = @__UserId_0 AND v.is_active
LIMIT 1
2026-09-15 12:24:44.591 +05:00 [INF] Executed DbCommand (10ms) [Parameters=[@__vendorId_0='?' (DbType = Guid)], CommandType='"Text"', CommandTimeout='30']
SELECT i.id AS "Id", i.invoice_number AS "InvoiceNumber", i.invoice_date AS "InvoiceDate", i.invoice_amount AS "InvoiceAmount", i.status AS "Status", i.integration_status AS "IntegrationStatus", i.submission_date AS "SubmissionDate", i.updated_at AS "UpdatedAt", i.po_number AS "PoNumber", i.grn_numbers AS "GrnNumbers", i.invoice_type AS "InvoiceType", i.remarks AS "Remarks"
FROM invoice.invoices AS i
WHERE i.vendor_id = @__vendorId_0 AND i.deleted_at IS NULL
ORDER BY i.updated_at DESC
2026-09-15 12:24:44.598 +05:00 [INF] Setting HTTP status code 200.
2026-09-15 12:24:44.602 +05:00 [INF] Writing value of type 'SelectListIterator`2' as Json.
2026-09-15 12:24:44.607 +05:00 [INF] Executed endpoint 'HTTP: GET /api/v1/invoices/my'
2026-09-15 12:24:44.610 +05:00 [INF] Request starting HTTP/1.1 GET http://10.1.40.52:5044/api/v1/invoices/my - null null
2026-09-15 12:24:44.611 +05:00 [INF] HTTP GET /api/v1/invoices/my responded 200 in 105.1817 ms
2026-09-15 12:24:44.620 +05:00 [INF] CORS policy execution successful.
2026-09-15 12:24:44.627 +05:00 [INF] Request finished HTTP/1.1 GET http://10.1.40.52:5044/api/v1/invoices/my - 200 null application/json; charset=utf-8 133.0483ms
2026-09-15 12:24:44.631 +05:00 [INF] Executing endpoint 'HTTP: GET /api/v1/invoices/my'
2026-09-15 12:24:44.658 +05:00 [INF] Executed DbCommand (9ms) [Parameters=[@__UserId_0='?' (DbType = Guid)], CommandType='"Text"', CommandTimeout='30']
SELECT DISTINCT p.code
FROM security.user_roles AS u
INNER JOIN security.role_permissions AS r ON u.role_id = r.role_id
INNER JOIN security.permissions AS p ON r.permission_id = p.id
WHERE u.user_id = @__UserId_0
2026-09-15 12:24:44.678 +05:00 [INF] Executed DbCommand (8ms) [Parameters=[@__UserId_0='?' (DbType = Guid)], CommandType='"Text"', CommandTimeout='30']
SELECT u.user_id, u.permission_id, u.is_allowed
FROM security.user_permission_overrides AS u
WHERE u.user_id = @__UserId_0
2026-09-15 12:24:44.697 +05:00 [INF] Executed DbCommand (10ms) [Parameters=[@__UserId_0='?' (DbType = Guid)], CommandType='"Text"', CommandTimeout='30']
SELECT v.vendor_id
FROM master.vendor_users AS v
WHERE v.user_id = @__UserId_0 AND v.is_active
LIMIT 1
2026-09-15 12:24:44.717 +05:00 [INF] Executed DbCommand (9ms) [Parameters=[@__vendorId_0='?' (DbType = Guid)], CommandType='"Text"', CommandTimeout='30']
SELECT i.id AS "Id", i.invoice_number AS "InvoiceNumber", i.invoice_date AS "InvoiceDate", i.invoice_amount AS "InvoiceAmount", i.status AS "Status", i.integration_status AS "IntegrationStatus", i.submission_date AS "SubmissionDate", i.updated_at AS "UpdatedAt", i.po_number AS "PoNumber", i.grn_numbers AS "GrnNumbers", i.invoice_type AS "InvoiceType", i.remarks AS "Remarks"
FROM invoice.invoices AS i
WHERE i.vendor_id = @__vendorId_0 AND i.deleted_at IS NULL
ORDER BY i.updated_at DESC
2026-09-15 12:24:44.727 +05:00 [INF] Setting HTTP status code 200.
2026-09-15 12:24:44.731 +05:00 [INF] Writing value of type 'SelectListIterator`2' as Json.
2026-09-15 12:24:44.735 +05:00 [INF] Executed endpoint 'HTTP: GET /api/v1/invoices/my'
2026-09-15 12:24:44.742 +05:00 [INF] HTTP GET /api/v1/invoices/my responded 200 in 121.9305 ms
2026-09-15 12:24:44.748 +05:00 [INF] Request finished HTTP/1.1 GET http://10.1.40.52:5044/api/v1/invoices/my - 200 null application/json; charset=utf-8 138.8763ms
2026-09-15 12:24:47.416 +05:00 [INF] Request starting HTTP/1.1 OPTIONS http://10.1.40.52:5044/api/v1/invoices/6e342247-014b-4913-a694-cbf933e656cd/issue - null null
2026-09-15 12:24:47.419 +05:00 [INF] CORS policy execution successful.
2026-09-15 12:24:47.420 +05:00 [INF] HTTP OPTIONS /api/v1/invoices/6e342247-014b-4913-a694-cbf933e656cd/issue responded 204 in 1.3175 ms
2026-09-15 12:24:47.423 +05:00 [INF] Request finished HTTP/1.1 OPTIONS http://10.1.40.52:5044/api/v1/invoices/6e342247-014b-4913-a694-cbf933e656cd/issue - 204 null null 7.0158ms
2026-09-15 12:24:47.425 +05:00 [INF] Request starting HTTP/1.1 GET http://10.1.40.52:5044/api/v1/invoices/6e342247-014b-4913-a694-cbf933e656cd/issue - null null
2026-09-15 12:24:47.431 +05:00 [INF] CORS policy execution successful.
2026-09-15 12:24:47.433 +05:00 [INF] Executing endpoint 'HTTP: GET /api/v1/invoices/{id:guid}/issue'
2026-09-15 12:24:47.447 +05:00 [INF] Executed DbCommand (8ms) [Parameters=[@__UserId_0='?' (DbType = Guid)], CommandType='"Text"', CommandTimeout='30']
SELECT v.vendor_id
FROM master.vendor_users AS v
WHERE v.user_id = @__UserId_0 AND v.is_active
LIMIT 1
2026-09-15 12:24:47.477 +05:00 [INF] Executed DbCommand (18ms) [Parameters=[@__8__locals1_id_0='?' (DbType = Guid), @__vendorId_1='?' (DbType = Guid)], CommandType='"Text"', CommandTimeout='30']
SELECT i.id, i.created_at, i.created_by, i.currency_code, i.deleted_at, i.grn_numbers, i.integration_status, i.invoice_amount, i.invoice_date, i.invoice_number, i.invoice_type, i.oracle_invoice_id, i.pk_id, i.po_number, i.remarks, i.status, i.submission_date, i.updated_at, i.vendor_id
FROM invoice.invoices AS i
WHERE i.id = @__8__locals1_id_0 AND i.deleted_at IS NULL AND i.vendor_id = @__vendorId_1
LIMIT 1
2026-09-15 12:24:47.492 +05:00 [INF] Setting HTTP status code 200.
2026-09-15 12:24:47.504 +05:00 [INF] Writing value of type '<>f__AnonymousType67`6' as Json.
2026-09-15 12:24:47.510 +05:00 [INF] Executed endpoint 'HTTP: GET /api/v1/invoices/{id:guid}/issue'
2026-09-15 12:24:47.513 +05:00 [INF] HTTP GET /api/v1/invoices/6e342247-014b-4913-a694-cbf933e656cd/issue responded 200 in 82.3351 ms
2026-09-15 12:24:47.518 +05:00 [INF] Request finished HTTP/1.1 GET http://10.1.40.52:5044/api/v1/invoices/6e342247-014b-4913-a694-cbf933e656cd/issue - 200 null application/json; charset=utf-8 93.2821ms
2026-09-15 12:24:47.553 +05:00 [INF] Request starting HTTP/1.1 OPTIONS http://10.1.40.52:5044/api/v1/oracle/po-grns/my - null null
2026-09-15 12:24:47.553 +05:00 [INF] Request starting HTTP/1.1 OPTIONS http://10.1.40.52:5044/api/v1/invoices/6e342247-014b-4913-a694-cbf933e656cd - null null
2026-09-15 12:24:47.556 +05:00 [INF] Request starting HTTP/1.1 OPTIONS http://10.1.40.52:5044/api/v1/oracle/po-grns/my - null null
2026-09-15 12:24:47.557 +05:00 [INF] Request starting HTTP/1.1 OPTIONS http://10.1.40.52:5044/api/v1/invoices/6e342247-014b-4913-a694-cbf933e656cd - null null
2026-09-15 12:24:47.560 +05:00 [INF] CORS policy execution successful.
2026-09-15 12:24:47.564 +05:00 [INF] CORS policy execution successful.
2026-09-15 12:24:47.568 +05:00 [INF] CORS policy execution successful.
2026-09-15 12:24:47.572 +05:00 [INF] CORS policy execution successful.
2026-09-15 12:24:47.573 +05:00 [INF] HTTP OPTIONS /api/v1/oracle/po-grns/my responded 204 in 13.4100 ms
2026-09-15 12:24:47.575 +05:00 [INF] HTTP OPTIONS /api/v1/invoices/6e342247-014b-4913-a694-cbf933e656cd responded 204 in 11.2179 ms
2026-09-15 12:24:47.576 +05:00 [INF] HTTP OPTIONS /api/v1/oracle/po-grns/my responded 204 in 8.7644 ms
2026-09-15 12:24:47.578 +05:00 [INF] HTTP OPTIONS /api/v1/invoices/6e342247-014b-4913-a694-cbf933e656cd responded 204 in 5.9905 ms
2026-09-15 12:24:47.580 +05:00 [INF] Request finished HTTP/1.1 OPTIONS http://10.1.40.52:5044/api/v1/oracle/po-grns/my - 204 null null 27.7347ms
2026-09-15 12:24:47.583 +05:00 [INF] Request starting HTTP/1.1 GET http://10.1.40.52:5044/api/v1/oracle/po-grns/my - null null
2026-09-15 12:24:47.583 +05:00 [INF] Request finished HTTP/1.1 OPTIONS http://10.1.40.52:5044/api/v1/invoices/6e342247-014b-4913-a694-cbf933e656cd - 204 null null 30.1677ms
2026-09-15 12:24:47.587 +05:00 [INF] Request starting HTTP/1.1 GET http://10.1.40.52:5044/api/v1/invoices/6e342247-014b-4913-a694-cbf933e656cd - null null
2026-09-15 12:24:47.587 +05:00 [INF] Request finished HTTP/1.1 OPTIONS http://10.1.40.52:5044/api/v1/oracle/po-grns/my - 204 null null 31.1195ms
2026-09-15 12:24:47.590 +05:00 [INF] Request finished HTTP/1.1 OPTIONS http://10.1.40.52:5044/api/v1/invoices/6e342247-014b-4913-a694-cbf933e656cd - 204 null null 32.8184ms
2026-09-15 12:24:47.599 +05:00 [INF] CORS policy execution successful.
2026-09-15 12:24:47.609 +05:00 [INF] CORS policy execution successful.
2026-09-15 12:24:47.621 +05:00 [INF] Executing endpoint 'HTTP: GET /api/v1/oracle/po-grns/my'
2026-09-15 12:24:47.623 +05:00 [INF] Executing endpoint 'HTTP: GET /api/v1/invoices/{id:guid}'
2026-09-15 12:24:47.634 +05:00 [INF] Executed DbCommand (9ms) [Parameters=[@__UserId_0='?' (DbType = Guid)], CommandType='"Text"', CommandTimeout='30']
SELECT v.vendor_id
FROM master.vendor_users AS v
WHERE v.user_id = @__UserId_0 AND v.is_active
LIMIT 1
2026-09-15 12:24:47.639 +05:00 [INF] Executed DbCommand (8ms) [Parameters=[@__UserId_0='?' (DbType = Guid)], CommandType='"Text"', CommandTimeout='30']
SELECT v.vendor_id
FROM master.vendor_users AS v
WHERE v.user_id = @__UserId_0 AND v.is_active
LIMIT 1
2026-09-15 12:24:47.646 +05:00 [INF] Executed DbCommand (6ms) [Parameters=[@__portalVendorId_Value_0='?' (DbType = Guid)], CommandType='"Text"', CommandTimeout='30']
SELECT v.oracle_vendor_id
FROM master.vendors AS v
WHERE v.id = @__portalVendorId_Value_0
LIMIT 1
2026-09-15 12:24:47.660 +05:00 [INF] Executed DbCommand (4ms) [Parameters=[@__id_0='?' (DbType = Guid), @__vendorId_1='?' (DbType = Guid)], CommandType='"Text"', CommandTimeout='30']
SELECT i.id, i.created_at, i.created_by, i.currency_code, i.deleted_at, i.grn_numbers, i.integration_status, i.invoice_amount, i.invoice_date, i.invoice_number, i.invoice_type, i.oracle_invoice_id, i.pk_id, i.po_number, i.remarks, i.status, i.submission_date, i.updated_at, i.vendor_id
FROM invoice.invoices AS i
WHERE i.id = @__id_0 AND i.deleted_at IS NULL AND i.vendor_id = @__vendorId_1
LIMIT 1
2026-09-15 12:24:47.701 +05:00 [INF] Executed DbCommand (18ms) [Parameters=[@__invoice_Id_0='?' (DbType = Guid)], CommandType='"Text"', CommandTimeout='30']
SELECT i.rcv_transaction_id
FROM invoice.invoice_line_grn_allocations AS i
WHERE i.invoice_id = @__invoice_Id_0
2026-09-15 12:24:47.718 +05:00 [INF] Setting HTTP status code 200.
2026-09-15 12:24:47.722 +05:00 [INF] Writing value of type 'List`1' as Json.
2026-09-15 12:24:47.726 +05:00 [INF] Executed endpoint 'HTTP: GET /api/v1/oracle/po-grns/my'
2026-09-15 12:24:47.729 +05:00 [INF] Executed DbCommand (11ms) [Parameters=[@__invoice_Id_0='?' (DbType = Guid)], CommandType='"Text"', CommandTimeout='30']
SELECT d.id AS "Id", d.document_type AS "DocumentType", d.original_file_name AS "OriginalFileName", d.content_type AS "ContentType", d.file_size AS "FileSize"
FROM invoice.documents AS d
WHERE d.invoice_id = @__invoice_Id_0
ORDER BY d.uploaded_at
2026-09-15 12:24:47.730 +05:00 [INF] HTTP GET /api/v1/oracle/po-grns/my responded 200 in 131.0980 ms
2026-09-15 12:24:47.731 +05:00 [INF] Request starting HTTP/1.1 GET http://10.1.40.52:5044/api/v1/oracle/po-grns/my - null null
2026-09-15 12:24:47.735 +05:00 [INF] Setting HTTP status code 200.
2026-09-15 12:24:47.739 +05:00 [INF] Request finished HTTP/1.1 GET http://10.1.40.52:5044/api/v1/oracle/po-grns/my - 200 null application/json; charset=utf-8 155.7952ms
2026-09-15 12:24:47.744 +05:00 [INF] CORS policy execution successful.
2026-09-15 12:24:47.755 +05:00 [INF] Writing value of type '<>f__AnonymousType65`13' as Json.
2026-09-15 12:24:47.756 +05:00 [INF] Executing endpoint 'HTTP: GET /api/v1/oracle/po-grns/my'
2026-09-15 12:24:47.765 +05:00 [INF] Executed endpoint 'HTTP: GET /api/v1/invoices/{id:guid}'
2026-09-15 12:24:47.766 +05:00 [INF] Executed DbCommand (5ms) [Parameters=[@__UserId_0='?' (DbType = Guid)], CommandType='"Text"', CommandTimeout='30']
SELECT v.vendor_id
FROM master.vendor_users AS v
WHERE v.user_id = @__UserId_0 AND v.is_active
LIMIT 1
2026-09-15 12:24:47.767 +05:00 [INF] Request starting HTTP/1.1 GET http://10.1.40.52:5044/api/v1/invoices/6e342247-014b-4913-a694-cbf933e656cd - null null
2026-09-15 12:24:47.768 +05:00 [INF] HTTP GET /api/v1/invoices/6e342247-014b-4913-a694-cbf933e656cd responded 200 in 159.5133 ms
2026-09-15 12:24:47.778 +05:00 [INF] CORS policy execution successful.
2026-09-15 12:24:47.779 +05:00 [INF] Executed DbCommand (6ms) [Parameters=[@__portalVendorId_Value_0='?' (DbType = Guid)], CommandType='"Text"', CommandTimeout='30']
SELECT v.oracle_vendor_id
FROM master.vendors AS v
WHERE v.id = @__portalVendorId_Value_0
LIMIT 1
2026-09-15 12:24:47.781 +05:00 [INF] Request finished HTTP/1.1 GET http://10.1.40.52:5044/api/v1/invoices/6e342247-014b-4913-a694-cbf933e656cd - 200 null application/json; charset=utf-8 194.0249ms
2026-09-15 12:24:47.783 +05:00 [INF] Executing endpoint 'HTTP: GET /api/v1/invoices/{id:guid}'
2026-09-15 12:24:47.792 +05:00 [INF] Request starting HTTP/1.1 OPTIONS http://10.1.40.52:5044/api/v1/oracle/receipt-lines/my?poNumber=40741&grnNumbers=47626 - null null
2026-09-15 12:24:47.801 +05:00 [INF] CORS policy execution successful.
2026-09-15 12:24:47.801 +05:00 [INF] Executed DbCommand (4ms) [Parameters=[@__UserId_0='?' (DbType = Guid)], CommandType='"Text"', CommandTimeout='30']
SELECT v.vendor_id
FROM master.vendor_users AS v
WHERE v.user_id = @__UserId_0 AND v.is_active
LIMIT 1
2026-09-15 12:24:47.804 +05:00 [INF] HTTP OPTIONS /api/v1/oracle/receipt-lines/my responded 204 in 2.8354 ms
2026-09-15 12:24:47.815 +05:00 [INF] Request finished HTTP/1.1 OPTIONS http://10.1.40.52:5044/api/v1/oracle/receipt-lines/my?poNumber=40741&grnNumbers=47626 - 204 null null 23.5411ms
2026-09-15 12:24:47.817 +05:00 [INF] Executed DbCommand (6ms) [Parameters=[@__id_0='?' (DbType = Guid), @__vendorId_1='?' (DbType = Guid)], CommandType='"Text"', CommandTimeout='30']
SELECT i.id, i.created_at, i.created_by, i.currency_code, i.deleted_at, i.grn_numbers, i.integration_status, i.invoice_amount, i.invoice_date, i.invoice_number, i.invoice_type, i.oracle_invoice_id, i.pk_id, i.po_number, i.remarks, i.status, i.submission_date, i.updated_at, i.vendor_id
FROM invoice.invoices AS i
WHERE i.id = @__id_0 AND i.deleted_at IS NULL AND i.vendor_id = @__vendorId_1
LIMIT 1
2026-09-15 12:24:47.820 +05:00 [INF] Request starting HTTP/1.1 GET http://10.1.40.52:5044/api/v1/oracle/receipt-lines/my?poNumber=40741&grnNumbers=47626 - null null
2026-09-15 12:24:47.838 +05:00 [INF] CORS policy execution successful.
2026-09-15 12:24:47.840 +05:00 [INF] Executing endpoint 'HTTP: GET /api/v1/oracle/receipt-lines/my'
2026-09-15 12:24:47.841 +05:00 [INF] Executed DbCommand (10ms) [Parameters=[@__invoice_Id_0='?' (DbType = Guid)], CommandType='"Text"', CommandTimeout='30']
SELECT i.rcv_transaction_id
FROM invoice.invoice_line_grn_allocations AS i
WHERE i.invoice_id = @__invoice_Id_0
2026-09-15 12:24:47.856 +05:00 [INF] Executed DbCommand (7ms) [Parameters=[@__invoice_Id_0='?' (DbType = Guid)], CommandType='"Text"', CommandTimeout='30']
SELECT d.id AS "Id", d.document_type AS "DocumentType", d.original_file_name AS "OriginalFileName", d.content_type AS "ContentType", d.file_size AS "FileSize"
FROM invoice.documents AS d
WHERE d.invoice_id = @__invoice_Id_0
ORDER BY d.uploaded_at
2026-09-15 12:24:47.860 +05:00 [INF] Executed DbCommand (6ms) [Parameters=[@__UserId_0='?' (DbType = Guid)], CommandType='"Text"', CommandTimeout='30']
SELECT v.vendor_id
FROM master.vendor_users AS v
WHERE v.user_id = @__UserId_0 AND v.is_active
LIMIT 1
2026-09-15 12:24:47.861 +05:00 [INF] Setting HTTP status code 200.
2026-09-15 12:24:47.874 +05:00 [INF] Executed DbCommand (7ms) [Parameters=[@__portalVendorId_Value_0='?' (DbType = Guid)], CommandType='"Text"', CommandTimeout='30']
SELECT v.oracle_vendor_id
FROM master.vendors AS v
WHERE v.id = @__portalVendorId_Value_0
LIMIT 1
2026-09-15 12:24:47.877 +05:00 [INF] Writing value of type '<>f__AnonymousType65`13' as Json.
2026-09-15 12:24:47.890 +05:00 [INF] Resolving Oracle receipt lines. VendorId=412, PO=40741, GRNs=47626
2026-09-15 12:24:47.892 +05:00 [INF] Executed endpoint 'HTTP: GET /api/v1/invoices/{id:guid}'
2026-09-15 12:24:47.896 +05:00 [INF] Setting HTTP status code 200.
2026-09-15 12:24:47.899 +05:00 [INF] HTTP GET /api/v1/invoices/6e342247-014b-4913-a694-cbf933e656cd responded 200 in 121.4321 ms
2026-09-15 12:24:47.901 +05:00 [INF] Writing value of type 'List`1' as Json.
2026-09-15 12:24:47.905 +05:00 [INF] Request finished HTTP/1.1 GET http://10.1.40.52:5044/api/v1/invoices/6e342247-014b-4913-a694-cbf933e656cd - 200 null application/json; charset=utf-8 137.549ms
2026-09-15 12:24:47.908 +05:00 [INF] Executed endpoint 'HTTP: GET /api/v1/oracle/po-grns/my'
2026-09-15 12:24:47.920 +05:00 [INF] HTTP GET /api/v1/oracle/po-grns/my responded 200 in 176.2604 ms
2026-09-15 12:24:47.924 +05:00 [INF] Request finished HTTP/1.1 GET http://10.1.40.52:5044/api/v1/oracle/po-grns/my - 200 null application/json; charset=utf-8 193.381ms
2026-09-15 12:24:47.936 +05:00 [INF] Resolved 1 eligible Oracle receipt line(s). VendorId=412, PO=40741, GRNs=47626
2026-09-15 12:24:47.942 +05:00 [INF] Oracle receipt-line lookup successful. VendorId=412, PO=40741, Count=1
2026-09-15 12:24:47.946 +05:00 [INF] Setting HTTP status code 200.
2026-09-15 12:24:47.957 +05:00 [INF] Writing value of type 'List`1' as Json.
2026-09-15 12:24:47.971 +05:00 [INF] Executed endpoint 'HTTP: GET /api/v1/oracle/receipt-lines/my'
2026-09-15 12:24:47.974 +05:00 [INF] HTTP GET /api/v1/oracle/receipt-lines/my responded 200 in 135.9428 ms
2026-09-15 12:24:47.979 +05:00 [INF] Request finished HTTP/1.1 GET http://10.1.40.52:5044/api/v1/oracle/receipt-lines/my?poNumber=40741&grnNumbers=47626 - 200 null application/json; charset=utf-8 159.0176ms
2026-09-15 12:24:58.707 +05:00 [INF] Request starting HTTP/1.1 OPTIONS http://10.1.40.52:5044/api/v1/invoices/6e342247-014b-4913-a694-cbf933e656cd/resubmit - null null
2026-09-15 12:24:58.716 +05:00 [INF] CORS policy execution successful.
2026-09-15 12:24:58.719 +05:00 [INF] HTTP OPTIONS /api/v1/invoices/6e342247-014b-4913-a694-cbf933e656cd/resubmit responded 204 in 3.1503 ms
2026-09-15 12:24:58.725 +05:00 [INF] Request finished HTTP/1.1 OPTIONS http://10.1.40.52:5044/api/v1/invoices/6e342247-014b-4913-a694-cbf933e656cd/resubmit - 204 null null 18.0398ms
2026-09-15 12:24:58.727 +05:00 [INF] Request starting HTTP/1.1 POST http://10.1.40.52:5044/api/v1/invoices/6e342247-014b-4913-a694-cbf933e656cd/resubmit - multipart/form-data; boundary=----WebKitFormBoundaryCQYQZ98ieKAvgRXI 1005
2026-09-15 12:24:58.739 +05:00 [INF] CORS policy execution successful.
2026-09-15 12:24:58.741 +05:00 [INF] Executing endpoint 'HTTP: POST /api/v1/invoices/{id:guid}/resubmit'
2026-09-15 12:24:58.769 +05:00 [INF] Executed DbCommand (6ms) [Parameters=[@__UserId_0='?' (DbType = Guid)], CommandType='"Text"', CommandTimeout='30']
SELECT DISTINCT p.code
FROM security.user_roles AS u
INNER JOIN security.role_permissions AS r ON u.role_id = r.role_id
INNER JOIN security.permissions AS p ON r.permission_id = p.id
WHERE u.user_id = @__UserId_0
2026-09-15 12:24:58.783 +05:00 [INF] Executed DbCommand (8ms) [Parameters=[@__UserId_0='?' (DbType = Guid)], CommandType='"Text"', CommandTimeout='30']
SELECT u.user_id, u.permission_id, u.is_allowed
FROM security.user_permission_overrides AS u
WHERE u.user_id = @__UserId_0
2026-09-15 12:24:58.799 +05:00 [INF] Executed DbCommand (9ms) [Parameters=[@__UserId_0='?' (DbType = Guid)], CommandType='"Text"', CommandTimeout='30']
SELECT v.vendor_id
FROM master.vendor_users AS v
WHERE v.user_id = @__UserId_0 AND v.is_active
LIMIT 1
2026-09-15 12:24:58.920 +05:00 [INF] Executed DbCommand (108ms) [Parameters=[@__vendorId_0='?' (DbType = Guid)], CommandType='"Text"', CommandTimeout='30']
SELECT v.oracle_vendor_id
FROM master.vendors AS v
WHERE v.id = @__vendorId_0
LIMIT 1
2026-09-15 12:24:59.052 +05:00 [INF] Executed DbCommand (48ms) [Parameters=[@__vendorId_0='?' (DbType = Guid), @__ToLower_1='?', @__8__locals1_resubmitId_Value_2='?' (DbType = Guid)], CommandType='"Text"', CommandTimeout='30']
SELECT EXISTS (
    SELECT 1
    FROM invoice.invoices AS i
    WHERE i.vendor_id = @__vendorId_0 AND i.deleted_at IS NULL AND lower(i.invoice_number) = @__ToLower_1 AND i.id <> @__8__locals1_resubmitId_Value_2)
2026-09-15 12:24:59.207 +05:00 [INF] Executed DbCommand (131ms) [Parameters=[@__8__locals1_current_UserId_0='?' (DbType = Guid), @__operation_1='?', @__8__locals5_idempotencyKey_2='?'], CommandType='"Text"', CommandTimeout='30']
SELECT i.id, i.aggregate_id, i.created_at, i.expires_at, i.idempotency_key, i.operation, i.request_hash, i.response_status, i.user_id, i.vendor_id
FROM integration.idempotency_requests AS i
WHERE i.user_id = @__8__locals1_current_UserId_0 AND i.operation = @__operation_1 AND i.idempotency_key = @__8__locals5_idempotencyKey_2
LIMIT 1
2026-09-15 12:24:59.297 +05:00 [INF] Executed DbCommand (74ms) [Parameters=[@__8__locals1_resubmitId_Value_0='?' (DbType = Guid), @__vendorId_1='?' (DbType = Guid)], CommandType='"Text"', CommandTimeout='30']
SELECT i.id, i.created_at, i.created_by, i.currency_code, i.deleted_at, i.grn_numbers, i.integration_status, i.invoice_amount, i.invoice_date, i.invoice_number, i.invoice_type, i.oracle_invoice_id, i.pk_id, i.po_number, i.remarks, i.status, i.submission_date, i.updated_at, i.vendor_id
FROM invoice.invoices AS i
WHERE i.id = @__8__locals1_resubmitId_Value_0 AND i.vendor_id = @__vendorId_1 AND i.deleted_at IS NULL
LIMIT 1
2026-09-15 12:24:59.525 +05:00 [INF] Executed DbCommand (165ms) [Parameters=[@__invoice_Id_0='?' (DbType = Guid), @__removeDocumentIds_1='?' (DbType = Object)], CommandType='"Text"', CommandTimeout='30']
SELECT d.document_type
FROM invoice.documents AS d
WHERE d.invoice_id = @__invoice_Id_0 AND NOT (d.id = ANY (@__removeDocumentIds_1) AND d.id = ANY (@__removeDocumentIds_1) IS NOT NULL)
2026-09-15 12:24:59.603 +05:00 [INF] Executed DbCommand (8ms) [Parameters=[@p4='?' (DbType = Guid), @p0='?', @p1='?', @p2='?' (DbType = DateTime), @p3='?' (DbType = DateTime)], CommandType='"Text"', CommandTimeout='30']
UPDATE invoice.invoices SET integration_status = @p0, status = @p1, submission_date = @p2, updated_at = @p3
WHERE id = @p4;
2026-09-15 12:24:59.800 +05:00 [INF] Executed DbCommand (76ms) [Parameters=[@p0='?' (DbType = Int64)], CommandType='"Text"', CommandTimeout='30']
SELECT pg_advisory_xact_lock(@p0)
2026-09-15 12:24:59.962 +05:00 [INF] Executed DbCommand (120ms) [Parameters=[@__line_RcvTransactionId_0='?' (DbType = Int64), @__8__locals6_invoice_Id_1='?' (DbType = Guid)], CommandType='"Text"', CommandTimeout='30']
SELECT COALESCE(sum(i.allocated_quantity), 0.0)
FROM invoice.invoice_line_grn_allocations AS i
INNER JOIN (
    SELECT i0.id, i0.created_at, i0.created_by, i0.currency_code, i0.deleted_at, i0.grn_numbers, i0.integration_status, i0.invoice_amount, i0.invoice_date, i0.invoice_number, i0.invoice_type, i0.oracle_invoice_id, i0.pk_id, i0.po_number, i0.remarks, i0.status, i0.submission_date, i0.updated_at, i0.vendor_id
    FROM invoice.invoices AS i0
    WHERE i0.deleted_at IS NULL AND i0.status <> 'CANCELLED' AND i0.status <> 'INTEGRATION_FAILED'
) AS t ON i.invoice_id = t.id
WHERE i.rcv_transaction_id = @__line_RcvTransactionId_0 AND i.invoice_id <> @__8__locals6_invoice_Id_1
2026-09-15 12:24:59.987 +05:00 [INF] Executed DbCommand (10ms) [Parameters=[@__invoice_Id_0='?' (DbType = Guid)], CommandType='"Text"', CommandTimeout='30']
SELECT i.id, i.allocated_amount, i.allocated_quantity, i.available_quantity_at_submit, i.created_at, i.grn_number, i.invoice_id, i.match_option, i.po_header_id, i.po_line_id, i.po_line_location_id, i.po_line_number, i.po_number, i.rcv_transaction_id, i.received_quantity, i.unit_price, i.vendor_id
FROM invoice.invoice_line_grn_allocations AS i
WHERE i.invoice_id = @__invoice_Id_0
2026-09-15 12:25:00.348 +05:00 [INF] Executed DbCommand (137ms) [Parameters=[@p0='?' (DbType = Guid), @p1='?' (DbType = Guid), @p2='?' (DbType = DateTime), @p3='?' (DbType = DateTime), @p4='?', @p5='?', @p6='?', @p7='?' (DbType = Int32), @p8='?' (DbType = Guid), @p9='?' (DbType = Guid), @p10='?' (DbType = Guid), @p11='?' (DbType = DateTime), @p12='?' (DbType = Guid), @p13='?' (DbType = Guid), @p14='?' (DbType = Guid), @p15='?', @p16='?', @p17='?', @p18='?', @p19='?' (DbType = Guid), @p20='?' (DbType = Decimal), @p21='?' (DbType = Decimal), @p22='?' (DbType = Decimal), @p23='?' (DbType = DateTime), @p24='?', @p25='?' (DbType = Guid), @p26='?', @p27='?' (DbType = Int64), @p28='?' (DbType = Int64), @p29='?' (DbType = Int64), @p30='?' (DbType = Int32), @p31='?', @p32='?' (DbType = Int64), @p33='?' (DbType = Decimal), @p34='?' (DbType = Decimal), @p35='?' (DbType = Guid)], CommandType='"Text"', CommandTimeout='30']
INSERT INTO integration.idempotency_requests (id, aggregate_id, created_at, expires_at, idempotency_key, operation, request_hash, response_status, user_id, vendor_id)
VALUES (@p0, @p1, @p2, @p3, @p4, @p5, @p6, @p7, @p8, @p9);
DELETE FROM invoice.invoice_line_grn_allocations
WHERE id = @p10;
INSERT INTO invoice.invoice_status_history (changed_at, changed_by, correlation_id, invoice_id, new_status, old_status, remarks, source)
VALUES (@p11, @p12, @p13, @p14, @p15, @p16, @p17, @p18)
RETURNING id;
INSERT INTO invoice.invoice_line_grn_allocations (id, allocated_amount, allocated_quantity, available_quantity_at_submit, created_at, grn_number, invoice_id, match_option, po_header_id, po_line_id, po_line_location_id, po_line_number, po_number, rcv_transaction_id, received_quantity, unit_price, vendor_id)
VALUES (@p19, @p20, @p21, @p22, @p23, @p24, @p25, @p26, @p27, @p28, @p29, @p30, @p31, @p32, @p33, @p34, @p35);
2026-09-15 12:25:00.403 +05:00 [INF] Executed DbCommand (15ms) [Parameters=[@p0='?' (DbType = Guid), @p1='?', @p2='?', @p3='?' (DbType = Guid), @p4='?' (DbType = Guid), @p5='?' (DbType = DateTime)], CommandType='"Text"', CommandTimeout='30']
INSERT INTO
    audit.audit_logs
    (
        user_id,
        action,
        entity_type,
        entity_id,
        correlation_id,
        created_at
    )
VALUES
    (
        @p0,
        @p1,
        @p2,
        @p3,
        @p4,
        @p5
    )
2026-09-15 12:25:00.553 +05:00 [INF] Executed DbCommand (135ms) [Parameters=[@p0='?' (DbType = Guid), @p1='?', @p2='?', @p3='?' (DbType = Guid), @p4='?', @p5='?', @p6='?' (DbType = Guid), @p7='?' (DbType = DateTime)], CommandType='"Text"', CommandTimeout='30']
INSERT INTO
    integration.outbox_messages
    (
        id,
        event_type,
        aggregate_type,
        aggregate_id,
        payload,
        status,
        attempt_count,
        correlation_id,
        created_at
    )
VALUES
    (
        @p0,
        @p1,
        @p2,
        @p3,
        @p4::jsonb,
        @p5,
        0,
        @p6,
        @p7
    )
2026-09-15 12:25:00.574 +05:00 [INF] Invoice "6e342247-014b-4913-a694-cbf933e656cd" saved. Draft=false, POs=40741, GRNs=47626
2026-09-15 12:25:00.585 +05:00 [INF] Setting HTTP status code 200.
2026-09-15 12:25:00.591 +05:00 [INF] Writing value of type '<>f__AnonymousType71`5' as Json.
2026-09-15 12:25:00.599 +05:00 [INF] Executed endpoint 'HTTP: POST /api/v1/invoices/{id:guid}/resubmit'
2026-09-15 12:25:00.605 +05:00 [INF] HTTP POST /api/v1/invoices/6e342247-014b-4913-a694-cbf933e656cd/resubmit responded 200 in 1865.7751 ms
2026-09-15 12:25:00.612 +05:00 [INF] Request finished HTTP/1.1 POST http://10.1.40.52:5044/api/v1/invoices/6e342247-014b-4913-a694-cbf933e656cd/resubmit - 200 null application/json; charset=utf-8 1884.7435ms
2026-09-15 12:25:00.654 +05:00 [INF] Request starting HTTP/1.1 OPTIONS http://10.1.40.52:5044/api/v1/invoices/my - null null
2026-09-15 12:25:00.657 +05:00 [INF] Request starting HTTP/1.1 OPTIONS http://10.1.40.52:5044/api/v1/invoices/my - null null
2026-09-15 12:25:00.662 +05:00 [INF] CORS policy execution successful.
2026-09-15 12:25:00.670 +05:00 [INF] CORS policy execution successful.
2026-09-15 12:25:00.673 +05:00 [INF] HTTP OPTIONS /api/v1/invoices/my responded 204 in 11.1846 ms
2026-09-15 12:25:00.675 +05:00 [INF] HTTP OPTIONS /api/v1/invoices/my responded 204 in 4.7654 ms
2026-09-15 12:25:00.680 +05:00 [INF] Request finished HTTP/1.1 OPTIONS http://10.1.40.52:5044/api/v1/invoices/my - 204 null null 26.4875ms
2026-09-15 12:25:00.684 +05:00 [INF] Request starting HTTP/1.1 GET http://10.1.40.52:5044/api/v1/invoices/my - null null
2026-09-15 12:25:00.685 +05:00 [INF] Request finished HTTP/1.1 OPTIONS http://10.1.40.52:5044/api/v1/invoices/my - 204 null null 28.278ms
2026-09-15 12:25:00.699 +05:00 [INF] CORS policy execution successful.
2026-09-15 12:25:00.708 +05:00 [INF] Executing endpoint 'HTTP: GET /api/v1/invoices/my'
2026-09-15 12:25:00.767 +05:00 [INF] Executed DbCommand (56ms) [Parameters=[@__UserId_0='?' (DbType = Guid)], CommandType='"Text"', CommandTimeout='30']
SELECT DISTINCT p.code
FROM security.user_roles AS u
INNER JOIN security.role_permissions AS r ON u.role_id = r.role_id
INNER JOIN security.permissions AS p ON r.permission_id = p.id
WHERE u.user_id = @__UserId_0
2026-09-15 12:25:00.777 +05:00 [INF] Executed DbCommand (7ms) [Parameters=[@__UserId_0='?' (DbType = Guid)], CommandType='"Text"', CommandTimeout='30']
SELECT u.user_id, u.permission_id, u.is_allowed
FROM security.user_permission_overrides AS u
WHERE u.user_id = @__UserId_0
2026-09-15 12:25:00.796 +05:00 [INF] Executed DbCommand (15ms) [Parameters=[@__UserId_0='?' (DbType = Guid)], CommandType='"Text"', CommandTimeout='30']
SELECT v.vendor_id
FROM master.vendor_users AS v
WHERE v.user_id = @__UserId_0 AND v.is_active
LIMIT 1
2026-09-15 12:25:00.804 +05:00 [INF] Executed DbCommand (5ms) [Parameters=[@__vendorId_0='?' (DbType = Guid)], CommandType='"Text"', CommandTimeout='30']
SELECT i.id AS "Id", i.invoice_number AS "InvoiceNumber", i.invoice_date AS "InvoiceDate", i.invoice_amount AS "InvoiceAmount", i.status AS "Status", i.integration_status AS "IntegrationStatus", i.submission_date AS "SubmissionDate", i.updated_at AS "UpdatedAt", i.po_number AS "PoNumber", i.grn_numbers AS "GrnNumbers", i.invoice_type AS "InvoiceType", i.remarks AS "Remarks"
FROM invoice.invoices AS i
WHERE i.vendor_id = @__vendorId_0 AND i.deleted_at IS NULL
ORDER BY i.updated_at DESC
2026-09-15 12:25:00.808 +05:00 [INF] Setting HTTP status code 200.
2026-09-15 12:25:00.809 +05:00 [INF] Writing value of type 'SelectListIterator`2' as Json.
2026-09-15 12:25:00.811 +05:00 [INF] Executed endpoint 'HTTP: GET /api/v1/invoices/my'
2026-09-15 12:25:00.812 +05:00 [INF] HTTP GET /api/v1/invoices/my responded 200 in 112.8769 ms
2026-09-15 12:25:00.813 +05:00 [INF] Request starting HTTP/1.1 GET http://10.1.40.52:5044/api/v1/invoices/my - null null
2026-09-15 12:25:00.815 +05:00 [INF] Request finished HTTP/1.1 GET http://10.1.40.52:5044/api/v1/invoices/my - 200 null application/json; charset=utf-8 130.5847ms
2026-09-15 12:25:00.819 +05:00 [INF] CORS policy execution successful.
2026-09-15 12:25:00.826 +05:00 [INF] Executing endpoint 'HTTP: GET /api/v1/invoices/my'
2026-09-15 12:25:00.838 +05:00 [INF] Executed DbCommand (10ms) [Parameters=[@__UserId_0='?' (DbType = Guid)], CommandType='"Text"', CommandTimeout='30']
SELECT DISTINCT p.code
FROM security.user_roles AS u
INNER JOIN security.role_permissions AS r ON u.role_id = r.role_id
INNER JOIN security.permissions AS p ON r.permission_id = p.id
WHERE u.user_id = @__UserId_0
2026-09-15 12:25:00.966 +05:00 [INF] Executed DbCommand (123ms) [Parameters=[@__UserId_0='?' (DbType = Guid)], CommandType='"Text"', CommandTimeout='30']
SELECT u.user_id, u.permission_id, u.is_allowed
FROM security.user_permission_overrides AS u
WHERE u.user_id = @__UserId_0
2026-09-15 12:25:00.975 +05:00 [INF] Executed DbCommand (6ms) [Parameters=[@__UserId_0='?' (DbType = Guid)], CommandType='"Text"', CommandTimeout='30']
SELECT v.vendor_id
FROM master.vendor_users AS v
WHERE v.user_id = @__UserId_0 AND v.is_active
LIMIT 1
2026-09-15 12:25:00.986 +05:00 [INF] Executed DbCommand (6ms) [Parameters=[@__vendorId_0='?' (DbType = Guid)], CommandType='"Text"', CommandTimeout='30']
SELECT i.id AS "Id", i.invoice_number AS "InvoiceNumber", i.invoice_date AS "InvoiceDate", i.invoice_amount AS "InvoiceAmount", i.status AS "Status", i.integration_status AS "IntegrationStatus", i.submission_date AS "SubmissionDate", i.updated_at AS "UpdatedAt", i.po_number AS "PoNumber", i.grn_numbers AS "GrnNumbers", i.invoice_type AS "InvoiceType", i.remarks AS "Remarks"
FROM invoice.invoices AS i
WHERE i.vendor_id = @__vendorId_0 AND i.deleted_at IS NULL
ORDER BY i.updated_at DESC
2026-09-15 12:25:00.989 +05:00 [INF] Setting HTTP status code 200.
2026-09-15 12:25:00.990 +05:00 [INF] Writing value of type 'SelectListIterator`2' as Json.
2026-09-15 12:25:00.991 +05:00 [INF] Executed endpoint 'HTTP: GET /api/v1/invoices/my'
2026-09-15 12:25:00.993 +05:00 [INF] HTTP GET /api/v1/invoices/my responded 200 in 174.6291 ms
2026-09-15 12:25:00.996 +05:00 [INF] Request finished HTTP/1.1 GET http://10.1.40.52:5044/api/v1/invoices/my - 200 null application/json; charset=utf-8 182.6669ms
2026-09-15 12:25:04.212 +05:00 [INF] Executed DbCommand (40ms) [Parameters=[], CommandType='"Text"', CommandTimeout='30']
SELECT v.id AS "Id", v.oracle_vendor_id AS "OracleVendorId"
FROM master.vendors AS v
WHERE v.is_active AND v.oracle_vendor_id IS NOT NULL
2026-09-15 12:25:04.231 +05:00 [INF] Executed DbCommand (9ms) [Parameters=[@__mapping_Id_0='?' (DbType = Guid)], CommandType='"Text"', CommandTimeout='30']
SELECT i.id, i.created_at, i.created_by, i.currency_code, i.deleted_at, i.grn_numbers, i.integration_status, i.invoice_amount, i.invoice_date, i.invoice_number, i.invoice_type, i.oracle_invoice_id, i.pk_id, i.po_number, i.remarks, i.status, i.submission_date, i.updated_at, i.vendor_id
FROM invoice.invoices AS i
WHERE i.vendor_id = @__mapping_Id_0 AND i.deleted_at IS NULL AND i.status <> 'DRAFT'
2026-09-15 12:25:04.371 +05:00 [INF] Executed DbCommand (13ms) [Parameters=[@__mapping_Id_0='?' (DbType = Guid)], CommandType='"Text"', CommandTimeout='30']
SELECT i.id, i.created_at, i.created_by, i.currency_code, i.deleted_at, i.grn_numbers, i.integration_status, i.invoice_amount, i.invoice_date, i.invoice_number, i.invoice_type, i.oracle_invoice_id, i.pk_id, i.po_number, i.remarks, i.status, i.submission_date, i.updated_at, i.vendor_id
FROM invoice.invoices AS i
WHERE i.vendor_id = @__mapping_Id_0 AND i.deleted_at IS NULL AND i.status <> 'DRAFT'
2026-09-15 12:25:04.435 +05:00 [INF] Executed DbCommand (12ms) [Parameters=[@__mapping_Id_0='?' (DbType = Guid)], CommandType='"Text"', CommandTimeout='30']
SELECT i.id, i.created_at, i.created_by, i.currency_code, i.deleted_at, i.grn_numbers, i.integration_status, i.invoice_amount, i.invoice_date, i.invoice_number, i.invoice_type, i.oracle_invoice_id, i.pk_id, i.po_number, i.remarks, i.status, i.submission_date, i.updated_at, i.vendor_id
FROM invoice.invoices AS i
WHERE i.vendor_id = @__mapping_Id_0 AND i.deleted_at IS NULL AND i.status <> 'DRAFT'
2026-09-15 12:25:04.463 +05:00 [INF] Executed DbCommand (6ms) [Parameters=[@__mapping_Id_0='?' (DbType = Guid)], CommandType='"Text"', CommandTimeout='30']
SELECT i.id, i.created_at, i.created_by, i.currency_code, i.deleted_at, i.grn_numbers, i.integration_status, i.invoice_amount, i.invoice_date, i.invoice_number, i.invoice_type, i.oracle_invoice_id, i.pk_id, i.po_number, i.remarks, i.status, i.submission_date, i.updated_at, i.vendor_id
FROM invoice.invoices AS i
WHERE i.vendor_id = @__mapping_Id_0 AND i.deleted_at IS NULL AND i.status <> 'DRAFT'
2026-09-15 12:25:04.524 +05:00 [INF] Executed DbCommand (44ms) [Parameters=[@__mapping_Id_0='?' (DbType = Guid)], CommandType='"Text"', CommandTimeout='30']
SELECT i.id, i.created_at, i.created_by, i.currency_code, i.deleted_at, i.grn_numbers, i.integration_status, i.invoice_amount, i.invoice_date, i.invoice_number, i.invoice_type, i.oracle_invoice_id, i.pk_id, i.po_number, i.remarks, i.status, i.submission_date, i.updated_at, i.vendor_id
FROM invoice.invoices AS i
WHERE i.vendor_id = @__mapping_Id_0 AND i.deleted_at IS NULL AND i.status <> 'DRAFT'
2026-09-15 12:25:04.557 +05:00 [INF] Executed DbCommand (14ms) [Parameters=[@__mapping_Id_0='?' (DbType = Guid)], CommandType='"Text"', CommandTimeout='30']
SELECT i.id, i.created_at, i.created_by, i.currency_code, i.deleted_at, i.grn_numbers, i.integration_status, i.invoice_amount, i.invoice_date, i.invoice_number, i.invoice_type, i.oracle_invoice_id, i.pk_id, i.po_number, i.remarks, i.status, i.submission_date, i.updated_at, i.vendor_id
FROM invoice.invoices AS i
WHERE i.vendor_id = @__mapping_Id_0 AND i.deleted_at IS NULL AND i.status <> 'DRAFT'
2026-09-15 12:25:04.584 +05:00 [INF] Executed DbCommand (7ms) [Parameters=[@__mapping_Id_0='?' (DbType = Guid)], CommandType='"Text"', CommandTimeout='30']
SELECT i.id, i.created_at, i.created_by, i.currency_code, i.deleted_at, i.grn_numbers, i.integration_status, i.invoice_amount, i.invoice_date, i.invoice_number, i.invoice_type, i.oracle_invoice_id, i.pk_id, i.po_number, i.remarks, i.status, i.submission_date, i.updated_at, i.vendor_id
FROM invoice.invoices AS i
WHERE i.vendor_id = @__mapping_Id_0 AND i.deleted_at IS NULL AND i.status <> 'DRAFT'
2026-09-15 12:25:04.608 +05:00 [INF] Executed DbCommand (7ms) [Parameters=[@__mapping_Id_0='?' (DbType = Guid)], CommandType='"Text"', CommandTimeout='30']
SELECT i.id, i.created_at, i.created_by, i.currency_code, i.deleted_at, i.grn_numbers, i.integration_status, i.invoice_amount, i.invoice_date, i.invoice_number, i.invoice_type, i.oracle_invoice_id, i.pk_id, i.po_number, i.remarks, i.status, i.submission_date, i.updated_at, i.vendor_id
FROM invoice.invoices AS i
WHERE i.vendor_id = @__mapping_Id_0 AND i.deleted_at IS NULL AND i.status <> 'DRAFT'
2026-09-15 12:25:04.662 +05:00 [INF] Executed DbCommand (7ms) [Parameters=[@__mapping_Id_0='?' (DbType = Guid)], CommandType='"Text"', CommandTimeout='30']
SELECT i.id, i.created_at, i.created_by, i.currency_code, i.deleted_at, i.grn_numbers, i.integration_status, i.invoice_amount, i.invoice_date, i.invoice_number, i.invoice_type, i.oracle_invoice_id, i.pk_id, i.po_number, i.remarks, i.status, i.submission_date, i.updated_at, i.vendor_id
FROM invoice.invoices AS i
WHERE i.vendor_id = @__mapping_Id_0 AND i.deleted_at IS NULL AND i.status <> 'DRAFT'
2026-09-15 12:25:04.768 +05:00 [INF] Executed DbCommand (59ms) [Parameters=[@__mapping_Id_0='?' (DbType = Guid)], CommandType='"Text"', CommandTimeout='30']
SELECT i.id, i.created_at, i.created_by, i.currency_code, i.deleted_at, i.grn_numbers, i.integration_status, i.invoice_amount, i.invoice_date, i.invoice_number, i.invoice_type, i.oracle_invoice_id, i.pk_id, i.po_number, i.remarks, i.status, i.submission_date, i.updated_at, i.vendor_id
FROM invoice.invoices AS i
WHERE i.vendor_id = @__mapping_Id_0 AND i.deleted_at IS NULL AND i.status <> 'DRAFT'
2026-09-15 12:25:04.790 +05:00 [INF] Executed DbCommand (7ms) [Parameters=[@__mapping_Id_0='?' (DbType = Guid)], CommandType='"Text"', CommandTimeout='30']
SELECT i.id, i.created_at, i.created_by, i.currency_code, i.deleted_at, i.grn_numbers, i.integration_status, i.invoice_amount, i.invoice_date, i.invoice_number, i.invoice_type, i.oracle_invoice_id, i.pk_id, i.po_number, i.remarks, i.status, i.submission_date, i.updated_at, i.vendor_id
FROM invoice.invoices AS i
WHERE i.vendor_id = @__mapping_Id_0 AND i.deleted_at IS NULL AND i.status <> 'DRAFT'
2026-09-15 12:25:04.823 +05:00 [INF] Executed DbCommand (12ms) [Parameters=[@__mapping_Id_0='?' (DbType = Guid)], CommandType='"Text"', CommandTimeout='30']
SELECT i.id, i.created_at, i.created_by, i.currency_code, i.deleted_at, i.grn_numbers, i.integration_status, i.invoice_amount, i.invoice_date, i.invoice_number, i.invoice_type, i.oracle_invoice_id, i.pk_id, i.po_number, i.remarks, i.status, i.submission_date, i.updated_at, i.vendor_id
FROM invoice.invoices AS i
WHERE i.vendor_id = @__mapping_Id_0 AND i.deleted_at IS NULL AND i.status <> 'DRAFT'
2026-09-15 12:25:04.846 +05:00 [INF] Executed DbCommand (7ms) [Parameters=[@__mapping_Id_0='?' (DbType = Guid)], CommandType='"Text"', CommandTimeout='30']
SELECT i.id, i.created_at, i.created_by, i.currency_code, i.deleted_at, i.grn_numbers, i.integration_status, i.invoice_amount, i.invoice_date, i.invoice_number, i.invoice_type, i.oracle_invoice_id, i.pk_id, i.po_number, i.remarks, i.status, i.submission_date, i.updated_at, i.vendor_id
FROM invoice.invoices AS i
WHERE i.vendor_id = @__mapping_Id_0 AND i.deleted_at IS NULL AND i.status <> 'DRAFT'
2026-09-15 12:25:05.029 +05:00 [INF] Executed DbCommand (7ms) [Parameters=[@__mapping_Id_0='?' (DbType = Guid)], CommandType='"Text"', CommandTimeout='30']
SELECT i.id, i.created_at, i.created_by, i.currency_code, i.deleted_at, i.grn_numbers, i.integration_status, i.invoice_amount, i.invoice_date, i.invoice_number, i.invoice_type, i.oracle_invoice_id, i.pk_id, i.po_number, i.remarks, i.status, i.submission_date, i.updated_at, i.vendor_id
FROM invoice.invoices AS i
WHERE i.vendor_id = @__mapping_Id_0 AND i.deleted_at IS NULL AND i.status <> 'DRAFT'
2026-09-15 12:25:05.161 +05:00 [INF] Executed DbCommand (43ms) [Parameters=[@__mapping_Id_0='?' (DbType = Guid)], CommandType='"Text"', CommandTimeout='30']
SELECT i.id, i.created_at, i.created_by, i.currency_code, i.deleted_at, i.grn_numbers, i.integration_status, i.invoice_amount, i.invoice_date, i.invoice_number, i.invoice_type, i.oracle_invoice_id, i.pk_id, i.po_number, i.remarks, i.status, i.submission_date, i.updated_at, i.vendor_id
FROM invoice.invoices AS i
WHERE i.vendor_id = @__mapping_Id_0 AND i.deleted_at IS NULL AND i.status <> 'DRAFT'
2026-09-15 12:25:05.535 +05:00 [INF] Executed DbCommand (9ms) [Parameters=[@__mapping_Id_0='?' (DbType = Guid)], CommandType='"Text"', CommandTimeout='30']
SELECT i.id, i.created_at, i.created_by, i.currency_code, i.deleted_at, i.grn_numbers, i.integration_status, i.invoice_amount, i.invoice_date, i.invoice_number, i.invoice_type, i.oracle_invoice_id, i.pk_id, i.po_number, i.remarks, i.status, i.submission_date, i.updated_at, i.vendor_id
FROM invoice.invoices AS i
WHERE i.vendor_id = @__mapping_Id_0 AND i.deleted_at IS NULL AND i.status <> 'DRAFT'
2026-09-15 12:25:05.590 +05:00 [INF] Starting Oracle AP outbox processing. PortalInvoiceId="6e342247-014b-4913-a694-cbf933e656cd", OutboxEventId="acca0359-a253-4a65-adc9-08e5a16e5b51", OriginalStatus=PENDING, Attempts=0, WasStaleProcessing=false
2026-09-15 12:25:05.622 +05:00 [INF] Executed DbCommand (7ms) [Parameters=[@__invoiceId_0='?' (DbType = Guid)], CommandType='"Text"', CommandTimeout='30']
SELECT i.id AS "Id", i.pk_id AS "PkId", i.invoice_number AS "InvoiceNumber", i.invoice_date AS "InvoiceDate", i.invoice_amount AS "InvoiceAmount", i.currency_code AS "CurrencyCode", i.po_number AS "PoNumber", i.grn_numbers AS "GrnNumbers", i.invoice_type AS "InvoiceType", i.remarks AS "Remarks", v.oracle_vendor_id AS "OracleVendorId"
FROM invoice.invoices AS i
INNER JOIN master.vendors AS v ON i.vendor_id = v.id
WHERE i.id = @__invoiceId_0 AND i.deleted_at IS NULL
LIMIT 2
2026-09-15 12:25:05.646 +05:00 [INF] Executed DbCommand (17ms) [Parameters=[@__row_Id_0='?' (DbType = Guid)], CommandType='"Text"', CommandTimeout='30']
SELECT DISTINCT i.rcv_transaction_id
FROM invoice.invoice_line_grn_allocations AS i
WHERE i.invoice_id = @__row_Id_0
2026-09-15 12:25:05.655 +05:00 [INF] Calling Oracle AP invoice processing. InvoiceNumber=inv-10, PortalInvoiceId="6e342247-014b-4913-a694-cbf933e656cd", OutboxEventId="acca0359-a253-4a65-adc9-08e5a16e5b51", Attempt=1
2026-09-15 12:25:05.666 +05:00 [INF] Starting Oracle AP submission.
2026-09-15 12:25:05.672 +05:00 [INF] Oracle AP step started: PROCESS.EXISTING_INVOICE_LOOKUP
2026-09-15 12:25:05.691 +05:00 [INF] Oracle AP step completed: PROCESS.EXISTING_INVOICE_LOOKUP. DurationMs=18
2026-09-15 12:25:05.728 +05:00 [INF] Oracle AP outcome resolved. InvoiceNumber=inv-10 InterfaceInvoiceId=315518 InterfaceStatus=REJECTED RejectionReason=DATE GOODS RECEIVED REQ
2026-09-15 12:25:05.731 +05:00 [ERR] Oracle AP rejected invoice. PortalInvoiceId="6e342247-014b-4913-a694-cbf933e656cd", OutboxEventId="acca0359-a253-4a65-adc9-08e5a16e5b51", OracleRequestId=null
BusinessPartnerPortal.Api.Oracle.OracleApRejectedException: Oracle rejected the invoice: DATE GOODS RECEIVED REQ
   at BusinessPartnerPortal.Api.Oracle.OracleApInvoiceService.ProcessInvoiceAsync(OracleApPortalInvoice invoice, CancellationToken ct) in D:\Projects\Bussiness Partner Portal\business-partner-portal\backend\BusinessPartnerPortal.Api\Oracle\OracleApInvoiceService.cs:line 80
   at BusinessPartnerPortal.Api.Services.OracleInvoiceOutboxWorker.ProcessBatchAsync(CancellationToken ct) in D:\Projects\Bussiness Partner Portal\business-partner-portal\backend\BusinessPartnerPortal.Api\Services\OracleInvoiceOutboxWorker.cs:line 345
2026-09-15 12:25:05.811 +05:00 [INF] Executed DbCommand (6ms) [Parameters=[@p0='?' (DbType = DateTime), @p1='?', @p2='?' (DbType = Object), @p3='?' (DbType = Guid)], CommandType='"Text"', CommandTimeout='30']
UPDATE
    integration.outbox_messages

SET
    status = 'FAILED',
    processed_at = @p0,
    next_attempt_at = NULL,
    last_error = @p1,
    oracle_request_id =
        COALESCE(
            @p2,
            oracle_request_id
        )

WHERE
    id = @p3
2026-09-15 12:25:05.826 +05:00 [INF] Executed DbCommand (7ms) [Parameters=[@__item_InvoiceId_0='?' (DbType = Guid)], CommandType='"Text"', CommandTimeout='30']
SELECT i.id, i.created_at, i.created_by, i.currency_code, i.deleted_at, i.grn_numbers, i.integration_status, i.invoice_amount, i.invoice_date, i.invoice_number, i.invoice_type, i.oracle_invoice_id, i.pk_id, i.po_number, i.remarks, i.status, i.submission_date, i.updated_at, i.vendor_id
FROM invoice.invoices AS i
WHERE i.id = @__item_InvoiceId_0
LIMIT 2
2026-09-15 12:25:05.844 +05:00 [INF] Executed DbCommand (8ms) [Parameters=[@p0='?' (DbType = DateTime), @p1='?' (DbType = Guid), @p2='?' (DbType = Guid), @p3='?' (DbType = Guid), @p4='?', @p5='?', @p6='?', @p7='?', @p11='?' (DbType = Guid), @p8='?', @p9='?', @p10='?' (DbType = DateTime)], CommandType='"Text"', CommandTimeout='30']
INSERT INTO invoice.invoice_status_history (changed_at, changed_by, correlation_id, invoice_id, new_status, old_status, remarks, source)
VALUES (@p0, @p1, @p2, @p3, @p4, @p5, @p6, @p7)
RETURNING id;
UPDATE invoice.invoices SET remarks = @p8, status = @p9, updated_at = @p10
WHERE id = @p11;
2026-09-15 12:25:05.861 +05:00 [ERR] Oracle AP integration permanently failed. PortalInvoiceId="6e342247-014b-4913-a694-cbf933e656cd", OutboxEventId="acca0359-a253-4a65-adc9-08e5a16e5b51", FinalPortalStatus=REJECTED, OracleRequestId=null, Error=Oracle rejected the invoice: DATE GOODS RECEIVED REQ
2026-09-15 12:25:06.129 +05:00 [INF] Executed DbCommand (16ms) [Parameters=[@__mapping_Id_0='?' (DbType = Guid)], CommandType='"Text"', CommandTimeout='30']
SELECT i.id, i.created_at, i.created_by, i.currency_code, i.deleted_at, i.grn_numbers, i.integration_status, i.invoice_amount, i.invoice_date, i.invoice_number, i.invoice_type, i.oracle_invoice_id, i.pk_id, i.po_number, i.remarks, i.status, i.submission_date, i.updated_at, i.vendor_id
FROM invoice.invoices AS i
WHERE i.vendor_id = @__mapping_Id_0 AND i.deleted_at IS NULL AND i.status <> 'DRAFT'
2026-09-15 12:25:06.852 +05:00 [INF] Executed DbCommand (15ms) [Parameters=[@__mapping_Id_0='?' (DbType = Guid)], CommandType='"Text"', CommandTimeout='30']
SELECT i.id, i.created_at, i.created_by, i.currency_code, i.deleted_at, i.grn_numbers, i.integration_status, i.invoice_amount, i.invoice_date, i.invoice_number, i.invoice_type, i.oracle_invoice_id, i.pk_id, i.po_number, i.remarks, i.status, i.submission_date, i.updated_at, i.vendor_id
FROM invoice.invoices AS i
WHERE i.vendor_id = @__mapping_Id_0 AND i.deleted_at IS NULL AND i.status <> 'DRAFT'
2026-09-15 12:25:07.010 +05:00 [INF] Executed DbCommand (13ms) [Parameters=[@__mapping_Id_0='?' (DbType = Guid)], CommandType='"Text"', CommandTimeout='30']
SELECT i.id, i.created_at, i.created_by, i.currency_code, i.deleted_at, i.grn_numbers, i.integration_status, i.invoice_amount, i.invoice_date, i.invoice_number, i.invoice_type, i.oracle_invoice_id, i.pk_id, i.po_number, i.remarks, i.status, i.submission_date, i.updated_at, i.vendor_id
FROM invoice.invoices AS i
WHERE i.vendor_id = @__mapping_Id_0 AND i.deleted_at IS NULL AND i.status <> 'DRAFT'
2026-09-15 12:25:07.076 +05:00 [INF] Executed DbCommand (6ms) [Parameters=[@__mapping_Id_0='?' (DbType = Guid)], CommandType='"Text"', CommandTimeout='30']
SELECT i.id, i.created_at, i.created_by, i.currency_code, i.deleted_at, i.grn_numbers, i.integration_status, i.invoice_amount, i.invoice_date, i.invoice_number, i.invoice_type, i.oracle_invoice_id, i.pk_id, i.po_number, i.remarks, i.status, i.submission_date, i.updated_at, i.vendor_id
FROM invoice.invoices AS i
WHERE i.vendor_id = @__mapping_Id_0 AND i.deleted_at IS NULL AND i.status <> 'DRAFT'
2026-09-15 12:25:07.169 +05:00 [INF] Executed DbCommand (7ms) [Parameters=[@__mapping_Id_0='?' (DbType = Guid)], CommandType='"Text"', CommandTimeout='30']
SELECT i.id, i.created_at, i.created_by, i.currency_code, i.deleted_at, i.grn_numbers, i.integration_status, i.invoice_amount, i.invoice_date, i.invoice_number, i.invoice_type, i.oracle_invoice_id, i.pk_id, i.po_number, i.remarks, i.status, i.submission_date, i.updated_at, i.vendor_id
FROM invoice.invoices AS i
WHERE i.vendor_id = @__mapping_Id_0 AND i.deleted_at IS NULL AND i.status <> 'DRAFT'
2026-09-15 12:25:07.199 +05:00 [INF] Executed DbCommand (7ms) [Parameters=[@__mapping_Id_0='?' (DbType = Guid)], CommandType='"Text"', CommandTimeout='30']
SELECT i.id, i.created_at, i.created_by, i.currency_code, i.deleted_at, i.grn_numbers, i.integration_status, i.invoice_amount, i.invoice_date, i.invoice_number, i.invoice_type, i.oracle_invoice_id, i.pk_id, i.po_number, i.remarks, i.status, i.submission_date, i.updated_at, i.vendor_id
FROM invoice.invoices AS i
WHERE i.vendor_id = @__mapping_Id_0 AND i.deleted_at IS NULL AND i.status <> 'DRAFT'
2026-09-15 12:25:07.410 +05:00 [INF] Executed DbCommand (8ms) [Parameters=[@__mapping_Id_0='?' (DbType = Guid)], CommandType='"Text"', CommandTimeout='30']
SELECT i.id, i.created_at, i.created_by, i.currency_code, i.deleted_at, i.grn_numbers, i.integration_status, i.invoice_amount, i.invoice_date, i.invoice_number, i.invoice_type, i.oracle_invoice_id, i.pk_id, i.po_number, i.remarks, i.status, i.submission_date, i.updated_at, i.vendor_id
FROM invoice.invoices AS i
WHERE i.vendor_id = @__mapping_Id_0 AND i.deleted_at IS NULL AND i.status <> 'DRAFT'
2026-09-15 12:25:08.788 +05:00 [INF] Executed DbCommand (16ms) [Parameters=[@__mapping_Id_0='?' (DbType = Guid)], CommandType='"Text"', CommandTimeout='30']
SELECT i.id, i.created_at, i.created_by, i.currency_code, i.deleted_at, i.grn_numbers, i.integration_status, i.invoice_amount, i.invoice_date, i.invoice_number, i.invoice_type, i.oracle_invoice_id, i.pk_id, i.po_number, i.remarks, i.status, i.submission_date, i.updated_at, i.vendor_id
FROM invoice.invoices AS i
WHERE i.vendor_id = @__mapping_Id_0 AND i.deleted_at IS NULL AND i.status <> 'DRAFT'
2026-09-15 12:25:11.221 +05:00 [INF] Request starting HTTP/1.1 OPTIONS http://10.1.40.52:5044/api/v1/notifications/unread-count - null null
2026-09-15 12:25:11.224 +05:00 [INF] CORS policy execution successful.
2026-09-15 12:25:11.226 +05:00 [INF] HTTP OPTIONS /api/v1/notifications/unread-count responded 204 in 1.7763 ms
2026-09-15 12:25:11.228 +05:00 [INF] Request finished HTTP/1.1 OPTIONS http://10.1.40.52:5044/api/v1/notifications/unread-count - 204 null null 7.2369ms
2026-09-15 12:25:11.232 +05:00 [INF] Request starting HTTP/1.1 GET http://10.1.40.52:5044/api/v1/notifications/unread-count - null null
2026-09-15 12:25:11.241 +05:00 [INF] CORS policy execution successful.
2026-09-15 12:25:11.244 +05:00 [INF] Executing endpoint 'HTTP: GET /api/v1/notifications/unread-count'
2026-09-15 12:25:11.268 +05:00 [INF] Setting HTTP status code 200.
2026-09-15 12:25:11.271 +05:00 [INF] Writing value of type '<>f__AnonymousType72`1' as Json.
2026-09-15 12:25:11.272 +05:00 [INF] Executed endpoint 'HTTP: GET /api/v1/notifications/unread-count'
2026-09-15 12:25:11.274 +05:00 [INF] HTTP GET /api/v1/notifications/unread-count responded 200 in 32.6120 ms
2026-09-15 12:25:11.277 +05:00 [INF] Request finished HTTP/1.1 GET http://10.1.40.52:5044/api/v1/notifications/unread-count - 200 null application/json; charset=utf-8 44.8301ms
2026-09-15 12:25:11.426 +05:00 [INF] Executed DbCommand (8ms) [Parameters=[@__mapping_Id_0='?' (DbType = Guid)], CommandType='"Text"', CommandTimeout='30']
SELECT i.id, i.created_at, i.created_by, i.currency_code, i.deleted_at, i.grn_numbers, i.integration_status, i.invoice_amount, i.invoice_date, i.invoice_number, i.invoice_type, i.oracle_invoice_id, i.pk_id, i.po_number, i.remarks, i.status, i.submission_date, i.updated_at, i.vendor_id
FROM invoice.invoices AS i
WHERE i.vendor_id = @__mapping_Id_0 AND i.deleted_at IS NULL AND i.status <> 'DRAFT'
2026-09-15 12:25:11.526 +05:00 [INF] Executed DbCommand (9ms) [Parameters=[@__mapping_Id_0='?' (DbType = Guid)], CommandType='"Text"', CommandTimeout='30']
SELECT i.id, i.created_at, i.created_by, i.currency_code, i.deleted_at, i.grn_numbers, i.integration_status, i.invoice_amount, i.invoice_date, i.invoice_number, i.invoice_type, i.oracle_invoice_id, i.pk_id, i.po_number, i.remarks, i.status, i.submission_date, i.updated_at, i.vendor_id
FROM invoice.invoices AS i
WHERE i.vendor_id = @__mapping_Id_0 AND i.deleted_at IS NULL AND i.status <> 'DRAFT'
2026-09-15 12:25:12.232 +05:00 [INF] Executed DbCommand (6ms) [Parameters=[@__mapping_Id_0='?' (DbType = Guid)], CommandType='"Text"', CommandTimeout='30']
SELECT i.id, i.created_at, i.created_by, i.currency_code, i.deleted_at, i.grn_numbers, i.integration_status, i.invoice_amount, i.invoice_date, i.invoice_number, i.invoice_type, i.oracle_invoice_id, i.pk_id, i.po_number, i.remarks, i.status, i.submission_date, i.updated_at, i.vendor_id
FROM invoice.invoices AS i
WHERE i.vendor_id = @__mapping_Id_0 AND i.deleted_at IS NULL AND i.status <> 'DRAFT'
2026-09-15 12:25:12.254 +05:00 [INF] Executed DbCommand (6ms) [Parameters=[@__mapping_Id_0='?' (DbType = Guid)], CommandType='"Text"', CommandTimeout='30']
SELECT i.id, i.created_at, i.created_by, i.currency_code, i.deleted_at, i.grn_numbers, i.integration_status, i.invoice_amount, i.invoice_date, i.invoice_number, i.invoice_type, i.oracle_invoice_id, i.pk_id, i.po_number, i.remarks, i.status, i.submission_date, i.updated_at, i.vendor_id
FROM invoice.invoices AS i
WHERE i.vendor_id = @__mapping_Id_0 AND i.deleted_at IS NULL AND i.status <> 'DRAFT'
2026-09-15 12:25:14.243 +05:00 [INF] Request starting HTTP/1.1 OPTIONS http://10.1.40.52:5044/api/v1/invoices/my - null null
2026-09-15 12:25:14.246 +05:00 [INF] Request starting HTTP/1.1 OPTIONS http://10.1.40.52:5044/api/v1/invoices/my - null null
2026-09-15 12:25:14.248 +05:00 [INF] CORS policy execution successful.
2026-09-15 12:25:14.248 +05:00 [INF] Request starting HTTP/1.1 GET http://10.1.40.52:5044/api/v1/notifications/unread-count - null null
2026-09-15 12:25:14.253 +05:00 [INF] CORS policy execution successful.
2026-09-15 12:25:14.255 +05:00 [INF] HTTP OPTIONS /api/v1/invoices/my responded 204 in 6.7202 ms
2026-09-15 12:25:14.260 +05:00 [INF] CORS policy execution successful.
2026-09-15 12:25:14.261 +05:00 [INF] HTTP OPTIONS /api/v1/invoices/my responded 204 in 7.7780 ms
2026-09-15 12:25:14.264 +05:00 [INF] Request finished HTTP/1.1 OPTIONS http://10.1.40.52:5044/api/v1/invoices/my - 204 null null 21.3742ms
2026-09-15 12:25:14.266 +05:00 [INF] Executing endpoint 'HTTP: GET /api/v1/notifications/unread-count'
2026-09-15 12:25:14.267 +05:00 [INF] Request starting HTTP/1.1 GET http://10.1.40.52:5044/api/v1/invoices/my - null null
2026-09-15 12:25:14.269 +05:00 [INF] Request finished HTTP/1.1 OPTIONS http://10.1.40.52:5044/api/v1/invoices/my - 204 null null 23.0959ms
2026-09-15 12:25:14.281 +05:00 [INF] CORS policy execution successful.
2026-09-15 12:25:14.283 +05:00 [INF] Setting HTTP status code 200.
2026-09-15 12:25:14.288 +05:00 [INF] Executing endpoint 'HTTP: GET /api/v1/invoices/my'
2026-09-15 12:25:14.290 +05:00 [INF] Writing value of type '<>f__AnonymousType72`1' as Json.
2026-09-15 12:25:14.294 +05:00 [INF] Executed endpoint 'HTTP: GET /api/v1/notifications/unread-count'
2026-09-15 12:25:14.296 +05:00 [INF] HTTP GET /api/v1/notifications/unread-count responded 200 in 36.2642 ms
2026-09-15 12:25:14.296 +05:00 [INF] Request starting HTTP/1.1 GET http://10.1.40.52:5044/api/v1/notifications/unread-count - null null
2026-09-15 12:25:14.300 +05:00 [INF] Request finished HTTP/1.1 GET http://10.1.40.52:5044/api/v1/notifications/unread-count - 200 null application/json; charset=utf-8 51.2208ms
2026-09-15 12:25:14.300 +05:00 [INF] Executed DbCommand (7ms) [Parameters=[@__UserId_0='?' (DbType = Guid)], CommandType='"Text"', CommandTimeout='30']
SELECT DISTINCT p.code
FROM security.user_roles AS u
INNER JOIN security.role_permissions AS r ON u.role_id = r.role_id
INNER JOIN security.permissions AS p ON r.permission_id = p.id
WHERE u.user_id = @__UserId_0
2026-09-15 12:25:14.306 +05:00 [INF] CORS policy execution successful.
2026-09-15 12:25:14.316 +05:00 [INF] Executing endpoint 'HTTP: GET /api/v1/notifications/unread-count'
2026-09-15 12:25:14.321 +05:00 [INF] Executed DbCommand (6ms) [Parameters=[@__UserId_0='?' (DbType = Guid)], CommandType='"Text"', CommandTimeout='30']
SELECT u.user_id, u.permission_id, u.is_allowed
FROM security.user_permission_overrides AS u
WHERE u.user_id = @__UserId_0
2026-09-15 12:25:14.330 +05:00 [INF] Setting HTTP status code 200.
2026-09-15 12:25:14.332 +05:00 [INF] Executed DbCommand (7ms) [Parameters=[@__UserId_0='?' (DbType = Guid)], CommandType='"Text"', CommandTimeout='30']
SELECT v.vendor_id
FROM master.vendor_users AS v
WHERE v.user_id = @__UserId_0 AND v.is_active
LIMIT 1
2026-09-15 12:25:14.332 +05:00 [INF] Writing value of type '<>f__AnonymousType72`1' as Json.
2026-09-15 12:25:14.339 +05:00 [INF] Executed endpoint 'HTTP: GET /api/v1/notifications/unread-count'
2026-09-15 12:25:14.341 +05:00 [INF] HTTP GET /api/v1/notifications/unread-count responded 200 in 35.5313 ms
2026-09-15 12:25:14.344 +05:00 [INF] Executed DbCommand (6ms) [Parameters=[@__vendorId_0='?' (DbType = Guid)], CommandType='"Text"', CommandTimeout='30']
SELECT i.id AS "Id", i.invoice_number AS "InvoiceNumber", i.invoice_date AS "InvoiceDate", i.invoice_amount AS "InvoiceAmount", i.status AS "Status", i.integration_status AS "IntegrationStatus", i.submission_date AS "SubmissionDate", i.updated_at AS "UpdatedAt", i.po_number AS "PoNumber", i.grn_numbers AS "GrnNumbers", i.invoice_type AS "InvoiceType", i.remarks AS "Remarks"
FROM invoice.invoices AS i
WHERE i.vendor_id = @__vendorId_0 AND i.deleted_at IS NULL
ORDER BY i.updated_at DESC
2026-09-15 12:25:14.345 +05:00 [INF] Request finished HTTP/1.1 GET http://10.1.40.52:5044/api/v1/notifications/unread-count - 200 null application/json; charset=utf-8 48.7961ms
2026-09-15 12:25:14.350 +05:00 [INF] Setting HTTP status code 200.
2026-09-15 12:25:14.361 +05:00 [INF] Writing value of type 'SelectListIterator`2' as Json.
2026-09-15 12:25:14.363 +05:00 [INF] Executed endpoint 'HTTP: GET /api/v1/invoices/my'
2026-09-15 12:25:14.365 +05:00 [INF] Request starting HTTP/1.1 GET http://10.1.40.52:5044/api/v1/invoices/my - null null
2026-09-15 12:25:14.365 +05:00 [INF] HTTP GET /api/v1/invoices/my responded 200 in 84.7457 ms
2026-09-15 12:25:14.371 +05:00 [INF] CORS policy execution successful.
2026-09-15 12:25:14.375 +05:00 [INF] Request finished HTTP/1.1 GET http://10.1.40.52:5044/api/v1/invoices/my - 200 null application/json; charset=utf-8 107.8738ms
2026-09-15 12:25:14.378 +05:00 [INF] Executing endpoint 'HTTP: GET /api/v1/invoices/my'
2026-09-15 12:25:14.398 +05:00 [INF] Executed DbCommand (8ms) [Parameters=[@__UserId_0='?' (DbType = Guid)], CommandType='"Text"', CommandTimeout='30']
SELECT DISTINCT p.code
FROM security.user_roles AS u
INNER JOIN security.role_permissions AS r ON u.role_id = r.role_id
INNER JOIN security.permissions AS p ON r.permission_id = p.id
WHERE u.user_id = @__UserId_0
2026-09-15 12:25:14.406 +05:00 [INF] Executed DbCommand (4ms) [Parameters=[@__UserId_0='?' (DbType = Guid)], CommandType='"Text"', CommandTimeout='30']
SELECT u.user_id, u.permission_id, u.is_allowed
FROM security.user_permission_overrides AS u
WHERE u.user_id = @__UserId_0
2026-09-15 12:25:14.916 +05:00 [INF] Executed DbCommand (505ms) [Parameters=[@__UserId_0='?' (DbType = Guid)], CommandType='"Text"', CommandTimeout='30']
SELECT v.vendor_id
FROM master.vendor_users AS v
WHERE v.user_id = @__UserId_0 AND v.is_active
LIMIT 1
2026-09-15 12:25:14.926 +05:00 [INF] Executed DbCommand (6ms) [Parameters=[@__vendorId_0='?' (DbType = Guid)], CommandType='"Text"', CommandTimeout='30']
SELECT i.id AS "Id", i.invoice_number AS "InvoiceNumber", i.invoice_date AS "InvoiceDate", i.invoice_amount AS "InvoiceAmount", i.status AS "Status", i.integration_status AS "IntegrationStatus", i.submission_date AS "SubmissionDate", i.updated_at AS "UpdatedAt", i.po_number AS "PoNumber", i.grn_numbers AS "GrnNumbers", i.invoice_type AS "InvoiceType", i.remarks AS "Remarks"
FROM invoice.invoices AS i
WHERE i.vendor_id = @__vendorId_0 AND i.deleted_at IS NULL
ORDER BY i.updated_at DESC
2026-09-15 12:25:14.933 +05:00 [INF] Setting HTTP status code 200.
2026-09-15 12:25:14.937 +05:00 [INF] Writing value of type 'SelectListIterator`2' as Json.
2026-09-15 12:25:14.940 +05:00 [INF] Executed endpoint 'HTTP: GET /api/v1/invoices/my'
2026-09-15 12:25:14.944 +05:00 [INF] HTTP GET /api/v1/invoices/my responded 200 in 572.4483 ms
2026-09-15 12:25:14.949 +05:00 [INF] Request finished HTTP/1.1 GET http://10.1.40.52:5044/api/v1/invoices/my - 200 null application/json; charset=utf-8 583.6457ms
2026-09-15 12:25:17.904 +05:00 [INF] Request starting HTTP/1.1 OPTIONS http://10.1.40.52:5044/api/v1/invoices/d088a14e-a21e-46d9-a36c-26a2c71150d9/issue - null null
2026-09-15 12:25:17.907 +05:00 [INF] CORS policy execution successful.
2026-09-15 12:25:17.908 +05:00 [INF] HTTP OPTIONS /api/v1/invoices/d088a14e-a21e-46d9-a36c-26a2c71150d9/issue responded 204 in 0.9770 ms
2026-09-15 12:25:17.910 +05:00 [INF] Request finished HTTP/1.1 OPTIONS http://10.1.40.52:5044/api/v1/invoices/d088a14e-a21e-46d9-a36c-26a2c71150d9/issue - 204 null null 5.6172ms
2026-09-15 12:25:17.912 +05:00 [INF] Request starting HTTP/1.1 GET http://10.1.40.52:5044/api/v1/invoices/d088a14e-a21e-46d9-a36c-26a2c71150d9/issue - null null
2026-09-15 12:25:17.917 +05:00 [INF] CORS policy execution successful.
2026-09-15 12:25:17.919 +05:00 [INF] Executing endpoint 'HTTP: GET /api/v1/invoices/{id:guid}/issue'
2026-09-15 12:25:17.938 +05:00 [INF] Executed DbCommand (15ms) [Parameters=[@__UserId_0='?' (DbType = Guid)], CommandType='"Text"', CommandTimeout='30']
SELECT v.vendor_id
FROM master.vendor_users AS v
WHERE v.user_id = @__UserId_0 AND v.is_active
LIMIT 1
2026-09-15 12:25:17.954 +05:00 [INF] Executed DbCommand (12ms) [Parameters=[@__8__locals1_id_0='?' (DbType = Guid), @__vendorId_1='?' (DbType = Guid)], CommandType='"Text"', CommandTimeout='30']
SELECT i.id, i.created_at, i.created_by, i.currency_code, i.deleted_at, i.grn_numbers, i.integration_status, i.invoice_amount, i.invoice_date, i.invoice_number, i.invoice_type, i.oracle_invoice_id, i.pk_id, i.po_number, i.remarks, i.status, i.submission_date, i.updated_at, i.vendor_id
FROM invoice.invoices AS i
WHERE i.id = @__8__locals1_id_0 AND i.deleted_at IS NULL AND i.vendor_id = @__vendorId_1
LIMIT 1
2026-09-15 12:25:17.967 +05:00 [INF] Setting HTTP status code 200.
2026-09-15 12:25:17.969 +05:00 [INF] Writing value of type '<>f__AnonymousType67`6' as Json.
2026-09-15 12:25:17.971 +05:00 [INF] Executed endpoint 'HTTP: GET /api/v1/invoices/{id:guid}/issue'
2026-09-15 12:25:17.973 +05:00 [INF] HTTP GET /api/v1/invoices/d088a14e-a21e-46d9-a36c-26a2c71150d9/issue responded 200 in 55.8028 ms
2026-09-15 12:25:17.975 +05:00 [INF] Request finished HTTP/1.1 GET http://10.1.40.52:5044/api/v1/invoices/d088a14e-a21e-46d9-a36c-26a2c71150d9/issue - 200 null application/json; charset=utf-8 62.6865ms
2026-09-15 12:25:17.992 +05:00 [INF] Request starting HTTP/1.1 OPTIONS http://10.1.40.52:5044/api/v1/oracle/po-grns/my - null null
2026-09-15 12:25:17.994 +05:00 [INF] Request starting HTTP/1.1 OPTIONS http://10.1.40.52:5044/api/v1/invoices/d088a14e-a21e-46d9-a36c-26a2c71150d9 - null null
2026-09-15 12:25:17.998 +05:00 [INF] Request starting HTTP/1.1 OPTIONS http://10.1.40.52:5044/api/v1/invoices/d088a14e-a21e-46d9-a36c-26a2c71150d9 - null null
2026-09-15 12:25:17.998 +05:00 [INF] Request starting HTTP/1.1 OPTIONS http://10.1.40.52:5044/api/v1/oracle/po-grns/my - null null
2026-09-15 12:25:17.999 +05:00 [INF] CORS policy execution successful.
2026-09-15 12:25:18.003 +05:00 [INF] CORS policy execution successful.
2026-09-15 12:25:18.006 +05:00 [INF] CORS policy execution successful.
2026-09-15 12:25:18.009 +05:00 [INF] CORS policy execution successful.
2026-09-15 12:25:18.010 +05:00 [INF] HTTP OPTIONS /api/v1/oracle/po-grns/my responded 204 in 11.0070 ms
2026-09-15 12:25:18.011 +05:00 [INF] HTTP OPTIONS /api/v1/invoices/d088a14e-a21e-46d9-a36c-26a2c71150d9 responded 204 in 7.7109 ms
2026-09-15 12:25:18.012 +05:00 [INF] HTTP OPTIONS /api/v1/invoices/d088a14e-a21e-46d9-a36c-26a2c71150d9 responded 204 in 5.4495 ms
2026-09-15 12:25:18.013 +05:00 [INF] HTTP OPTIONS /api/v1/oracle/po-grns/my responded 204 in 3.6588 ms
2026-09-15 12:25:18.015 +05:00 [INF] Request finished HTTP/1.1 OPTIONS http://10.1.40.52:5044/api/v1/oracle/po-grns/my - 204 null null 22.6395ms
2026-09-15 12:25:18.018 +05:00 [INF] Request starting HTTP/1.1 GET http://10.1.40.52:5044/api/v1/oracle/po-grns/my - null null
2026-09-15 12:25:18.018 +05:00 [INF] Request finished HTTP/1.1 OPTIONS http://10.1.40.52:5044/api/v1/invoices/d088a14e-a21e-46d9-a36c-26a2c71150d9 - 204 null null 23.2044ms
2026-09-15 12:25:18.021 +05:00 [INF] Request finished HTTP/1.1 OPTIONS http://10.1.40.52:5044/api/v1/invoices/d088a14e-a21e-46d9-a36c-26a2c71150d9 - 204 null null 23.4978ms
2026-09-15 12:25:18.024 +05:00 [INF] Request finished HTTP/1.1 OPTIONS http://10.1.40.52:5044/api/v1/oracle/po-grns/my - 204 null null 25.9205ms
2026-09-15 12:25:18.024 +05:00 [INF] Request starting HTTP/1.1 GET http://10.1.40.52:5044/api/v1/invoices/d088a14e-a21e-46d9-a36c-26a2c71150d9 - null null
2026-09-15 12:25:18.030 +05:00 [INF] CORS policy execution successful.
2026-09-15 12:25:18.046 +05:00 [INF] CORS policy execution successful.
2026-09-15 12:25:18.047 +05:00 [INF] Executing endpoint 'HTTP: GET /api/v1/oracle/po-grns/my'
2026-09-15 12:25:18.048 +05:00 [INF] Executing endpoint 'HTTP: GET /api/v1/invoices/{id:guid}'
2026-09-15 12:25:18.063 +05:00 [INF] Executed DbCommand (13ms) [Parameters=[@__UserId_0='?' (DbType = Guid)], CommandType='"Text"', CommandTimeout='30']
SELECT v.vendor_id
FROM master.vendor_users AS v
WHERE v.user_id = @__UserId_0 AND v.is_active
LIMIT 1
2026-09-15 12:25:18.065 +05:00 [INF] Executed DbCommand (15ms) [Parameters=[@__UserId_0='?' (DbType = Guid)], CommandType='"Text"', CommandTimeout='30']
SELECT v.vendor_id
FROM master.vendor_users AS v
WHERE v.user_id = @__UserId_0 AND v.is_active
LIMIT 1
2026-09-15 12:25:18.082 +05:00 [INF] Executed DbCommand (13ms) [Parameters=[@__portalVendorId_Value_0='?' (DbType = Guid)], CommandType='"Text"', CommandTimeout='30']
SELECT v.oracle_vendor_id
FROM master.vendors AS v
WHERE v.id = @__portalVendorId_Value_0
LIMIT 1
2026-09-15 12:25:18.082 +05:00 [INF] Executed DbCommand (15ms) [Parameters=[@__id_0='?' (DbType = Guid), @__vendorId_1='?' (DbType = Guid)], CommandType='"Text"', CommandTimeout='30']
SELECT i.id, i.created_at, i.created_by, i.currency_code, i.deleted_at, i.grn_numbers, i.integration_status, i.invoice_amount, i.invoice_date, i.invoice_number, i.invoice_type, i.oracle_invoice_id, i.pk_id, i.po_number, i.remarks, i.status, i.submission_date, i.updated_at, i.vendor_id
FROM invoice.invoices AS i
WHERE i.id = @__id_0 AND i.deleted_at IS NULL AND i.vendor_id = @__vendorId_1
LIMIT 1
2026-09-15 12:25:18.100 +05:00 [INF] Executed DbCommand (11ms) [Parameters=[@__invoice_Id_0='?' (DbType = Guid)], CommandType='"Text"', CommandTimeout='30']
SELECT i.rcv_transaction_id
FROM invoice.invoice_line_grn_allocations AS i
WHERE i.invoice_id = @__invoice_Id_0
2026-09-15 12:25:18.110 +05:00 [INF] Executed DbCommand (6ms) [Parameters=[@__invoice_Id_0='?' (DbType = Guid)], CommandType='"Text"', CommandTimeout='30']
SELECT d.id AS "Id", d.document_type AS "DocumentType", d.original_file_name AS "OriginalFileName", d.content_type AS "ContentType", d.file_size AS "FileSize"
FROM invoice.documents AS d
WHERE d.invoice_id = @__invoice_Id_0
ORDER BY d.uploaded_at
2026-09-15 12:25:18.113 +05:00 [INF] Setting HTTP status code 200.
2026-09-15 12:25:18.114 +05:00 [INF] Writing value of type '<>f__AnonymousType65`13' as Json.
2026-09-15 12:25:18.115 +05:00 [INF] Executed endpoint 'HTTP: GET /api/v1/invoices/{id:guid}'
2026-09-15 12:25:18.117 +05:00 [INF] HTTP GET /api/v1/invoices/d088a14e-a21e-46d9-a36c-26a2c71150d9 responded 200 in 70.6219 ms
2026-09-15 12:25:18.118 +05:00 [INF] Request starting HTTP/1.1 GET http://10.1.40.52:5044/api/v1/invoices/d088a14e-a21e-46d9-a36c-26a2c71150d9 - null null
2026-09-15 12:25:18.120 +05:00 [INF] Request finished HTTP/1.1 GET http://10.1.40.52:5044/api/v1/invoices/d088a14e-a21e-46d9-a36c-26a2c71150d9 - 200 null application/json; charset=utf-8 95.9338ms
2026-09-15 12:25:18.124 +05:00 [INF] CORS policy execution successful.
2026-09-15 12:25:18.130 +05:00 [INF] Executing endpoint 'HTTP: GET /api/v1/invoices/{id:guid}'
2026-09-15 12:25:18.130 +05:00 [INF] Request starting HTTP/1.1 OPTIONS http://10.1.40.52:5044/api/v1/oracle/receipt-lines/my?poNumber=39658&grnNumbers= - null null
2026-09-15 12:25:18.134 +05:00 [INF] CORS policy execution successful.
2026-09-15 12:25:18.136 +05:00 [INF] HTTP OPTIONS /api/v1/oracle/receipt-lines/my responded 204 in 1.4069 ms
2026-09-15 12:25:18.138 +05:00 [INF] Request finished HTTP/1.1 OPTIONS http://10.1.40.52:5044/api/v1/oracle/receipt-lines/my?poNumber=39658&grnNumbers= - 204 null null 8.3874ms
2026-09-15 12:25:18.141 +05:00 [INF] Request starting HTTP/1.1 GET http://10.1.40.52:5044/api/v1/oracle/receipt-lines/my?poNumber=39658&grnNumbers= - null null
2026-09-15 12:25:18.146 +05:00 [INF] CORS policy execution successful.
2026-09-15 12:25:18.148 +05:00 [INF] Executing endpoint 'HTTP: GET /api/v1/oracle/receipt-lines/my'
2026-09-15 12:25:18.152 +05:00 [INF] Executed DbCommand (20ms) [Parameters=[@__UserId_0='?' (DbType = Guid)], CommandType='"Text"', CommandTimeout='30']
SELECT v.vendor_id
FROM master.vendor_users AS v
WHERE v.user_id = @__UserId_0 AND v.is_active
LIMIT 1
2026-09-15 12:25:18.161 +05:00 [INF] Executed DbCommand (10ms) [Parameters=[@__UserId_0='?' (DbType = Guid)], CommandType='"Text"', CommandTimeout='30']
SELECT v.vendor_id
FROM master.vendor_users AS v
WHERE v.user_id = @__UserId_0 AND v.is_active
LIMIT 1
2026-09-15 12:25:18.164 +05:00 [INF] Executed DbCommand (7ms) [Parameters=[@__id_0='?' (DbType = Guid), @__vendorId_1='?' (DbType = Guid)], CommandType='"Text"', CommandTimeout='30']
SELECT i.id, i.created_at, i.created_by, i.currency_code, i.deleted_at, i.grn_numbers, i.integration_status, i.invoice_amount, i.invoice_date, i.invoice_number, i.invoice_type, i.oracle_invoice_id, i.pk_id, i.po_number, i.remarks, i.status, i.submission_date, i.updated_at, i.vendor_id
FROM invoice.invoices AS i
WHERE i.id = @__id_0 AND i.deleted_at IS NULL AND i.vendor_id = @__vendorId_1
LIMIT 1
2026-09-15 12:25:18.174 +05:00 [INF] Executed DbCommand (8ms) [Parameters=[@__portalVendorId_Value_0='?' (DbType = Guid)], CommandType='"Text"', CommandTimeout='30']
SELECT v.oracle_vendor_id
FROM master.vendors AS v
WHERE v.id = @__portalVendorId_Value_0
LIMIT 1
2026-09-15 12:25:18.179 +05:00 [INF] Receipt line lookup: loading GRNs from Oracle. VendorId=412, PO=39658
2026-09-15 12:25:18.181 +05:00 [INF] Executed DbCommand (11ms) [Parameters=[@__invoice_Id_0='?' (DbType = Guid)], CommandType='"Text"', CommandTimeout='30']
SELECT i.rcv_transaction_id
FROM invoice.invoice_line_grn_allocations AS i
WHERE i.invoice_id = @__invoice_Id_0
2026-09-15 12:25:18.190 +05:00 [INF] Resolving Oracle receipt lines. VendorId=412, PO=39658, GRNs=47627
2026-09-15 12:25:18.198 +05:00 [INF] Executed DbCommand (13ms) [Parameters=[@__invoice_Id_0='?' (DbType = Guid)], CommandType='"Text"', CommandTimeout='30']
SELECT d.id AS "Id", d.document_type AS "DocumentType", d.original_file_name AS "OriginalFileName", d.content_type AS "ContentType", d.file_size AS "FileSize"
FROM invoice.documents AS d
WHERE d.invoice_id = @__invoice_Id_0
ORDER BY d.uploaded_at
2026-09-15 12:25:18.202 +05:00 [INF] Setting HTTP status code 200.
2026-09-15 12:25:18.204 +05:00 [INF] Writing value of type '<>f__AnonymousType65`13' as Json.
2026-09-15 12:25:18.206 +05:00 [INF] Executed endpoint 'HTTP: GET /api/v1/invoices/{id:guid}'
2026-09-15 12:25:18.208 +05:00 [INF] Resolved 1 eligible Oracle receipt line(s). VendorId=412, PO=39658, GRNs=47627
2026-09-15 12:25:18.208 +05:00 [INF] HTTP GET /api/v1/invoices/d088a14e-a21e-46d9-a36c-26a2c71150d9 responded 200 in 84.3726 ms
2026-09-15 12:25:18.210 +05:00 [INF] Oracle receipt-line lookup successful. VendorId=412, PO=39658, Count=1
2026-09-15 12:25:18.213 +05:00 [INF] Request finished HTTP/1.1 GET http://10.1.40.52:5044/api/v1/invoices/d088a14e-a21e-46d9-a36c-26a2c71150d9 - 200 null application/json; charset=utf-8 94.3156ms
2026-09-15 12:25:18.215 +05:00 [INF] Setting HTTP status code 200.
2026-09-15 12:25:18.215 +05:00 [INF] Setting HTTP status code 200.
2026-09-15 12:25:18.222 +05:00 [INF] Writing value of type 'List`1' as Json.
2026-09-15 12:25:18.226 +05:00 [INF] Writing value of type 'List`1' as Json.
2026-09-15 12:25:18.232 +05:00 [INF] Executed endpoint 'HTTP: GET /api/v1/oracle/receipt-lines/my'
2026-09-15 12:25:18.242 +05:00 [INF] Executed endpoint 'HTTP: GET /api/v1/oracle/po-grns/my'
2026-09-15 12:25:18.246 +05:00 [INF] Request starting HTTP/1.1 GET http://10.1.40.52:5044/api/v1/oracle/po-grns/my - null null
2026-09-15 12:25:18.248 +05:00 [INF] HTTP GET /api/v1/oracle/receipt-lines/my responded 200 in 101.8409 ms
2026-09-15 12:25:18.259 +05:00 [INF] HTTP GET /api/v1/oracle/po-grns/my responded 200 in 229.4320 ms
2026-09-15 12:25:18.276 +05:00 [INF] CORS policy execution successful.
2026-09-15 12:25:18.285 +05:00 [INF] Request finished HTTP/1.1 GET http://10.1.40.52:5044/api/v1/oracle/receipt-lines/my?poNumber=39658&grnNumbers= - 200 null application/json; charset=utf-8 143.9748ms
2026-09-15 12:25:18.297 +05:00 [INF] Request finished HTTP/1.1 GET http://10.1.40.52:5044/api/v1/oracle/po-grns/my - 200 null application/json; charset=utf-8 279.0713ms
2026-09-15 12:25:18.303 +05:00 [INF] Executing endpoint 'HTTP: GET /api/v1/oracle/po-grns/my'
2026-09-15 12:25:18.313 +05:00 [INF] Request starting HTTP/1.1 OPTIONS http://10.1.40.52:5044/api/v1/oracle/receipt-lines/my?poNumber=39658&grnNumbers=47627 - null null
2026-09-15 12:25:18.360 +05:00 [INF] CORS policy execution successful.
2026-09-15 12:25:18.364 +05:00 [INF] HTTP OPTIONS /api/v1/oracle/receipt-lines/my responded 204 in 3.7465 ms
2026-09-15 12:25:18.370 +05:00 [INF] Request finished HTTP/1.1 OPTIONS http://10.1.40.52:5044/api/v1/oracle/receipt-lines/my?poNumber=39658&grnNumbers=47627 - 204 null null 56.8998ms
2026-09-15 12:25:18.373 +05:00 [INF] Request starting HTTP/1.1 GET http://10.1.40.52:5044/api/v1/oracle/receipt-lines/my?poNumber=39658&grnNumbers=47627 - null null
2026-09-15 12:25:18.376 +05:00 [INF] Executed DbCommand (26ms) [Parameters=[@__UserId_0='?' (DbType = Guid)], CommandType='"Text"', CommandTimeout='30']
SELECT v.vendor_id
FROM master.vendor_users AS v
WHERE v.user_id = @__UserId_0 AND v.is_active
LIMIT 1
2026-09-15 12:25:18.396 +05:00 [INF] CORS policy execution successful.
2026-09-15 12:25:18.408 +05:00 [INF] Executing endpoint 'HTTP: GET /api/v1/oracle/receipt-lines/my'
2026-09-15 12:25:18.411 +05:00 [INF] Executed DbCommand (6ms) [Parameters=[@__portalVendorId_Value_0='?' (DbType = Guid)], CommandType='"Text"', CommandTimeout='30']
SELECT v.oracle_vendor_id
FROM master.vendors AS v
WHERE v.id = @__portalVendorId_Value_0
LIMIT 1
2026-09-15 12:25:18.421 +05:00 [INF] Executed DbCommand (7ms) [Parameters=[@__UserId_0='?' (DbType = Guid)], CommandType='"Text"', CommandTimeout='30']
SELECT v.vendor_id
FROM master.vendor_users AS v
WHERE v.user_id = @__UserId_0 AND v.is_active
LIMIT 1
2026-09-15 12:25:18.460 +05:00 [INF] Executed DbCommand (29ms) [Parameters=[@__portalVendorId_Value_0='?' (DbType = Guid)], CommandType='"Text"', CommandTimeout='30']
SELECT v.oracle_vendor_id
FROM master.vendors AS v
WHERE v.id = @__portalVendorId_Value_0
LIMIT 1
2026-09-15 12:25:18.467 +05:00 [INF] Resolving Oracle receipt lines. VendorId=412, PO=39658, GRNs=47627
2026-09-15 12:25:18.482 +05:00 [INF] Resolved 1 eligible Oracle receipt line(s). VendorId=412, PO=39658, GRNs=47627
2026-09-15 12:25:18.488 +05:00 [INF] Oracle receipt-line lookup successful. VendorId=412, PO=39658, Count=1
2026-09-15 12:25:18.493 +05:00 [INF] Setting HTTP status code 200.
2026-09-15 12:25:18.496 +05:00 [INF] Writing value of type 'List`1' as Json.
2026-09-15 12:25:18.501 +05:00 [INF] Executed endpoint 'HTTP: GET /api/v1/oracle/receipt-lines/my'
2026-09-15 12:25:18.506 +05:00 [INF] HTTP GET /api/v1/oracle/receipt-lines/my responded 200 in 110.5098 ms
2026-09-15 12:25:18.513 +05:00 [INF] Request finished HTTP/1.1 GET http://10.1.40.52:5044/api/v1/oracle/receipt-lines/my?poNumber=39658&grnNumbers=47627 - 200 null application/json; charset=utf-8 139.013ms
2026-09-15 12:25:18.541 +05:00 [INF] Setting HTTP status code 200.
2026-09-15 12:25:18.547 +05:00 [INF] Writing value of type 'List`1' as Json.
2026-09-15 12:25:18.553 +05:00 [INF] Executed endpoint 'HTTP: GET /api/v1/oracle/po-grns/my'
2026-09-15 12:25:18.558 +05:00 [INF] HTTP GET /api/v1/oracle/po-grns/my responded 200 in 282.0667 ms
2026-09-15 12:25:18.564 +05:00 [INF] Request finished HTTP/1.1 GET http://10.1.40.52:5044/api/v1/oracle/po-grns/my - 200 null application/json; charset=utf-8 317.6676ms
2026-09-15 12:25:18.575 +05:00 [INF] Request starting HTTP/1.1 GET http://10.1.40.52:5044/api/v1/oracle/receipt-lines/my?poNumber=39658&grnNumbers=47627 - null null
2026-09-15 12:25:18.584 +05:00 [INF] CORS policy execution successful.
2026-09-15 12:25:18.588 +05:00 [INF] Executing endpoint 'HTTP: GET /api/v1/oracle/receipt-lines/my'
2026-09-15 12:25:18.603 +05:00 [INF] Executed DbCommand (9ms) [Parameters=[@__UserId_0='?' (DbType = Guid)], CommandType='"Text"', CommandTimeout='30']
SELECT v.vendor_id
FROM master.vendor_users AS v
WHERE v.user_id = @__UserId_0 AND v.is_active
LIMIT 1
2026-09-15 12:25:18.623 +05:00 [INF] Executed DbCommand (12ms) [Parameters=[@__portalVendorId_Value_0='?' (DbType = Guid)], CommandType='"Text"', CommandTimeout='30']
SELECT v.oracle_vendor_id
FROM master.vendors AS v
WHERE v.id = @__portalVendorId_Value_0
LIMIT 1
2026-09-15 12:25:18.632 +05:00 [INF] Resolving Oracle receipt lines. VendorId=412, PO=39658, GRNs=47627
2026-09-15 12:25:18.749 +05:00 [INF] Resolved 1 eligible Oracle receipt line(s). VendorId=412, PO=39658, GRNs=47627
2026-09-15 12:25:18.754 +05:00 [INF] Oracle receipt-line lookup successful. VendorId=412, PO=39658, Count=1
2026-09-15 12:25:18.759 +05:00 [INF] Setting HTTP status code 200.
2026-09-15 12:25:18.763 +05:00 [INF] Writing value of type 'List`1' as Json.
2026-09-15 12:25:18.767 +05:00 [INF] Executed endpoint 'HTTP: GET /api/v1/oracle/receipt-lines/my'
2026-09-15 12:25:18.773 +05:00 [INF] HTTP GET /api/v1/oracle/receipt-lines/my responded 200 in 188.8614 ms
2026-09-15 12:25:18.779 +05:00 [INF] Request finished HTTP/1.1 GET http://10.1.40.52:5044/api/v1/oracle/receipt-lines/my?poNumber=39658&grnNumbers=47627 - 200 null application/json; charset=utf-8 203.8055ms
2026-09-15 12:25:21.825 +05:00 [INF] Request starting HTTP/1.1 OPTIONS http://10.1.40.52:5044/api/v1/invoices/my - null null
2026-09-15 12:25:21.827 +05:00 [INF] Request starting HTTP/1.1 OPTIONS http://10.1.40.52:5044/api/v1/invoices/my - null null
2026-09-15 12:25:21.831 +05:00 [INF] CORS policy execution successful.
2026-09-15 12:25:21.836 +05:00 [INF] CORS policy execution successful.
2026-09-15 12:25:21.838 +05:00 [INF] HTTP OPTIONS /api/v1/invoices/my responded 204 in 6.9834 ms
2026-09-15 12:25:21.839 +05:00 [INF] HTTP OPTIONS /api/v1/invoices/my responded 204 in 2.8516 ms
2026-09-15 12:25:21.842 +05:00 [INF] Request finished HTTP/1.1 OPTIONS http://10.1.40.52:5044/api/v1/invoices/my - 204 null null 16.5042ms
2026-09-15 12:25:21.844 +05:00 [INF] Request finished HTTP/1.1 OPTIONS http://10.1.40.52:5044/api/v1/invoices/my - 204 null null 17.0572ms
2026-09-15 12:25:21.845 +05:00 [INF] Request starting HTTP/1.1 GET http://10.1.40.52:5044/api/v1/invoices/my - null null
2026-09-15 12:25:21.858 +05:00 [INF] CORS policy execution successful.
2026-09-15 12:25:21.860 +05:00 [INF] Executing endpoint 'HTTP: GET /api/v1/invoices/my'
2026-09-15 12:25:21.870 +05:00 [INF] Executed DbCommand (8ms) [Parameters=[@__UserId_0='?' (DbType = Guid)], CommandType='"Text"', CommandTimeout='30']
SELECT DISTINCT p.code
FROM security.user_roles AS u
INNER JOIN security.role_permissions AS r ON u.role_id = r.role_id
INNER JOIN security.permissions AS p ON r.permission_id = p.id
WHERE u.user_id = @__UserId_0
2026-09-15 12:25:21.887 +05:00 [INF] Executed DbCommand (11ms) [Parameters=[@__UserId_0='?' (DbType = Guid)], CommandType='"Text"', CommandTimeout='30']
SELECT u.user_id, u.permission_id, u.is_allowed
FROM security.user_permission_overrides AS u
WHERE u.user_id = @__UserId_0
2026-09-15 12:25:21.915 +05:00 [INF] Executed DbCommand (21ms) [Parameters=[@__UserId_0='?' (DbType = Guid)], CommandType='"Text"', CommandTimeout='30']
SELECT v.vendor_id
FROM master.vendor_users AS v
WHERE v.user_id = @__UserId_0 AND v.is_active
LIMIT 1
2026-09-15 12:25:21.926 +05:00 [INF] Executed DbCommand (6ms) [Parameters=[@__vendorId_0='?' (DbType = Guid)], CommandType='"Text"', CommandTimeout='30']
SELECT i.id AS "Id", i.invoice_number AS "InvoiceNumber", i.invoice_date AS "InvoiceDate", i.invoice_amount AS "InvoiceAmount", i.status AS "Status", i.integration_status AS "IntegrationStatus", i.submission_date AS "SubmissionDate", i.updated_at AS "UpdatedAt", i.po_number AS "PoNumber", i.grn_numbers AS "GrnNumbers", i.invoice_type AS "InvoiceType", i.remarks AS "Remarks"
FROM invoice.invoices AS i
WHERE i.vendor_id = @__vendorId_0 AND i.deleted_at IS NULL
ORDER BY i.updated_at DESC
2026-09-15 12:25:21.930 +05:00 [INF] Setting HTTP status code 200.
2026-09-15 12:25:21.931 +05:00 [INF] Writing value of type 'SelectListIterator`2' as Json.
2026-09-15 12:25:21.933 +05:00 [INF] Executed endpoint 'HTTP: GET /api/v1/invoices/my'
2026-09-15 12:25:21.935 +05:00 [INF] HTTP GET /api/v1/invoices/my responded 200 in 77.4055 ms
2026-09-15 12:25:21.936 +05:00 [INF] Request starting HTTP/1.1 GET http://10.1.40.52:5044/api/v1/invoices/my - null null
2026-09-15 12:25:21.939 +05:00 [INF] Request finished HTTP/1.1 GET http://10.1.40.52:5044/api/v1/invoices/my - 200 null application/json; charset=utf-8 93.9054ms
2026-09-15 12:25:21.943 +05:00 [INF] CORS policy execution successful.
2026-09-15 12:25:21.949 +05:00 [INF] Executing endpoint 'HTTP: GET /api/v1/invoices/my'
2026-09-15 12:25:21.966 +05:00 [INF] Executed DbCommand (13ms) [Parameters=[@__UserId_0='?' (DbType = Guid)], CommandType='"Text"', CommandTimeout='30']
SELECT DISTINCT p.code
FROM security.user_roles AS u
INNER JOIN security.role_permissions AS r ON u.role_id = r.role_id
INNER JOIN security.permissions AS p ON r.permission_id = p.id
WHERE u.user_id = @__UserId_0
2026-09-15 12:25:21.976 +05:00 [INF] Executed DbCommand (5ms) [Parameters=[@__UserId_0='?' (DbType = Guid)], CommandType='"Text"', CommandTimeout='30']
SELECT u.user_id, u.permission_id, u.is_allowed
FROM security.user_permission_overrides AS u
WHERE u.user_id = @__UserId_0
2026-09-15 12:25:21.999 +05:00 [INF] Executed DbCommand (19ms) [Parameters=[@__UserId_0='?' (DbType = Guid)], CommandType='"Text"', CommandTimeout='30']
SELECT v.vendor_id
FROM master.vendor_users AS v
WHERE v.user_id = @__UserId_0 AND v.is_active
LIMIT 1
2026-09-15 12:25:22.011 +05:00 [INF] Executed DbCommand (8ms) [Parameters=[@__vendorId_0='?' (DbType = Guid)], CommandType='"Text"', CommandTimeout='30']
SELECT i.id AS "Id", i.invoice_number AS "InvoiceNumber", i.invoice_date AS "InvoiceDate", i.invoice_amount AS "InvoiceAmount", i.status AS "Status", i.integration_status AS "IntegrationStatus", i.submission_date AS "SubmissionDate", i.updated_at AS "UpdatedAt", i.po_number AS "PoNumber", i.grn_numbers AS "GrnNumbers", i.invoice_type AS "InvoiceType", i.remarks AS "Remarks"
FROM invoice.invoices AS i
WHERE i.vendor_id = @__vendorId_0 AND i.deleted_at IS NULL
ORDER BY i.updated_at DESC
2026-09-15 12:25:22.016 +05:00 [INF] Setting HTTP status code 200.
2026-09-15 12:25:22.018 +05:00 [INF] Writing value of type 'SelectListIterator`2' as Json.
2026-09-15 12:25:22.021 +05:00 [INF] Executed endpoint 'HTTP: GET /api/v1/invoices/my'
2026-09-15 12:25:22.023 +05:00 [INF] HTTP GET /api/v1/invoices/my responded 200 in 79.9807 ms
2026-09-15 12:25:22.026 +05:00 [INF] Request finished HTTP/1.1 GET http://10.1.40.52:5044/api/v1/invoices/my - 200 null application/json; charset=utf-8 89.9291ms
2026-09-15 12:25:24.377 +05:00 [INF] Request starting HTTP/1.1 OPTIONS http://10.1.40.52:5044/api/v1/invoices/6e342247-014b-4913-a694-cbf933e656cd - null null
2026-09-15 12:25:24.380 +05:00 [INF] CORS policy execution successful.
2026-09-15 12:25:24.381 +05:00 [INF] HTTP OPTIONS /api/v1/invoices/6e342247-014b-4913-a694-cbf933e656cd responded 204 in 1.0788 ms
2026-09-15 12:25:24.384 +05:00 [INF] Request finished HTTP/1.1 OPTIONS http://10.1.40.52:5044/api/v1/invoices/6e342247-014b-4913-a694-cbf933e656cd - 204 null null 7.1612ms
2026-09-15 12:25:24.387 +05:00 [INF] Request starting HTTP/1.1 DELETE http://10.1.40.52:5044/api/v1/invoices/6e342247-014b-4913-a694-cbf933e656cd - null null
2026-09-15 12:25:24.392 +05:00 [INF] CORS policy execution successful.
2026-09-15 12:25:24.393 +05:00 [INF] Executing endpoint 'HTTP: DELETE /api/v1/invoices/{id:guid}'
2026-09-15 12:25:24.405 +05:00 [INF] Executed DbCommand (7ms) [Parameters=[@__UserId_0='?' (DbType = Guid)], CommandType='"Text"', CommandTimeout='30']
SELECT DISTINCT p.code
FROM security.user_roles AS u
INNER JOIN security.role_permissions AS r ON u.role_id = r.role_id
INNER JOIN security.permissions AS p ON r.permission_id = p.id
WHERE u.user_id = @__UserId_0
2026-09-15 12:25:24.415 +05:00 [INF] Executed DbCommand (8ms) [Parameters=[@__UserId_0='?' (DbType = Guid)], CommandType='"Text"', CommandTimeout='30']
SELECT u.user_id, u.permission_id, u.is_allowed
FROM security.user_permission_overrides AS u
WHERE u.user_id = @__UserId_0
2026-09-15 12:25:24.425 +05:00 [INF] Executed DbCommand (6ms) [Parameters=[@__UserId_0='?' (DbType = Guid)], CommandType='"Text"', CommandTimeout='30']
SELECT v.vendor_id
FROM master.vendor_users AS v
WHERE v.user_id = @__UserId_0 AND v.is_active
LIMIT 1
2026-09-15 12:25:24.437 +05:00 [INF] Executed DbCommand (9ms) [Parameters=[@__id_0='?' (DbType = Guid), @__vendorId_1='?' (DbType = Guid)], CommandType='"Text"', CommandTimeout='30']
SELECT i.id, i.created_at, i.created_by, i.currency_code, i.deleted_at, i.grn_numbers, i.integration_status, i.invoice_amount, i.invoice_date, i.invoice_number, i.invoice_type, i.oracle_invoice_id, i.pk_id, i.po_number, i.remarks, i.status, i.submission_date, i.updated_at, i.vendor_id
FROM invoice.invoices AS i
WHERE i.id = @__id_0 AND i.deleted_at IS NULL AND i.vendor_id = @__vendorId_1
LIMIT 1
2026-09-15 12:25:24.449 +05:00 [INF] Executed DbCommand (9ms) [Parameters=[@p0='?' (DbType = Guid)], CommandType='"Text"', CommandTimeout='30']
UPDATE
    integration.outbox_messages
SET
    status = 'FAILED',
    next_attempt_at = NULL
WHERE
    aggregate_id = @p0
AND
    status IN
    (
        'PENDING',
        'RETRYING',
        'PROCESSING',
        'FAILED'
    )
2026-09-15 12:25:24.465 +05:00 [INF] Executed DbCommand (12ms) [Parameters=[@p0='?' (DbType = DateTime), @p1='?' (DbType = Guid), @p2='?' (DbType = Guid), @p3='?' (DbType = Guid), @p4='?', @p5='?', @p6='?', @p7='?', @p10='?' (DbType = Guid), @p8='?' (DbType = DateTime), @p9='?' (DbType = DateTime)], CommandType='"Text"', CommandTimeout='30']
INSERT INTO invoice.invoice_status_history (changed_at, changed_by, correlation_id, invoice_id, new_status, old_status, remarks, source)
VALUES (@p0, @p1, @p2, @p3, @p4, @p5, @p6, @p7)
RETURNING id;
UPDATE invoice.invoices SET deleted_at = @p8, updated_at = @p9
WHERE id = @p10;
2026-09-15 12:25:24.476 +05:00 [INF] Setting HTTP status code 200.
2026-09-15 12:25:24.480 +05:00 [INF] Writing value of type '<>f__AnonymousType68`2' as Json.
2026-09-15 12:25:24.483 +05:00 [INF] Executed endpoint 'HTTP: DELETE /api/v1/invoices/{id:guid}'
2026-09-15 12:25:24.484 +05:00 [INF] HTTP DELETE /api/v1/invoices/6e342247-014b-4913-a694-cbf933e656cd responded 200 in 92.6932 ms
2026-09-15 12:25:24.488 +05:00 [INF] Request finished HTTP/1.1 DELETE http://10.1.40.52:5044/api/v1/invoices/6e342247-014b-4913-a694-cbf933e656cd - 200 null application/json; charset=utf-8 100.7782ms
2026-09-15 12:25:26.348 +05:00 [INF] Request starting HTTP/1.1 OPTIONS http://10.1.40.52:5044/api/v1/invoices/d088a14e-a21e-46d9-a36c-26a2c71150d9 - null null
2026-09-15 12:25:26.353 +05:00 [INF] CORS policy execution successful.
2026-09-15 12:25:26.356 +05:00 [INF] HTTP OPTIONS /api/v1/invoices/d088a14e-a21e-46d9-a36c-26a2c71150d9 responded 204 in 2.4037 ms
2026-09-15 12:25:26.358 +05:00 [INF] Request finished HTTP/1.1 OPTIONS http://10.1.40.52:5044/api/v1/invoices/d088a14e-a21e-46d9-a36c-26a2c71150d9 - 204 null null 10.0359ms
2026-09-15 12:25:26.360 +05:00 [INF] Request starting HTTP/1.1 DELETE http://10.1.40.52:5044/api/v1/invoices/d088a14e-a21e-46d9-a36c-26a2c71150d9 - null null
2026-09-15 12:25:26.366 +05:00 [INF] CORS policy execution successful.
2026-09-15 12:25:26.368 +05:00 [INF] Executing endpoint 'HTTP: DELETE /api/v1/invoices/{id:guid}'
2026-09-15 12:25:26.383 +05:00 [INF] Executed DbCommand (11ms) [Parameters=[@__UserId_0='?' (DbType = Guid)], CommandType='"Text"', CommandTimeout='30']
SELECT DISTINCT p.code
FROM security.user_roles AS u
INNER JOIN security.role_permissions AS r ON u.role_id = r.role_id
INNER JOIN security.permissions AS p ON r.permission_id = p.id
WHERE u.user_id = @__UserId_0
2026-09-15 12:25:26.404 +05:00 [INF] Executed DbCommand (17ms) [Parameters=[@__UserId_0='?' (DbType = Guid)], CommandType='"Text"', CommandTimeout='30']
SELECT u.user_id, u.permission_id, u.is_allowed
FROM security.user_permission_overrides AS u
WHERE u.user_id = @__UserId_0
2026-09-15 12:25:26.413 +05:00 [INF] Executed DbCommand (5ms) [Parameters=[@__UserId_0='?' (DbType = Guid)], CommandType='"Text"', CommandTimeout='30']
SELECT v.vendor_id
FROM master.vendor_users AS v
WHERE v.user_id = @__UserId_0 AND v.is_active
LIMIT 1
2026-09-15 12:25:26.435 +05:00 [INF] Executed DbCommand (18ms) [Parameters=[@__id_0='?' (DbType = Guid), @__vendorId_1='?' (DbType = Guid)], CommandType='"Text"', CommandTimeout='30']
SELECT i.id, i.created_at, i.created_by, i.currency_code, i.deleted_at, i.grn_numbers, i.integration_status, i.invoice_amount, i.invoice_date, i.invoice_number, i.invoice_type, i.oracle_invoice_id, i.pk_id, i.po_number, i.remarks, i.status, i.submission_date, i.updated_at, i.vendor_id
FROM invoice.invoices AS i
WHERE i.id = @__id_0 AND i.deleted_at IS NULL AND i.vendor_id = @__vendorId_1
LIMIT 1
2026-09-15 12:25:26.449 +05:00 [INF] Executed DbCommand (7ms) [Parameters=[@p0='?' (DbType = Guid)], CommandType='"Text"', CommandTimeout='30']
UPDATE
    integration.outbox_messages
SET
    status = 'FAILED',
    next_attempt_at = NULL
WHERE
    aggregate_id = @p0
AND
    status IN
    (
        'PENDING',
        'RETRYING',
        'PROCESSING',
        'FAILED'
    )
2026-09-15 12:25:26.503 +05:00 [INF] Executed DbCommand (46ms) [Parameters=[@p0='?' (DbType = DateTime), @p1='?' (DbType = Guid), @p2='?' (DbType = Guid), @p3='?' (DbType = Guid), @p4='?', @p5='?', @p6='?', @p7='?', @p10='?' (DbType = Guid), @p8='?' (DbType = DateTime), @p9='?' (DbType = DateTime)], CommandType='"Text"', CommandTimeout='30']
INSERT INTO invoice.invoice_status_history (changed_at, changed_by, correlation_id, invoice_id, new_status, old_status, remarks, source)
VALUES (@p0, @p1, @p2, @p3, @p4, @p5, @p6, @p7)
RETURNING id;
UPDATE invoice.invoices SET deleted_at = @p8, updated_at = @p9
WHERE id = @p10;
2026-09-15 12:25:26.514 +05:00 [INF] Setting HTTP status code 200.
2026-09-15 12:25:26.515 +05:00 [INF] Writing value of type '<>f__AnonymousType68`2' as Json.
2026-09-15 12:25:26.516 +05:00 [INF] Executed endpoint 'HTTP: DELETE /api/v1/invoices/{id:guid}'
2026-09-15 12:25:26.519 +05:00 [INF] HTTP DELETE /api/v1/invoices/d088a14e-a21e-46d9-a36c-26a2c71150d9 responded 200 in 152.5745 ms
2026-09-15 12:25:26.522 +05:00 [INF] Request finished HTTP/1.1 DELETE http://10.1.40.52:5044/api/v1/invoices/d088a14e-a21e-46d9-a36c-26a2c71150d9 - 200 null application/json; charset=utf-8 161.9895ms
2026-09-15 12:25:27.799 +05:00 [INF] Request starting HTTP/1.1 OPTIONS http://10.1.40.52:5044/api/v1/oracle/po-grns/my - null null
2026-09-15 12:25:27.801 +05:00 [INF] Request starting HTTP/1.1 OPTIONS http://10.1.40.52:5044/api/v1/oracle/po-grns/my - null null
2026-09-15 12:25:27.805 +05:00 [INF] CORS policy execution successful.
2026-09-15 12:25:27.812 +05:00 [INF] CORS policy execution successful.
2026-09-15 12:25:27.814 +05:00 [INF] HTTP OPTIONS /api/v1/oracle/po-grns/my responded 204 in 8.4508 ms
2026-09-15 12:25:27.816 +05:00 [INF] HTTP OPTIONS /api/v1/oracle/po-grns/my responded 204 in 3.6811 ms
2026-09-15 12:25:27.820 +05:00 [INF] Request finished HTTP/1.1 OPTIONS http://10.1.40.52:5044/api/v1/oracle/po-grns/my - 204 null null 21.2326ms
2026-09-15 12:25:27.824 +05:00 [INF] Request finished HTTP/1.1 OPTIONS http://10.1.40.52:5044/api/v1/oracle/po-grns/my - 204 null null 22.8506ms
2026-09-15 12:25:27.825 +05:00 [INF] Request starting HTTP/1.1 GET http://10.1.40.52:5044/api/v1/oracle/po-grns/my - null null
2026-09-15 12:25:27.833 +05:00 [INF] CORS policy execution successful.
2026-09-15 12:25:27.834 +05:00 [INF] Executing endpoint 'HTTP: GET /api/v1/oracle/po-grns/my'
2026-09-15 12:25:27.845 +05:00 [INF] Executed DbCommand (8ms) [Parameters=[@__UserId_0='?' (DbType = Guid)], CommandType='"Text"', CommandTimeout='30']
SELECT v.vendor_id
FROM master.vendor_users AS v
WHERE v.user_id = @__UserId_0 AND v.is_active
LIMIT 1
2026-09-15 12:25:27.858 +05:00 [INF] Executed DbCommand (9ms) [Parameters=[@__portalVendorId_Value_0='?' (DbType = Guid)], CommandType='"Text"', CommandTimeout='30']
SELECT v.oracle_vendor_id
FROM master.vendors AS v
WHERE v.id = @__portalVendorId_Value_0
LIMIT 1
2026-09-15 12:25:27.964 +05:00 [INF] Setting HTTP status code 200.
2026-09-15 12:25:27.968 +05:00 [INF] Writing value of type 'List`1' as Json.
2026-09-15 12:25:27.974 +05:00 [INF] Executed endpoint 'HTTP: GET /api/v1/oracle/po-grns/my'
2026-09-15 12:25:27.977 +05:00 [INF] HTTP GET /api/v1/oracle/po-grns/my responded 200 in 144.3406 ms
2026-09-15 12:25:27.979 +05:00 [INF] Request starting HTTP/1.1 GET http://10.1.40.52:5044/api/v1/oracle/po-grns/my - null null
2026-09-15 12:25:27.983 +05:00 [INF] Request finished HTTP/1.1 GET http://10.1.40.52:5044/api/v1/oracle/po-grns/my - 200 null application/json; charset=utf-8 158.5303ms
2026-09-15 12:25:27.993 +05:00 [INF] CORS policy execution successful.
2026-09-15 12:25:28.007 +05:00 [INF] Executing endpoint 'HTTP: GET /api/v1/oracle/po-grns/my'
2026-09-15 12:25:28.020 +05:00 [INF] Executed DbCommand (10ms) [Parameters=[@__UserId_0='?' (DbType = Guid)], CommandType='"Text"', CommandTimeout='30']
SELECT v.vendor_id
FROM master.vendor_users AS v
WHERE v.user_id = @__UserId_0 AND v.is_active
LIMIT 1
2026-09-15 12:25:28.029 +05:00 [INF] Executed DbCommand (5ms) [Parameters=[@__portalVendorId_Value_0='?' (DbType = Guid)], CommandType='"Text"', CommandTimeout='30']
SELECT v.oracle_vendor_id
FROM master.vendors AS v
WHERE v.id = @__portalVendorId_Value_0
LIMIT 1
2026-09-15 12:25:28.136 +05:00 [INF] Setting HTTP status code 200.
2026-09-15 12:25:28.139 +05:00 [INF] Writing value of type 'List`1' as Json.
2026-09-15 12:25:28.142 +05:00 [INF] Executed endpoint 'HTTP: GET /api/v1/oracle/po-grns/my'
2026-09-15 12:25:28.146 +05:00 [INF] HTTP GET /api/v1/oracle/po-grns/my responded 200 in 153.2144 ms
2026-09-15 12:25:28.150 +05:00 [INF] Request finished HTTP/1.1 GET http://10.1.40.52:5044/api/v1/oracle/po-grns/my - 200 null application/json; charset=utf-8 170.9245ms
2026-09-15 12:25:29.062 +05:00 [INF] Request starting HTTP/1.1 OPTIONS http://10.1.40.52:5044/api/v1/oracle/receipt-lines/my?poNumber=36179&grnNumbers=46659 - null null
2026-09-15 12:25:29.066 +05:00 [INF] CORS policy execution successful.
2026-09-15 12:25:29.068 +05:00 [INF] HTTP OPTIONS /api/v1/oracle/receipt-lines/my responded 204 in 2.2824 ms
2026-09-15 12:25:29.072 +05:00 [INF] Request finished HTTP/1.1 OPTIONS http://10.1.40.52:5044/api/v1/oracle/receipt-lines/my?poNumber=36179&grnNumbers=46659 - 204 null null 10.1898ms
2026-09-15 12:25:29.075 +05:00 [INF] Request starting HTTP/1.1 GET http://10.1.40.52:5044/api/v1/oracle/receipt-lines/my?poNumber=36179&grnNumbers=46659 - null null
2026-09-15 12:25:29.081 +05:00 [INF] CORS policy execution successful.
2026-09-15 12:25:29.086 +05:00 [INF] Executing endpoint 'HTTP: GET /api/v1/oracle/receipt-lines/my'
2026-09-15 12:25:29.097 +05:00 [INF] Executed DbCommand (9ms) [Parameters=[@__UserId_0='?' (DbType = Guid)], CommandType='"Text"', CommandTimeout='30']
SELECT v.vendor_id
FROM master.vendor_users AS v
WHERE v.user_id = @__UserId_0 AND v.is_active
LIMIT 1
2026-09-15 12:25:29.109 +05:00 [INF] Executed DbCommand (9ms) [Parameters=[@__portalVendorId_Value_0='?' (DbType = Guid)], CommandType='"Text"', CommandTimeout='30']
SELECT v.oracle_vendor_id
FROM master.vendors AS v
WHERE v.id = @__portalVendorId_Value_0
LIMIT 1
2026-09-15 12:25:29.112 +05:00 [INF] Resolving Oracle receipt lines. VendorId=412, PO=36179, GRNs=46659
2026-09-15 12:25:29.121 +05:00 [INF] Resolved 5 eligible Oracle receipt line(s). VendorId=412, PO=36179, GRNs=46659
2026-09-15 12:25:29.123 +05:00 [INF] Oracle receipt-line lookup successful. VendorId=412, PO=36179, Count=5
2026-09-15 12:25:29.124 +05:00 [INF] Setting HTTP status code 200.
2026-09-15 12:25:29.125 +05:00 [INF] Writing value of type 'List`1' as Json.
2026-09-15 12:25:29.127 +05:00 [INF] Executed endpoint 'HTTP: GET /api/v1/oracle/receipt-lines/my'
2026-09-15 12:25:29.129 +05:00 [INF] HTTP GET /api/v1/oracle/receipt-lines/my responded 200 in 47.2190 ms
2026-09-15 12:25:29.131 +05:00 [INF] Request finished HTTP/1.1 GET http://10.1.40.52:5044/api/v1/oracle/receipt-lines/my?poNumber=36179&grnNumbers=46659 - 200 null application/json; charset=utf-8 55.4012ms
2026-09-15 12:25:42.275 +05:00 [INF] Executed DbCommand (7ms) [Parameters=[], CommandType='"Text"', CommandTimeout='30']
SELECT v.id AS "Id", v.oracle_vendor_id AS "OracleVendorId"
FROM master.vendors AS v
WHERE v.is_active AND v.oracle_vendor_id IS NOT NULL
2026-09-15 12:25:42.364 +05:00 [INF] Executed DbCommand (8ms) [Parameters=[@__mapping_Id_0='?' (DbType = Guid)], CommandType='"Text"', CommandTimeout='30']
SELECT i.id, i.created_at, i.created_by, i.currency_code, i.deleted_at, i.grn_numbers, i.integration_status, i.invoice_amount, i.invoice_date, i.invoice_number, i.invoice_type, i.oracle_invoice_id, i.pk_id, i.po_number, i.remarks, i.status, i.submission_date, i.updated_at, i.vendor_id
FROM invoice.invoices AS i
WHERE i.vendor_id = @__mapping_Id_0 AND i.deleted_at IS NULL AND i.status <> 'DRAFT'
2026-09-15 12:25:42.412 +05:00 [INF] Executed DbCommand (8ms) [Parameters=[@__mapping_Id_0='?' (DbType = Guid)], CommandType='"Text"', CommandTimeout='30']
SELECT i.id, i.created_at, i.created_by, i.currency_code, i.deleted_at, i.grn_numbers, i.integration_status, i.invoice_amount, i.invoice_date, i.invoice_number, i.invoice_type, i.oracle_invoice_id, i.pk_id, i.po_number, i.remarks, i.status, i.submission_date, i.updated_at, i.vendor_id
FROM invoice.invoices AS i
WHERE i.vendor_id = @__mapping_Id_0 AND i.deleted_at IS NULL AND i.status <> 'DRAFT'
2026-09-15 12:25:42.436 +05:00 [INF] Executed DbCommand (13ms) [Parameters=[@__mapping_Id_0='?' (DbType = Guid)], CommandType='"Text"', CommandTimeout='30']
SELECT i.id, i.created_at, i.created_by, i.currency_code, i.deleted_at, i.grn_numbers, i.integration_status, i.invoice_amount, i.invoice_date, i.invoice_number, i.invoice_type, i.oracle_invoice_id, i.pk_id, i.po_number, i.remarks, i.status, i.submission_date, i.updated_at, i.vendor_id
FROM invoice.invoices AS i
WHERE i.vendor_id = @__mapping_Id_0 AND i.deleted_at IS NULL AND i.status <> 'DRAFT'
2026-09-15 12:25:42.456 +05:00 [INF] Executed DbCommand (6ms) [Parameters=[@__mapping_Id_0='?' (DbType = Guid)], CommandType='"Text"', CommandTimeout='30']
SELECT i.id, i.created_at, i.created_by, i.currency_code, i.deleted_at, i.grn_numbers, i.integration_status, i.invoice_amount, i.invoice_date, i.invoice_number, i.invoice_type, i.oracle_invoice_id, i.pk_id, i.po_number, i.remarks, i.status, i.submission_date, i.updated_at, i.vendor_id
FROM invoice.invoices AS i
WHERE i.vendor_id = @__mapping_Id_0 AND i.deleted_at IS NULL AND i.status <> 'DRAFT'
2026-09-15 12:25:42.479 +05:00 [INF] Executed DbCommand (8ms) [Parameters=[@__mapping_Id_0='?' (DbType = Guid)], CommandType='"Text"', CommandTimeout='30']
SELECT i.id, i.created_at, i.created_by, i.currency_code, i.deleted_at, i.grn_numbers, i.integration_status, i.invoice_amount, i.invoice_date, i.invoice_number, i.invoice_type, i.oracle_invoice_id, i.pk_id, i.po_number, i.remarks, i.status, i.submission_date, i.updated_at, i.vendor_id
FROM invoice.invoices AS i
WHERE i.vendor_id = @__mapping_Id_0 AND i.deleted_at IS NULL AND i.status <> 'DRAFT'
2026-09-15 12:25:42.526 +05:00 [INF] Executed DbCommand (9ms) [Parameters=[@__mapping_Id_0='?' (DbType = Guid)], CommandType='"Text"', CommandTimeout='30']
SELECT i.id, i.created_at, i.created_by, i.currency_code, i.deleted_at, i.grn_numbers, i.integration_status, i.invoice_amount, i.invoice_date, i.invoice_number, i.invoice_type, i.oracle_invoice_id, i.pk_id, i.po_number, i.remarks, i.status, i.submission_date, i.updated_at, i.vendor_id
FROM invoice.invoices AS i
WHERE i.vendor_id = @__mapping_Id_0 AND i.deleted_at IS NULL AND i.status <> 'DRAFT'
2026-09-15 12:25:42.546 +05:00 [INF] Executed DbCommand (7ms) [Parameters=[@__mapping_Id_0='?' (DbType = Guid)], CommandType='"Text"', CommandTimeout='30']
SELECT i.id, i.created_at, i.created_by, i.currency_code, i.deleted_at, i.grn_numbers, i.integration_status, i.invoice_amount, i.invoice_date, i.invoice_number, i.invoice_type, i.oracle_invoice_id, i.pk_id, i.po_number, i.remarks, i.status, i.submission_date, i.updated_at, i.vendor_id
FROM invoice.invoices AS i
WHERE i.vendor_id = @__mapping_Id_0 AND i.deleted_at IS NULL AND i.status <> 'DRAFT'
2026-09-15 12:25:42.572 +05:00 [INF] Executed DbCommand (12ms) [Parameters=[@__mapping_Id_0='?' (DbType = Guid)], CommandType='"Text"', CommandTimeout='30']
SELECT i.id, i.created_at, i.created_by, i.currency_code, i.deleted_at, i.grn_numbers, i.integration_status, i.invoice_amount, i.invoice_date, i.invoice_number, i.invoice_type, i.oracle_invoice_id, i.pk_id, i.po_number, i.remarks, i.status, i.submission_date, i.updated_at, i.vendor_id
FROM invoice.invoices AS i
WHERE i.vendor_id = @__mapping_Id_0 AND i.deleted_at IS NULL AND i.status <> 'DRAFT'
2026-09-15 12:25:42.587 +05:00 [INF] Executed DbCommand (5ms) [Parameters=[@__mapping_Id_0='?' (DbType = Guid)], CommandType='"Text"', CommandTimeout='30']
SELECT i.id, i.created_at, i.created_by, i.currency_code, i.deleted_at, i.grn_numbers, i.integration_status, i.invoice_amount, i.invoice_date, i.invoice_number, i.invoice_type, i.oracle_invoice_id, i.pk_id, i.po_number, i.remarks, i.status, i.submission_date, i.updated_at, i.vendor_id
FROM invoice.invoices AS i
WHERE i.vendor_id = @__mapping_Id_0 AND i.deleted_at IS NULL AND i.status <> 'DRAFT'
2026-09-15 12:25:42.644 +05:00 [INF] Executed DbCommand (6ms) [Parameters=[@__mapping_Id_0='?' (DbType = Guid)], CommandType='"Text"', CommandTimeout='30']
SELECT i.id, i.created_at, i.created_by, i.currency_code, i.deleted_at, i.grn_numbers, i.integration_status, i.invoice_amount, i.invoice_date, i.invoice_number, i.invoice_type, i.oracle_invoice_id, i.pk_id, i.po_number, i.remarks, i.status, i.submission_date, i.updated_at, i.vendor_id
FROM invoice.invoices AS i
WHERE i.vendor_id = @__mapping_Id_0 AND i.deleted_at IS NULL AND i.status <> 'DRAFT'
2026-09-15 12:25:42.667 +05:00 [INF] Executed DbCommand (5ms) [Parameters=[@__mapping_Id_0='?' (DbType = Guid)], CommandType='"Text"', CommandTimeout='30']
SELECT i.id, i.created_at, i.created_by, i.currency_code, i.deleted_at, i.grn_numbers, i.integration_status, i.invoice_amount, i.invoice_date, i.invoice_number, i.invoice_type, i.oracle_invoice_id, i.pk_id, i.po_number, i.remarks, i.status, i.submission_date, i.updated_at, i.vendor_id
FROM invoice.invoices AS i
WHERE i.vendor_id = @__mapping_Id_0 AND i.deleted_at IS NULL AND i.status <> 'DRAFT'
2026-09-15 12:25:42.691 +05:00 [INF] Executed DbCommand (7ms) [Parameters=[@__mapping_Id_0='?' (DbType = Guid)], CommandType='"Text"', CommandTimeout='30']
SELECT i.id, i.created_at, i.created_by, i.currency_code, i.deleted_at, i.grn_numbers, i.integration_status, i.invoice_amount, i.invoice_date, i.invoice_number, i.invoice_type, i.oracle_invoice_id, i.pk_id, i.po_number, i.remarks, i.status, i.submission_date, i.updated_at, i.vendor_id
FROM invoice.invoices AS i
WHERE i.vendor_id = @__mapping_Id_0 AND i.deleted_at IS NULL AND i.status <> 'DRAFT'
2026-09-15 12:25:42.743 +05:00 [INF] Executed DbCommand (9ms) [Parameters=[@__mapping_Id_0='?' (DbType = Guid)], CommandType='"Text"', CommandTimeout='30']
SELECT i.id, i.created_at, i.created_by, i.currency_code, i.deleted_at, i.grn_numbers, i.integration_status, i.invoice_amount, i.invoice_date, i.invoice_number, i.invoice_type, i.oracle_invoice_id, i.pk_id, i.po_number, i.remarks, i.status, i.submission_date, i.updated_at, i.vendor_id
FROM invoice.invoices AS i
WHERE i.vendor_id = @__mapping_Id_0 AND i.deleted_at IS NULL AND i.status <> 'DRAFT'
2026-09-15 12:25:42.990 +05:00 [INF] Executed DbCommand (6ms) [Parameters=[@__mapping_Id_0='?' (DbType = Guid)], CommandType='"Text"', CommandTimeout='30']
SELECT i.id, i.created_at, i.created_by, i.currency_code, i.deleted_at, i.grn_numbers, i.integration_status, i.invoice_amount, i.invoice_date, i.invoice_number, i.invoice_type, i.oracle_invoice_id, i.pk_id, i.po_number, i.remarks, i.status, i.submission_date, i.updated_at, i.vendor_id
FROM invoice.invoices AS i
WHERE i.vendor_id = @__mapping_Id_0 AND i.deleted_at IS NULL AND i.status <> 'DRAFT'
2026-09-15 12:25:43.065 +05:00 [INF] Executed DbCommand (10ms) [Parameters=[@__mapping_Id_0='?' (DbType = Guid)], CommandType='"Text"', CommandTimeout='30']
SELECT i.id, i.created_at, i.created_by, i.currency_code, i.deleted_at, i.grn_numbers, i.integration_status, i.invoice_amount, i.invoice_date, i.invoice_number, i.invoice_type, i.oracle_invoice_id, i.pk_id, i.po_number, i.remarks, i.status, i.submission_date, i.updated_at, i.vendor_id
FROM invoice.invoices AS i
WHERE i.vendor_id = @__mapping_Id_0 AND i.deleted_at IS NULL AND i.status <> 'DRAFT'
2026-09-15 12:25:43.192 +05:00 [INF] Executed DbCommand (10ms) [Parameters=[@__mapping_Id_0='?' (DbType = Guid)], CommandType='"Text"', CommandTimeout='30']
SELECT i.id, i.created_at, i.created_by, i.currency_code, i.deleted_at, i.grn_numbers, i.integration_status, i.invoice_amount, i.invoice_date, i.invoice_number, i.invoice_type, i.oracle_invoice_id, i.pk_id, i.po_number, i.remarks, i.status, i.submission_date, i.updated_at, i.vendor_id
FROM invoice.invoices AS i
WHERE i.vendor_id = @__mapping_Id_0 AND i.deleted_at IS NULL AND i.status <> 'DRAFT'
2026-09-15 12:25:43.373 +05:00 [INF] Executed DbCommand (8ms) [Parameters=[@__mapping_Id_0='?' (DbType = Guid)], CommandType='"Text"', CommandTimeout='30']
SELECT i.id, i.created_at, i.created_by, i.currency_code, i.deleted_at, i.grn_numbers, i.integration_status, i.invoice_amount, i.invoice_date, i.invoice_number, i.invoice_type, i.oracle_invoice_id, i.pk_id, i.po_number, i.remarks, i.status, i.submission_date, i.updated_at, i.vendor_id
FROM invoice.invoices AS i
WHERE i.vendor_id = @__mapping_Id_0 AND i.deleted_at IS NULL AND i.status <> 'DRAFT'
2026-09-15 12:25:44.255 +05:00 [INF] Request starting HTTP/1.1 OPTIONS http://10.1.40.52:5044/api/v1/notifications/unread-count - null null
2026-09-15 12:25:44.262 +05:00 [INF] CORS policy execution successful.
2026-09-15 12:25:44.264 +05:00 [INF] HTTP OPTIONS /api/v1/notifications/unread-count responded 204 in 2.4013 ms
2026-09-15 12:25:44.269 +05:00 [INF] Request finished HTTP/1.1 OPTIONS http://10.1.40.52:5044/api/v1/notifications/unread-count - 204 null null 13.5821ms
2026-09-15 12:25:44.275 +05:00 [INF] Request starting HTTP/1.1 GET http://10.1.40.52:5044/api/v1/notifications/unread-count - null null
2026-09-15 12:25:44.287 +05:00 [INF] CORS policy execution successful.
2026-09-15 12:25:44.290 +05:00 [INF] Executing endpoint 'HTTP: GET /api/v1/notifications/unread-count'
2026-09-15 12:25:44.319 +05:00 [INF] Setting HTTP status code 200.
2026-09-15 12:25:44.321 +05:00 [INF] Writing value of type '<>f__AnonymousType72`1' as Json.
2026-09-15 12:25:44.324 +05:00 [INF] Executed endpoint 'HTTP: GET /api/v1/notifications/unread-count'
2026-09-15 12:25:44.328 +05:00 [INF] HTTP GET /api/v1/notifications/unread-count responded 200 in 41.1980 ms
2026-09-15 12:25:44.333 +05:00 [INF] Request finished HTTP/1.1 GET http://10.1.40.52:5044/api/v1/notifications/unread-count - 200 null application/json; charset=utf-8 58.3723ms
2026-09-15 12:25:44.648 +05:00 [INF] Executed DbCommand (19ms) [Parameters=[@__mapping_Id_0='?' (DbType = Guid)], CommandType='"Text"', CommandTimeout='30']
SELECT i.id, i.created_at, i.created_by, i.currency_code, i.deleted_at, i.grn_numbers, i.integration_status, i.invoice_amount, i.invoice_date, i.invoice_number, i.invoice_type, i.oracle_invoice_id, i.pk_id, i.po_number, i.remarks, i.status, i.submission_date, i.updated_at, i.vendor_id
FROM invoice.invoices AS i
WHERE i.vendor_id = @__mapping_Id_0 AND i.deleted_at IS NULL AND i.status <> 'DRAFT'
2026-09-15 12:25:45.101 +05:00 [INF] Executed DbCommand (14ms) [Parameters=[@__mapping_Id_0='?' (DbType = Guid)], CommandType='"Text"', CommandTimeout='30']
SELECT i.id, i.created_at, i.created_by, i.currency_code, i.deleted_at, i.grn_numbers, i.integration_status, i.invoice_amount, i.invoice_date, i.invoice_number, i.invoice_type, i.oracle_invoice_id, i.pk_id, i.po_number, i.remarks, i.status, i.submission_date, i.updated_at, i.vendor_id
FROM invoice.invoices AS i
WHERE i.vendor_id = @__mapping_Id_0 AND i.deleted_at IS NULL AND i.status <> 'DRAFT'
2026-09-15 12:25:45.210 +05:00 [INF] Executed DbCommand (6ms) [Parameters=[@__mapping_Id_0='?' (DbType = Guid)], CommandType='"Text"', CommandTimeout='30']
SELECT i.id, i.created_at, i.created_by, i.currency_code, i.deleted_at, i.grn_numbers, i.integration_status, i.invoice_amount, i.invoice_date, i.invoice_number, i.invoice_type, i.oracle_invoice_id, i.pk_id, i.po_number, i.remarks, i.status, i.submission_date, i.updated_at, i.vendor_id
FROM invoice.invoices AS i
WHERE i.vendor_id = @__mapping_Id_0 AND i.deleted_at IS NULL AND i.status <> 'DRAFT'
2026-09-15 12:25:45.520 +05:00 [INF] Executed DbCommand (9ms) [Parameters=[@__mapping_Id_0='?' (DbType = Guid)], CommandType='"Text"', CommandTimeout='30']
SELECT i.id, i.created_at, i.created_by, i.currency_code, i.deleted_at, i.grn_numbers, i.integration_status, i.invoice_amount, i.invoice_date, i.invoice_number, i.invoice_type, i.oracle_invoice_id, i.pk_id, i.po_number, i.remarks, i.status, i.submission_date, i.updated_at, i.vendor_id
FROM invoice.invoices AS i
WHERE i.vendor_id = @__mapping_Id_0 AND i.deleted_at IS NULL AND i.status <> 'DRAFT'
2026-09-15 12:25:46.993 +05:00 [INF] Executed DbCommand (1,455ms) [Parameters=[@__mapping_Id_0='?' (DbType = Guid)], CommandType='"Text"', CommandTimeout='30']
SELECT i.id, i.created_at, i.created_by, i.currency_code, i.deleted_at, i.grn_numbers, i.integration_status, i.invoice_amount, i.invoice_date, i.invoice_number, i.invoice_type, i.oracle_invoice_id, i.pk_id, i.po_number, i.remarks, i.status, i.submission_date, i.updated_at, i.vendor_id
FROM invoice.invoices AS i
WHERE i.vendor_id = @__mapping_Id_0 AND i.deleted_at IS NULL AND i.status <> 'DRAFT'
2026-09-15 12:25:47.254 +05:00 [INF] Executed DbCommand (13ms) [Parameters=[@__mapping_Id_0='?' (DbType = Guid)], CommandType='"Text"', CommandTimeout='30']
SELECT i.id, i.created_at, i.created_by, i.currency_code, i.deleted_at, i.grn_numbers, i.integration_status, i.invoice_amount, i.invoice_date, i.invoice_number, i.invoice_type, i.oracle_invoice_id, i.pk_id, i.po_number, i.remarks, i.status, i.submission_date, i.updated_at, i.vendor_id
FROM invoice.invoices AS i
WHERE i.vendor_id = @__mapping_Id_0 AND i.deleted_at IS NULL AND i.status <> 'DRAFT'
2026-09-15 12:25:49.690 +05:00 [INF] Executed DbCommand (16ms) [Parameters=[@__mapping_Id_0='?' (DbType = Guid)], CommandType='"Text"', CommandTimeout='30']
SELECT i.id, i.created_at, i.created_by, i.currency_code, i.deleted_at, i.grn_numbers, i.integration_status, i.invoice_amount, i.invoice_date, i.invoice_number, i.invoice_type, i.oracle_invoice_id, i.pk_id, i.po_number, i.remarks, i.status, i.submission_date, i.updated_at, i.vendor_id
FROM invoice.invoices AS i
WHERE i.vendor_id = @__mapping_Id_0 AND i.deleted_at IS NULL AND i.status <> 'DRAFT'
2026-09-15 12:25:53.451 +05:00 [INF] Executed DbCommand (9ms) [Parameters=[@__mapping_Id_0='?' (DbType = Guid)], CommandType='"Text"', CommandTimeout='30']
SELECT i.id, i.created_at, i.created_by, i.currency_code, i.deleted_at, i.grn_numbers, i.integration_status, i.invoice_amount, i.invoice_date, i.invoice_number, i.invoice_type, i.oracle_invoice_id, i.pk_id, i.po_number, i.remarks, i.status, i.submission_date, i.updated_at, i.vendor_id
FROM invoice.invoices AS i
WHERE i.vendor_id = @__mapping_Id_0 AND i.deleted_at IS NULL AND i.status <> 'DRAFT'
2026-09-15 12:25:53.631 +05:00 [INF] Executed DbCommand (5ms) [Parameters=[@__mapping_Id_0='?' (DbType = Guid)], CommandType='"Text"', CommandTimeout='30']
SELECT i.id, i.created_at, i.created_by, i.currency_code, i.deleted_at, i.grn_numbers, i.integration_status, i.invoice_amount, i.invoice_date, i.invoice_number, i.invoice_type, i.oracle_invoice_id, i.pk_id, i.po_number, i.remarks, i.status, i.submission_date, i.updated_at, i.vendor_id
FROM invoice.invoices AS i
WHERE i.vendor_id = @__mapping_Id_0 AND i.deleted_at IS NULL AND i.status <> 'DRAFT'
2026-09-15 12:25:54.367 +05:00 [INF] Executed DbCommand (5ms) [Parameters=[@__mapping_Id_0='?' (DbType = Guid)], CommandType='"Text"', CommandTimeout='30']
SELECT i.id, i.created_at, i.created_by, i.currency_code, i.deleted_at, i.grn_numbers, i.integration_status, i.invoice_amount, i.invoice_date, i.invoice_number, i.invoice_type, i.oracle_invoice_id, i.pk_id, i.po_number, i.remarks, i.status, i.submission_date, i.updated_at, i.vendor_id
FROM invoice.invoices AS i
WHERE i.vendor_id = @__mapping_Id_0 AND i.deleted_at IS NULL AND i.status <> 'DRAFT'
2026-09-15 12:25:54.392 +05:00 [INF] Executed DbCommand (9ms) [Parameters=[@__mapping_Id_0='?' (DbType = Guid)], CommandType='"Text"', CommandTimeout='30']
SELECT i.id, i.created_at, i.created_by, i.currency_code, i.deleted_at, i.grn_numbers, i.integration_status, i.invoice_amount, i.invoice_date, i.invoice_number, i.invoice_type, i.oracle_invoice_id, i.pk_id, i.po_number, i.remarks, i.status, i.submission_date, i.updated_at, i.vendor_id
FROM invoice.invoices AS i
WHERE i.vendor_id = @__mapping_Id_0 AND i.deleted_at IS NULL AND i.status <> 'DRAFT'
2026-09-15 12:25:58.049 +05:00 [INF] Request starting HTTP/1.1 OPTIONS http://10.1.40.52:5044/api/v1/invoices - null null
2026-09-15 12:25:58.063 +05:00 [INF] CORS policy execution successful.
2026-09-15 12:25:58.066 +05:00 [INF] HTTP OPTIONS /api/v1/invoices responded 204 in 3.3245 ms
2026-09-15 12:25:58.073 +05:00 [INF] Request finished HTTP/1.1 OPTIONS http://10.1.40.52:5044/api/v1/invoices - 204 null null 23.8615ms
2026-09-15 12:25:58.081 +05:00 [INF] Request starting HTTP/1.1 POST http://10.1.40.52:5044/api/v1/invoices - multipart/form-data; boundary=----WebKitFormBoundaryW0T23M5rvuqV04Ag 240695
2026-09-15 12:25:58.091 +05:00 [INF] CORS policy execution successful.
2026-09-15 12:25:58.095 +05:00 [INF] Executing endpoint 'HTTP: POST /api/v1/invoices/'
2026-09-15 12:25:58.105 +05:00 [INF] Executed DbCommand (5ms) [Parameters=[@__UserId_0='?' (DbType = Guid)], CommandType='"Text"', CommandTimeout='30']
SELECT DISTINCT p.code
FROM security.user_roles AS u
INNER JOIN security.role_permissions AS r ON u.role_id = r.role_id
INNER JOIN security.permissions AS p ON r.permission_id = p.id
WHERE u.user_id = @__UserId_0
2026-09-15 12:25:58.116 +05:00 [INF] Executed DbCommand (6ms) [Parameters=[@__UserId_0='?' (DbType = Guid)], CommandType='"Text"', CommandTimeout='30']
SELECT u.user_id, u.permission_id, u.is_allowed
FROM security.user_permission_overrides AS u
WHERE u.user_id = @__UserId_0
2026-09-15 12:25:58.135 +05:00 [INF] Executed DbCommand (14ms) [Parameters=[@__UserId_0='?' (DbType = Guid)], CommandType='"Text"', CommandTimeout='30']
SELECT v.vendor_id
FROM master.vendor_users AS v
WHERE v.user_id = @__UserId_0 AND v.is_active
LIMIT 1
2026-09-15 12:25:58.152 +05:00 [INF] Executed DbCommand (10ms) [Parameters=[@__vendorId_0='?' (DbType = Guid)], CommandType='"Text"', CommandTimeout='30']
SELECT v.oracle_vendor_id
FROM master.vendors AS v
WHERE v.id = @__vendorId_0
LIMIT 1
2026-09-15 12:25:58.231 +05:00 [INF] Executed DbCommand (10ms) [Parameters=[@__vendorId_0='?' (DbType = Guid), @__ToLower_1='?'], CommandType='"Text"', CommandTimeout='30']
SELECT EXISTS (
    SELECT 1
    FROM invoice.invoices AS i
    WHERE i.vendor_id = @__vendorId_0 AND i.deleted_at IS NULL AND lower(i.invoice_number) = @__ToLower_1)
2026-09-15 12:25:58.255 +05:00 [INF] Executed DbCommand (7ms) [Parameters=[@__8__locals1_current_UserId_0='?' (DbType = Guid), @__operation_1='?', @__8__locals5_idempotencyKey_2='?'], CommandType='"Text"', CommandTimeout='30']
SELECT i.id, i.aggregate_id, i.created_at, i.expires_at, i.idempotency_key, i.operation, i.request_hash, i.response_status, i.user_id, i.vendor_id
FROM integration.idempotency_requests AS i
WHERE i.user_id = @__8__locals1_current_UserId_0 AND i.operation = @__operation_1 AND i.idempotency_key = @__8__locals5_idempotencyKey_2
LIMIT 1
2026-09-15 12:25:58.283 +05:00 [INF] Executed DbCommand (17ms) [Parameters=[@p0='?' (DbType = Guid), @p1='?' (DbType = DateTime), @p2='?' (DbType = Guid), @p3='?', @p4='?' (DbType = DateTime), @p5='?', @p6='?', @p7='?' (DbType = Decimal), @p8='?' (DbType = Date), @p9='?', @p10='?', @p11='?', @p12='?', @p13='?', @p14='?', @p15='?' (DbType = DateTime), @p16='?' (DbType = DateTime), @p17='?' (DbType = Guid)], CommandType='"Text"', CommandTimeout='30']
INSERT INTO invoice.invoices (id, created_at, created_by, currency_code, deleted_at, grn_numbers, integration_status, invoice_amount, invoice_date, invoice_number, invoice_type, oracle_invoice_id, po_number, remarks, status, submission_date, updated_at, vendor_id)
VALUES (@p0, @p1, @p2, @p3, @p4, @p5, @p6, @p7, @p8, @p9, @p10, @p11, @p12, @p13, @p14, @p15, @p16, @p17)
RETURNING pk_id;
2026-09-15 12:25:58.318 +05:00 [INF] Executed DbCommand (23ms) [Parameters=[@p0='?' (DbType = Int64)], CommandType='"Text"', CommandTimeout='30']
SELECT pg_advisory_xact_lock(@p0)
2026-09-15 12:25:58.334 +05:00 [INF] Executed DbCommand (6ms) [Parameters=[@__line_RcvTransactionId_0='?' (DbType = Int64), @__8__locals6_invoice_Id_1='?' (DbType = Guid)], CommandType='"Text"', CommandTimeout='30']
SELECT COALESCE(sum(i.allocated_quantity), 0.0)
FROM invoice.invoice_line_grn_allocations AS i
INNER JOIN (
    SELECT i0.id, i0.created_at, i0.created_by, i0.currency_code, i0.deleted_at, i0.grn_numbers, i0.integration_status, i0.invoice_amount, i0.invoice_date, i0.invoice_number, i0.invoice_type, i0.oracle_invoice_id, i0.pk_id, i0.po_number, i0.remarks, i0.status, i0.submission_date, i0.updated_at, i0.vendor_id
    FROM invoice.invoices AS i0
    WHERE i0.deleted_at IS NULL AND i0.status <> 'CANCELLED' AND i0.status <> 'INTEGRATION_FAILED'
) AS t ON i.invoice_id = t.id
WHERE i.rcv_transaction_id = @__line_RcvTransactionId_0 AND i.invoice_id <> @__8__locals6_invoice_Id_1
2026-09-15 12:25:58.365 +05:00 [INF] Executed DbCommand (12ms) [Parameters=[@p0='?' (DbType = Int64)], CommandType='"Text"', CommandTimeout='30']
SELECT pg_advisory_xact_lock(@p0)
2026-09-15 12:25:58.402 +05:00 [INF] Executed DbCommand (24ms) [Parameters=[@__line_RcvTransactionId_0='?' (DbType = Int64), @__8__locals6_invoice_Id_1='?' (DbType = Guid)], CommandType='"Text"', CommandTimeout='30']
SELECT COALESCE(sum(i.allocated_quantity), 0.0)
FROM invoice.invoice_line_grn_allocations AS i
INNER JOIN (
    SELECT i0.id, i0.created_at, i0.created_by, i0.currency_code, i0.deleted_at, i0.grn_numbers, i0.integration_status, i0.invoice_amount, i0.invoice_date, i0.invoice_number, i0.invoice_type, i0.oracle_invoice_id, i0.pk_id, i0.po_number, i0.remarks, i0.status, i0.submission_date, i0.updated_at, i0.vendor_id
    FROM invoice.invoices AS i0
    WHERE i0.deleted_at IS NULL AND i0.status <> 'CANCELLED' AND i0.status <> 'INTEGRATION_FAILED'
) AS t ON i.invoice_id = t.id
WHERE i.rcv_transaction_id = @__line_RcvTransactionId_0 AND i.invoice_id <> @__8__locals6_invoice_Id_1
2026-09-15 12:25:58.411 +05:00 [INF] Executed DbCommand (4ms) [Parameters=[@p0='?' (DbType = Int64)], CommandType='"Text"', CommandTimeout='30']
SELECT pg_advisory_xact_lock(@p0)
2026-09-15 12:25:58.422 +05:00 [INF] Executed DbCommand (4ms) [Parameters=[@__line_RcvTransactionId_0='?' (DbType = Int64), @__8__locals6_invoice_Id_1='?' (DbType = Guid)], CommandType='"Text"', CommandTimeout='30']
SELECT COALESCE(sum(i.allocated_quantity), 0.0)
FROM invoice.invoice_line_grn_allocations AS i
INNER JOIN (
    SELECT i0.id, i0.created_at, i0.created_by, i0.currency_code, i0.deleted_at, i0.grn_numbers, i0.integration_status, i0.invoice_amount, i0.invoice_date, i0.invoice_number, i0.invoice_type, i0.oracle_invoice_id, i0.pk_id, i0.po_number, i0.remarks, i0.status, i0.submission_date, i0.updated_at, i0.vendor_id
    FROM invoice.invoices AS i0
    WHERE i0.deleted_at IS NULL AND i0.status <> 'CANCELLED' AND i0.status <> 'INTEGRATION_FAILED'
) AS t ON i.invoice_id = t.id
WHERE i.rcv_transaction_id = @__line_RcvTransactionId_0 AND i.invoice_id <> @__8__locals6_invoice_Id_1
2026-09-15 12:25:58.431 +05:00 [INF] Executed DbCommand (6ms) [Parameters=[@p0='?' (DbType = Int64)], CommandType='"Text"', CommandTimeout='30']
SELECT pg_advisory_xact_lock(@p0)
2026-09-15 12:25:58.482 +05:00 [INF] Executed DbCommand (46ms) [Parameters=[@__line_RcvTransactionId_0='?' (DbType = Int64), @__8__locals6_invoice_Id_1='?' (DbType = Guid)], CommandType='"Text"', CommandTimeout='30']
SELECT COALESCE(sum(i.allocated_quantity), 0.0)
FROM invoice.invoice_line_grn_allocations AS i
INNER JOIN (
    SELECT i0.id, i0.created_at, i0.created_by, i0.currency_code, i0.deleted_at, i0.grn_numbers, i0.integration_status, i0.invoice_amount, i0.invoice_date, i0.invoice_number, i0.invoice_type, i0.oracle_invoice_id, i0.pk_id, i0.po_number, i0.remarks, i0.status, i0.submission_date, i0.updated_at, i0.vendor_id
    FROM invoice.invoices AS i0
    WHERE i0.deleted_at IS NULL AND i0.status <> 'CANCELLED' AND i0.status <> 'INTEGRATION_FAILED'
) AS t ON i.invoice_id = t.id
WHERE i.rcv_transaction_id = @__line_RcvTransactionId_0 AND i.invoice_id <> @__8__locals6_invoice_Id_1
2026-09-15 12:25:58.491 +05:00 [INF] Executed DbCommand (3ms) [Parameters=[@p0='?' (DbType = Int64)], CommandType='"Text"', CommandTimeout='30']
SELECT pg_advisory_xact_lock(@p0)
2026-09-15 12:25:58.501 +05:00 [INF] Executed DbCommand (5ms) [Parameters=[@__line_RcvTransactionId_0='?' (DbType = Int64), @__8__locals6_invoice_Id_1='?' (DbType = Guid)], CommandType='"Text"', CommandTimeout='30']
SELECT COALESCE(sum(i.allocated_quantity), 0.0)
FROM invoice.invoice_line_grn_allocations AS i
INNER JOIN (
    SELECT i0.id, i0.created_at, i0.created_by, i0.currency_code, i0.deleted_at, i0.grn_numbers, i0.integration_status, i0.invoice_amount, i0.invoice_date, i0.invoice_number, i0.invoice_type, i0.oracle_invoice_id, i0.pk_id, i0.po_number, i0.remarks, i0.status, i0.submission_date, i0.updated_at, i0.vendor_id
    FROM invoice.invoices AS i0
    WHERE i0.deleted_at IS NULL AND i0.status <> 'CANCELLED' AND i0.status <> 'INTEGRATION_FAILED'
) AS t ON i.invoice_id = t.id
WHERE i.rcv_transaction_id = @__line_RcvTransactionId_0 AND i.invoice_id <> @__8__locals6_invoice_Id_1
2026-09-15 12:25:58.518 +05:00 [INF] Executed DbCommand (10ms) [Parameters=[@__invoice_Id_0='?' (DbType = Guid)], CommandType='"Text"', CommandTimeout='30']
SELECT i.id, i.allocated_amount, i.allocated_quantity, i.available_quantity_at_submit, i.created_at, i.grn_number, i.invoice_id, i.match_option, i.po_header_id, i.po_line_id, i.po_line_location_id, i.po_line_number, i.po_number, i.rcv_transaction_id, i.received_quantity, i.unit_price, i.vendor_id
FROM invoice.invoice_line_grn_allocations AS i
WHERE i.invoice_id = @__invoice_Id_0
2026-09-15 12:25:58.664 +05:00 [INF] Executed DbCommand (50ms) [Parameters=[@p0='?' (DbType = Guid), @p1='?', @p2='?', @p3='?' (DbType = Binary), @p4='?', @p5='?', @p6='?' (DbType = Int64), @p7='?' (DbType = Guid), @p8='?', @p9='?' (DbType = DateTime), @p10='?' (DbType = Guid), @p11='?' (DbType = Guid), @p12='?', @p13='?', @p14='?' (DbType = Binary), @p15='?', @p16='?', @p17='?' (DbType = Int64), @p18='?' (DbType = Guid), @p19='?', @p20='?' (DbType = DateTime), @p21='?' (DbType = Guid), @p22='?' (DbType = Guid), @p23='?', @p24='?', @p25='?' (DbType = Binary), @p26='?', @p27='?', @p28='?' (DbType = Int64), @p29='?' (DbType = Guid), @p30='?', @p31='?' (DbType = DateTime), @p32='?' (DbType = Guid), @p33='?' (DbType = Guid), @p34='?' (DbType = Guid), @p35='?' (DbType = DateTime), @p36='?' (DbType = DateTime), @p37='?', @p38='?', @p39='?', @p40='?' (DbType = Int32), @p41='?' (DbType = Guid), @p42='?' (DbType = Guid), @p43='?' (DbType = Guid), @p44='?' (DbType = Decimal), @p45='?' (DbType = Decimal), @p46='?' (DbType = Decimal), @p47='?' (DbType = DateTime), @p48='?', @p49='?' (DbType = Guid), @p50='?', @p51='?' (DbType = Int64), @p52='?' (DbType = Int64), @p53='?' (DbType = Int64), @p54='?' (DbType = Int32), @p55='?', @p56='?' (DbType = Int64), @p57='?' (DbType = Decimal), @p58='?' (DbType = Decimal), @p59='?' (DbType = Guid), @p60='?' (DbType = Guid), @p61='?' (DbType = Decimal), @p62='?' (DbType = Decimal), @p63='?' (DbType = Decimal), @p64='?' (DbType = DateTime), @p65='?', @p66='?' (DbType = Guid), @p67='?', @p68='?' (DbType = Int64), @p69='?' (DbType = Int64), @p70='?' (DbType = Int64), @p71='?' (DbType = Int32), @p72='?', @p73='?' (DbType = Int64), @p74='?' (DbType = Decimal), @p75='?' (DbType = Decimal), @p76='?' (DbType = Guid), @p77='?' (DbType = Guid), @p78='?' (DbType = Decimal), @p79='?' (DbType = Decimal), @p80='?' (DbType = Decimal), @p81='?' (DbType = DateTime), @p82='?', @p83='?' (DbType = Guid), @p84='?', @p85='?' (DbType = Int64), @p86='?' (DbType = Int64), @p87='?' (DbType = Int64), @p88='?' (DbType = Int32), @p89='?', @p90='?' (DbType = Int64), @p91='?' (DbType = Decimal), @p92='?' (DbType = Decimal), @p93='?' (DbType = Guid), @p94='?' (DbType = Guid), @p95='?' (DbType = Decimal), @p96='?' (DbType = Decimal), @p97='?' (DbType = Decimal), @p98='?' (DbType = DateTime), @p99='?', @p100='?' (DbType = Guid), @p101='?', @p102='?' (DbType = Int64), @p103='?' (DbType = Int64), @p104='?' (DbType = Int64), @p105='?' (DbType = Int32), @p106='?', @p107='?' (DbType = Int64), @p108='?' (DbType = Decimal), @p109='?' (DbType = Decimal), @p110='?' (DbType = Guid), @p111='?' (DbType = Guid), @p112='?' (DbType = Decimal), @p113='?' (DbType = Decimal), @p114='?' (DbType = Decimal), @p115='?' (DbType = DateTime), @p116='?', @p117='?' (DbType = Guid), @p118='?', @p119='?' (DbType = Int64), @p120='?' (DbType = Int64), @p121='?' (DbType = Int64), @p122='?' (DbType = Int32), @p123='?', @p124='?' (DbType = Int64), @p125='?' (DbType = Decimal), @p126='?' (DbType = Decimal), @p127='?' (DbType = Guid), @p128='?' (DbType = DateTime), @p129='?' (DbType = Guid), @p130='?' (DbType = Guid), @p131='?' (DbType = Guid), @p132='?', @p133='?', @p134='?', @p135='?'], CommandType='"Text"', CommandTimeout='30']
INSERT INTO invoice.documents (id, content_type, document_type, file_content, file_extension, file_hash_sha256, file_size, invoice_id, original_file_name, uploaded_at, uploaded_by)
VALUES (@p0, @p1, @p2, @p3, @p4, @p5, @p6, @p7, @p8, @p9, @p10);
INSERT INTO invoice.documents (id, content_type, document_type, file_content, file_extension, file_hash_sha256, file_size, invoice_id, original_file_name, uploaded_at, uploaded_by)
VALUES (@p11, @p12, @p13, @p14, @p15, @p16, @p17, @p18, @p19, @p20, @p21);
INSERT INTO invoice.documents (id, content_type, document_type, file_content, file_extension, file_hash_sha256, file_size, invoice_id, original_file_name, uploaded_at, uploaded_by)
VALUES (@p22, @p23, @p24, @p25, @p26, @p27, @p28, @p29, @p30, @p31, @p32);
INSERT INTO integration.idempotency_requests (id, aggregate_id, created_at, expires_at, idempotency_key, operation, request_hash, response_status, user_id, vendor_id)
VALUES (@p33, @p34, @p35, @p36, @p37, @p38, @p39, @p40, @p41, @p42);
INSERT INTO invoice.invoice_line_grn_allocations (id, allocated_amount, allocated_quantity, available_quantity_at_submit, created_at, grn_number, invoice_id, match_option, po_header_id, po_line_id, po_line_location_id, po_line_number, po_number, rcv_transaction_id, received_quantity, unit_price, vendor_id)
VALUES (@p43, @p44, @p45, @p46, @p47, @p48, @p49, @p50, @p51, @p52, @p53, @p54, @p55, @p56, @p57, @p58, @p59);
INSERT INTO invoice.invoice_line_grn_allocations (id, allocated_amount, allocated_quantity, available_quantity_at_submit, created_at, grn_number, invoice_id, match_option, po_header_id, po_line_id, po_line_location_id, po_line_number, po_number, rcv_transaction_id, received_quantity, unit_price, vendor_id)
VALUES (@p60, @p61, @p62, @p63, @p64, @p65, @p66, @p67, @p68, @p69, @p70, @p71, @p72, @p73, @p74, @p75, @p76);
INSERT INTO invoice.invoice_line_grn_allocations (id, allocated_amount, allocated_quantity, available_quantity_at_submit, created_at, grn_number, invoice_id, match_option, po_header_id, po_line_id, po_line_location_id, po_line_number, po_number, rcv_transaction_id, received_quantity, unit_price, vendor_id)
VALUES (@p77, @p78, @p79, @p80, @p81, @p82, @p83, @p84, @p85, @p86, @p87, @p88, @p89, @p90, @p91, @p92, @p93);
INSERT INTO invoice.invoice_line_grn_allocations (id, allocated_amount, allocated_quantity, available_quantity_at_submit, created_at, grn_number, invoice_id, match_option, po_header_id, po_line_id, po_line_location_id, po_line_number, po_number, rcv_transaction_id, received_quantity, unit_price, vendor_id)
VALUES (@p94, @p95, @p96, @p97, @p98, @p99, @p100, @p101, @p102, @p103, @p104, @p105, @p106, @p107, @p108, @p109, @p110);
INSERT INTO invoice.invoice_line_grn_allocations (id, allocated_amount, allocated_quantity, available_quantity_at_submit, created_at, grn_number, invoice_id, match_option, po_header_id, po_line_id, po_line_location_id, po_line_number, po_number, rcv_transaction_id, received_quantity, unit_price, vendor_id)
VALUES (@p111, @p112, @p113, @p114, @p115, @p116, @p117, @p118, @p119, @p120, @p121, @p122, @p123, @p124, @p125, @p126, @p127);
INSERT INTO invoice.invoice_status_history (changed_at, changed_by, correlation_id, invoice_id, new_status, old_status, remarks, source)
VALUES (@p128, @p129, @p130, @p131, @p132, @p133, @p134, @p135)
RETURNING id;
2026-09-15 12:25:58.710 +05:00 [INF] Executed DbCommand (4ms) [Parameters=[@p0='?' (DbType = Guid), @p1='?', @p2='?', @p3='?' (DbType = Guid), @p4='?' (DbType = Guid), @p5='?' (DbType = DateTime)], CommandType='"Text"', CommandTimeout='30']
INSERT INTO
    audit.audit_logs
    (
        user_id,
        action,
        entity_type,
        entity_id,
        correlation_id,
        created_at
    )
VALUES
    (
        @p0,
        @p1,
        @p2,
        @p3,
        @p4,
        @p5
    )
2026-09-15 12:25:58.733 +05:00 [INF] Executed DbCommand (15ms) [Parameters=[@p0='?' (DbType = Guid), @p1='?', @p2='?', @p3='?' (DbType = Guid), @p4='?', @p5='?', @p6='?' (DbType = Guid), @p7='?' (DbType = DateTime)], CommandType='"Text"', CommandTimeout='30']
INSERT INTO
    integration.outbox_messages
    (
        id,
        event_type,
        aggregate_type,
        aggregate_id,
        payload,
        status,
        attempt_count,
        correlation_id,
        created_at
    )
VALUES
    (
        @p0,
        @p1,
        @p2,
        @p3,
        @p4::jsonb,
        @p5,
        0,
        @p6,
        @p7
    )
2026-09-15 12:25:58.764 +05:00 [INF] Invoice "eaa97875-d799-40f4-ab2d-3b2c4326c651" saved. Draft=false, POs=36179, GRNs=46659
2026-09-15 12:25:58.769 +05:00 [INF] Setting HTTP status code 200.
2026-09-15 12:25:58.773 +05:00 [INF] Writing value of type '<>f__AnonymousType71`5' as Json.
2026-09-15 12:25:58.776 +05:00 [INF] Executed endpoint 'HTTP: POST /api/v1/invoices/'
2026-09-15 12:25:58.780 +05:00 [INF] HTTP POST /api/v1/invoices responded 200 in 688.8945 ms
2026-09-15 12:25:58.795 +05:00 [INF] Request finished HTTP/1.1 POST http://10.1.40.52:5044/api/v1/invoices - 200 null application/json; charset=utf-8 713.9218ms
2026-09-15 12:25:58.813 +05:00 [INF] Request starting HTTP/1.1 OPTIONS http://10.1.40.52:5044/api/v1/invoices/my - null null
2026-09-15 12:25:58.816 +05:00 [INF] Request starting HTTP/1.1 OPTIONS http://10.1.40.52:5044/api/v1/invoices/my - null null
2026-09-15 12:25:58.825 +05:00 [INF] CORS policy execution successful.
2026-09-15 12:25:58.830 +05:00 [INF] CORS policy execution successful.
2026-09-15 12:25:58.831 +05:00 [INF] HTTP OPTIONS /api/v1/invoices/my responded 204 in 7.0111 ms
2026-09-15 12:25:58.833 +05:00 [INF] HTTP OPTIONS /api/v1/invoices/my responded 204 in 3.1514 ms
2026-09-15 12:25:58.839 +05:00 [INF] Request finished HTTP/1.1 OPTIONS http://10.1.40.52:5044/api/v1/invoices/my - 204 null null 26.0443ms
2026-09-15 12:25:58.843 +05:00 [INF] Request starting HTTP/1.1 GET http://10.1.40.52:5044/api/v1/invoices/my - null null
2026-09-15 12:25:58.843 +05:00 [INF] Request finished HTTP/1.1 OPTIONS http://10.1.40.52:5044/api/v1/invoices/my - 204 null null 27.3599ms
2026-09-15 12:25:58.856 +05:00 [INF] CORS policy execution successful.
2026-09-15 12:25:58.863 +05:00 [INF] Executing endpoint 'HTTP: GET /api/v1/invoices/my'
2026-09-15 12:25:58.872 +05:00 [INF] Executed DbCommand (6ms) [Parameters=[@__UserId_0='?' (DbType = Guid)], CommandType='"Text"', CommandTimeout='30']
SELECT DISTINCT p.code
FROM security.user_roles AS u
INNER JOIN security.role_permissions AS r ON u.role_id = r.role_id
INNER JOIN security.permissions AS p ON r.permission_id = p.id
WHERE u.user_id = @__UserId_0
2026-09-15 12:25:58.885 +05:00 [INF] Executed DbCommand (7ms) [Parameters=[@__UserId_0='?' (DbType = Guid)], CommandType='"Text"', CommandTimeout='30']
SELECT u.user_id, u.permission_id, u.is_allowed
FROM security.user_permission_overrides AS u
WHERE u.user_id = @__UserId_0
2026-09-15 12:25:58.900 +05:00 [INF] Executed DbCommand (11ms) [Parameters=[@__UserId_0='?' (DbType = Guid)], CommandType='"Text"', CommandTimeout='30']
SELECT v.vendor_id
FROM master.vendor_users AS v
WHERE v.user_id = @__UserId_0 AND v.is_active
LIMIT 1
2026-09-15 12:25:58.912 +05:00 [INF] Executed DbCommand (6ms) [Parameters=[@__vendorId_0='?' (DbType = Guid)], CommandType='"Text"', CommandTimeout='30']
SELECT i.id AS "Id", i.invoice_number AS "InvoiceNumber", i.invoice_date AS "InvoiceDate", i.invoice_amount AS "InvoiceAmount", i.status AS "Status", i.integration_status AS "IntegrationStatus", i.submission_date AS "SubmissionDate", i.updated_at AS "UpdatedAt", i.po_number AS "PoNumber", i.grn_numbers AS "GrnNumbers", i.invoice_type AS "InvoiceType", i.remarks AS "Remarks"
FROM invoice.invoices AS i
WHERE i.vendor_id = @__vendorId_0 AND i.deleted_at IS NULL
ORDER BY i.updated_at DESC
2026-09-15 12:25:58.917 +05:00 [INF] Setting HTTP status code 200.
2026-09-15 12:25:58.921 +05:00 [INF] Writing value of type 'SelectListIterator`2' as Json.
2026-09-15 12:25:58.924 +05:00 [INF] Executed endpoint 'HTTP: GET /api/v1/invoices/my'
2026-09-15 12:25:58.926 +05:00 [INF] Request starting HTTP/1.1 GET http://10.1.40.52:5044/api/v1/invoices/my - null null
2026-09-15 12:25:58.927 +05:00 [INF] HTTP GET /api/v1/invoices/my responded 200 in 71.7434 ms
2026-09-15 12:25:58.933 +05:00 [INF] CORS policy execution successful.
2026-09-15 12:25:58.938 +05:00 [INF] Request finished HTTP/1.1 GET http://10.1.40.52:5044/api/v1/invoices/my - 200 null application/json; charset=utf-8 94.8362ms
2026-09-15 12:25:58.940 +05:00 [INF] Executing endpoint 'HTTP: GET /api/v1/invoices/my'
2026-09-15 12:25:58.955 +05:00 [INF] Executed DbCommand (5ms) [Parameters=[@__UserId_0='?' (DbType = Guid)], CommandType='"Text"', CommandTimeout='30']
SELECT DISTINCT p.code
FROM security.user_roles AS u
INNER JOIN security.role_permissions AS r ON u.role_id = r.role_id
INNER JOIN security.permissions AS p ON r.permission_id = p.id
WHERE u.user_id = @__UserId_0
2026-09-15 12:25:58.974 +05:00 [INF] Executed DbCommand (11ms) [Parameters=[@__UserId_0='?' (DbType = Guid)], CommandType='"Text"', CommandTimeout='30']
SELECT u.user_id, u.permission_id, u.is_allowed
FROM security.user_permission_overrides AS u
WHERE u.user_id = @__UserId_0
2026-09-15 12:25:58.988 +05:00 [INF] Executed DbCommand (11ms) [Parameters=[@__UserId_0='?' (DbType = Guid)], CommandType='"Text"', CommandTimeout='30']
SELECT v.vendor_id
FROM master.vendor_users AS v
WHERE v.user_id = @__UserId_0 AND v.is_active
LIMIT 1
2026-09-15 12:25:59.000 +05:00 [INF] Executed DbCommand (6ms) [Parameters=[@__vendorId_0='?' (DbType = Guid)], CommandType='"Text"', CommandTimeout='30']
SELECT i.id AS "Id", i.invoice_number AS "InvoiceNumber", i.invoice_date AS "InvoiceDate", i.invoice_amount AS "InvoiceAmount", i.status AS "Status", i.integration_status AS "IntegrationStatus", i.submission_date AS "SubmissionDate", i.updated_at AS "UpdatedAt", i.po_number AS "PoNumber", i.grn_numbers AS "GrnNumbers", i.invoice_type AS "InvoiceType", i.remarks AS "Remarks"
FROM invoice.invoices AS i
WHERE i.vendor_id = @__vendorId_0 AND i.deleted_at IS NULL
ORDER BY i.updated_at DESC
2026-09-15 12:25:59.005 +05:00 [INF] Setting HTTP status code 200.
2026-09-15 12:25:59.006 +05:00 [INF] Writing value of type 'SelectListIterator`2' as Json.
2026-09-15 12:25:59.008 +05:00 [INF] Executed endpoint 'HTTP: GET /api/v1/invoices/my'
2026-09-15 12:25:59.011 +05:00 [INF] HTTP GET /api/v1/invoices/my responded 200 in 77.4475 ms
2026-09-15 12:25:59.014 +05:00 [INF] Request finished HTTP/1.1 GET http://10.1.40.52:5044/api/v1/invoices/my - 200 null application/json; charset=utf-8 87.8009ms
2026-09-15 12:26:01.089 +05:00 [INF] Request starting HTTP/1.1 OPTIONS http://10.1.40.52:5044/api/v1/notifications/unread-count - null null
2026-09-15 12:26:01.090 +05:00 [INF] Request starting HTTP/1.1 OPTIONS http://10.1.40.52:5044/api/v1/notifications/unread-count - null null
2026-09-15 12:26:01.090 +05:00 [INF] Request starting HTTP/1.1 GET http://10.1.40.52:5044/api/v1/invoices/my - null null
2026-09-15 12:26:01.097 +05:00 [INF] CORS policy execution successful.
2026-09-15 12:26:01.106 +05:00 [INF] CORS policy execution successful.
2026-09-15 12:26:01.113 +05:00 [INF] CORS policy execution successful.
2026-09-15 12:26:01.115 +05:00 [INF] HTTP OPTIONS /api/v1/notifications/unread-count responded 204 in 18.3249 ms
2026-09-15 12:26:01.118 +05:00 [INF] HTTP OPTIONS /api/v1/notifications/unread-count responded 204 in 11.5739 ms
2026-09-15 12:26:01.122 +05:00 [INF] Executing endpoint 'HTTP: GET /api/v1/invoices/my'
2026-09-15 12:26:01.126 +05:00 [INF] Request finished HTTP/1.1 OPTIONS http://10.1.40.52:5044/api/v1/notifications/unread-count - 204 null null 37.2771ms
2026-09-15 12:26:01.129 +05:00 [INF] Request starting HTTP/1.1 GET http://10.1.40.52:5044/api/v1/notifications/unread-count - null null
2026-09-15 12:26:01.131 +05:00 [INF] Request finished HTTP/1.1 OPTIONS http://10.1.40.52:5044/api/v1/notifications/unread-count - 204 null null 41.5812ms
2026-09-15 12:26:01.141 +05:00 [INF] Executed DbCommand (5ms) [Parameters=[@__UserId_0='?' (DbType = Guid)], CommandType='"Text"', CommandTimeout='30']
SELECT DISTINCT p.code
FROM security.user_roles AS u
INNER JOIN security.role_permissions AS r ON u.role_id = r.role_id
INNER JOIN security.permissions AS p ON r.permission_id = p.id
WHERE u.user_id = @__UserId_0
2026-09-15 12:26:01.151 +05:00 [INF] CORS policy execution successful.
2026-09-15 12:26:01.173 +05:00 [INF] Executing endpoint 'HTTP: GET /api/v1/notifications/unread-count'
2026-09-15 12:26:01.183 +05:00 [INF] Executed DbCommand (13ms) [Parameters=[@__UserId_0='?' (DbType = Guid)], CommandType='"Text"', CommandTimeout='30']
SELECT u.user_id, u.permission_id, u.is_allowed
FROM security.user_permission_overrides AS u
WHERE u.user_id = @__UserId_0
2026-09-15 12:26:01.185 +05:00 [INF] Setting HTTP status code 200.
2026-09-15 12:26:01.198 +05:00 [INF] Writing value of type '<>f__AnonymousType72`1' as Json.
2026-09-15 12:26:01.203 +05:00 [INF] Executed endpoint 'HTTP: GET /api/v1/notifications/unread-count'
2026-09-15 12:26:01.204 +05:00 [INF] Executed DbCommand (9ms) [Parameters=[@__UserId_0='?' (DbType = Guid)], CommandType='"Text"', CommandTimeout='30']
SELECT v.vendor_id
FROM master.vendor_users AS v
WHERE v.user_id = @__UserId_0 AND v.is_active
LIMIT 1
2026-09-15 12:26:01.207 +05:00 [INF] Request starting HTTP/1.1 GET http://10.1.40.52:5044/api/v1/notifications/unread-count - null null
2026-09-15 12:26:01.209 +05:00 [INF] HTTP GET /api/v1/notifications/unread-count responded 200 in 58.4217 ms
2026-09-15 12:26:01.228 +05:00 [INF] Executed DbCommand (9ms) [Parameters=[@__vendorId_0='?' (DbType = Guid)], CommandType='"Text"', CommandTimeout='30']
SELECT i.id AS "Id", i.invoice_number AS "InvoiceNumber", i.invoice_date AS "InvoiceDate", i.invoice_amount AS "InvoiceAmount", i.status AS "Status", i.integration_status AS "IntegrationStatus", i.submission_date AS "SubmissionDate", i.updated_at AS "UpdatedAt", i.po_number AS "PoNumber", i.grn_numbers AS "GrnNumbers", i.invoice_type AS "InvoiceType", i.remarks AS "Remarks"
FROM invoice.invoices AS i
WHERE i.vendor_id = @__vendorId_0 AND i.deleted_at IS NULL
ORDER BY i.updated_at DESC
2026-09-15 12:26:01.228 +05:00 [INF] CORS policy execution successful.
2026-09-15 12:26:01.234 +05:00 [INF] Request finished HTTP/1.1 GET http://10.1.40.52:5044/api/v1/notifications/unread-count - 200 null application/json; charset=utf-8 105.1789ms
2026-09-15 12:26:01.245 +05:00 [INF] Setting HTTP status code 200.
2026-09-15 12:26:01.249 +05:00 [INF] Executing endpoint 'HTTP: GET /api/v1/notifications/unread-count'
2026-09-15 12:26:01.264 +05:00 [INF] Writing value of type 'SelectListIterator`2' as Json.
2026-09-15 12:26:01.272 +05:00 [INF] Executed endpoint 'HTTP: GET /api/v1/invoices/my'
2026-09-15 12:26:01.275 +05:00 [INF] Request starting HTTP/1.1 GET http://10.1.40.52:5044/api/v1/invoices/my - null null
2026-09-15 12:26:01.277 +05:00 [INF] HTTP GET /api/v1/invoices/my responded 200 in 163.7108 ms
2026-09-15 12:26:01.277 +05:00 [INF] Setting HTTP status code 200.
2026-09-15 12:26:01.285 +05:00 [INF] CORS policy execution successful.
2026-09-15 12:26:01.291 +05:00 [INF] Request finished HTTP/1.1 GET http://10.1.40.52:5044/api/v1/invoices/my - 200 null application/json; charset=utf-8 200.2864ms
2026-09-15 12:26:01.293 +05:00 [INF] Writing value of type '<>f__AnonymousType72`1' as Json.
2026-09-15 12:26:01.296 +05:00 [INF] Executing endpoint 'HTTP: GET /api/v1/invoices/my'
2026-09-15 12:26:01.308 +05:00 [INF] Executed endpoint 'HTTP: GET /api/v1/notifications/unread-count'
2026-09-15 12:26:01.312 +05:00 [INF] HTTP GET /api/v1/notifications/unread-count responded 200 in 84.4127 ms
2026-09-15 12:26:01.316 +05:00 [INF] Request finished HTTP/1.1 GET http://10.1.40.52:5044/api/v1/notifications/unread-count - 200 null application/json; charset=utf-8 108.3823ms
2026-09-15 12:26:01.322 +05:00 [INF] Executed DbCommand (11ms) [Parameters=[@__UserId_0='?' (DbType = Guid)], CommandType='"Text"', CommandTimeout='30']
SELECT DISTINCT p.code
FROM security.user_roles AS u
INNER JOIN security.role_permissions AS r ON u.role_id = r.role_id
INNER JOIN security.permissions AS p ON r.permission_id = p.id
WHERE u.user_id = @__UserId_0
2026-09-15 12:26:01.335 +05:00 [INF] Executed DbCommand (7ms) [Parameters=[@__UserId_0='?' (DbType = Guid)], CommandType='"Text"', CommandTimeout='30']
SELECT u.user_id, u.permission_id, u.is_allowed
FROM security.user_permission_overrides AS u
WHERE u.user_id = @__UserId_0
2026-09-15 12:26:01.347 +05:00 [INF] Executed DbCommand (8ms) [Parameters=[@__UserId_0='?' (DbType = Guid)], CommandType='"Text"', CommandTimeout='30']
SELECT v.vendor_id
FROM master.vendor_users AS v
WHERE v.user_id = @__UserId_0 AND v.is_active
LIMIT 1
2026-09-15 12:26:01.368 +05:00 [INF] Executed DbCommand (15ms) [Parameters=[@__vendorId_0='?' (DbType = Guid)], CommandType='"Text"', CommandTimeout='30']
SELECT i.id AS "Id", i.invoice_number AS "InvoiceNumber", i.invoice_date AS "InvoiceDate", i.invoice_amount AS "InvoiceAmount", i.status AS "Status", i.integration_status AS "IntegrationStatus", i.submission_date AS "SubmissionDate", i.updated_at AS "UpdatedAt", i.po_number AS "PoNumber", i.grn_numbers AS "GrnNumbers", i.invoice_type AS "InvoiceType", i.remarks AS "Remarks"
FROM invoice.invoices AS i
WHERE i.vendor_id = @__vendorId_0 AND i.deleted_at IS NULL
ORDER BY i.updated_at DESC
2026-09-15 12:26:01.373 +05:00 [INF] Setting HTTP status code 200.
2026-09-15 12:26:01.375 +05:00 [INF] Writing value of type 'SelectListIterator`2' as Json.
2026-09-15 12:26:01.377 +05:00 [INF] Executed endpoint 'HTTP: GET /api/v1/invoices/my'
2026-09-15 12:26:01.379 +05:00 [INF] HTTP GET /api/v1/invoices/my responded 200 in 95.1927 ms
2026-09-15 12:26:01.383 +05:00 [INF] Request finished HTTP/1.1 GET http://10.1.40.52:5044/api/v1/invoices/my - 200 null application/json; charset=utf-8 108.3108ms
2026-09-15 12:26:02.110 +05:00 [INF] Starting Oracle AP outbox processing. PortalInvoiceId="eaa97875-d799-40f4-ab2d-3b2c4326c651", OutboxEventId="d987f37c-a317-47fe-b1ea-018f26b31796", OriginalStatus=PENDING, Attempts=0, WasStaleProcessing=false
2026-09-15 12:26:02.136 +05:00 [INF] Executed DbCommand (16ms) [Parameters=[@__invoiceId_0='?' (DbType = Guid)], CommandType='"Text"', CommandTimeout='30']
SELECT i.id AS "Id", i.pk_id AS "PkId", i.invoice_number AS "InvoiceNumber", i.invoice_date AS "InvoiceDate", i.invoice_amount AS "InvoiceAmount", i.currency_code AS "CurrencyCode", i.po_number AS "PoNumber", i.grn_numbers AS "GrnNumbers", i.invoice_type AS "InvoiceType", i.remarks AS "Remarks", v.oracle_vendor_id AS "OracleVendorId"
FROM invoice.invoices AS i
INNER JOIN master.vendors AS v ON i.vendor_id = v.id
WHERE i.id = @__invoiceId_0 AND i.deleted_at IS NULL
LIMIT 2
2026-09-15 12:26:02.153 +05:00 [INF] Request starting HTTP/1.1 GET http://10.1.40.52:5044/api/v1/invoices/my - null null
2026-09-15 12:26:02.153 +05:00 [INF] Request starting HTTP/1.1 GET http://10.1.40.52:5044/api/v1/notifications/unread-count - null null
2026-09-15 12:26:02.156 +05:00 [INF] Executed DbCommand (6ms) [Parameters=[@__row_Id_0='?' (DbType = Guid)], CommandType='"Text"', CommandTimeout='30']
SELECT DISTINCT i.rcv_transaction_id
FROM invoice.invoice_line_grn_allocations AS i
WHERE i.invoice_id = @__row_Id_0
2026-09-15 12:26:02.164 +05:00 [INF] CORS policy execution successful.
2026-09-15 12:26:02.173 +05:00 [INF] CORS policy execution successful.
2026-09-15 12:26:02.181 +05:00 [INF] Calling Oracle AP invoice processing. InvoiceNumber=inv.120, PortalInvoiceId="eaa97875-d799-40f4-ab2d-3b2c4326c651", OutboxEventId="d987f37c-a317-47fe-b1ea-018f26b31796", Attempt=1
2026-09-15 12:26:02.183 +05:00 [INF] Executing endpoint 'HTTP: GET /api/v1/invoices/my'
2026-09-15 12:26:02.186 +05:00 [INF] Executing endpoint 'HTTP: GET /api/v1/notifications/unread-count'
2026-09-15 12:26:02.191 +05:00 [INF] Starting Oracle AP submission.
2026-09-15 12:26:02.199 +05:00 [INF] Oracle AP step started: PROCESS.EXISTING_INVOICE_LOOKUP
2026-09-15 12:26:02.205 +05:00 [INF] Executed DbCommand (10ms) [Parameters=[@__UserId_0='?' (DbType = Guid)], CommandType='"Text"', CommandTimeout='30']
SELECT DISTINCT p.code
FROM security.user_roles AS u
INNER JOIN security.role_permissions AS r ON u.role_id = r.role_id
INNER JOIN security.permissions AS p ON r.permission_id = p.id
WHERE u.user_id = @__UserId_0
2026-09-15 12:26:02.206 +05:00 [INF] Setting HTTP status code 200.
2026-09-15 12:26:02.216 +05:00 [INF] Writing value of type '<>f__AnonymousType72`1' as Json.
2026-09-15 12:26:02.216 +05:00 [INF] Oracle AP step completed: PROCESS.EXISTING_INVOICE_LOOKUP. DurationMs=16
2026-09-15 12:26:02.219 +05:00 [INF] Executed endpoint 'HTTP: GET /api/v1/notifications/unread-count'
2026-09-15 12:26:02.219 +05:00 [INF] Executed DbCommand (6ms) [Parameters=[@__UserId_0='?' (DbType = Guid)], CommandType='"Text"', CommandTimeout='30']
SELECT u.user_id, u.permission_id, u.is_allowed
FROM security.user_permission_overrides AS u
WHERE u.user_id = @__UserId_0
2026-09-15 12:26:02.221 +05:00 [INF] Request starting HTTP/1.1 GET http://10.1.40.52:5044/api/v1/notifications/unread-count - null null
2026-09-15 12:26:02.226 +05:00 [INF] HTTP GET /api/v1/notifications/unread-count responded 200 in 52.7345 ms
2026-09-15 12:26:02.237 +05:00 [INF] Executed DbCommand (4ms) [Parameters=[@__UserId_0='?' (DbType = Guid)], CommandType='"Text"', CommandTimeout='30']
SELECT v.vendor_id
FROM master.vendor_users AS v
WHERE v.user_id = @__UserId_0 AND v.is_active
LIMIT 1
2026-09-15 12:26:02.239 +05:00 [INF] CORS policy execution successful.
2026-09-15 12:26:02.242 +05:00 [INF] Oracle AP step started: PROCESS.SUPPLIER_LOOKUP
2026-09-15 12:26:02.244 +05:00 [INF] Request finished HTTP/1.1 GET http://10.1.40.52:5044/api/v1/notifications/unread-count - 200 null application/json; charset=utf-8 91.1217ms
2026-09-15 12:26:02.254 +05:00 [INF] Executing endpoint 'HTTP: GET /api/v1/notifications/unread-count'
2026-09-15 12:26:02.259 +05:00 [INF] Executed DbCommand (7ms) [Parameters=[@__vendorId_0='?' (DbType = Guid)], CommandType='"Text"', CommandTimeout='30']
SELECT i.id AS "Id", i.invoice_number AS "InvoiceNumber", i.invoice_date AS "InvoiceDate", i.invoice_amount AS "InvoiceAmount", i.status AS "Status", i.integration_status AS "IntegrationStatus", i.submission_date AS "SubmissionDate", i.updated_at AS "UpdatedAt", i.po_number AS "PoNumber", i.grn_numbers AS "GrnNumbers", i.invoice_type AS "InvoiceType", i.remarks AS "Remarks"
FROM invoice.invoices AS i
WHERE i.vendor_id = @__vendorId_0 AND i.deleted_at IS NULL
ORDER BY i.updated_at DESC
2026-09-15 12:26:02.266 +05:00 [INF] Oracle AP step completed: PROCESS.SUPPLIER_LOOKUP. DurationMs=23
2026-09-15 12:26:02.279 +05:00 [INF] Setting HTTP status code 200.
2026-09-15 12:26:02.283 +05:00 [INF] Oracle AP step started: PROCESS.PAYMENT_METHOD_RESOLUTION
2026-09-15 12:26:02.286 +05:00 [INF] Writing value of type 'SelectListIterator`2' as Json.
2026-09-15 12:26:02.293 +05:00 [INF] Executed endpoint 'HTTP: GET /api/v1/invoices/my'
2026-09-15 12:26:02.295 +05:00 [INF] Request starting HTTP/1.1 GET http://10.1.40.52:5044/api/v1/invoices/my - null null
2026-09-15 12:26:02.297 +05:00 [INF] HTTP GET /api/v1/invoices/my responded 200 in 132.7134 ms
2026-09-15 12:26:02.304 +05:00 [INF] CORS policy execution successful.
2026-09-15 12:26:02.306 +05:00 [INF] Setting HTTP status code 200.
2026-09-15 12:26:02.310 +05:00 [INF] Request finished HTTP/1.1 GET http://10.1.40.52:5044/api/v1/invoices/my - 200 null application/json; charset=utf-8 157.2012ms
2026-09-15 12:26:02.314 +05:00 [INF] Executing endpoint 'HTTP: GET /api/v1/invoices/my'
2026-09-15 12:26:02.315 +05:00 [WRN] No valid Oracle payment method resolved. VendorSiteId=904 OrgId=82. PAYMENT_METHOD_LOOKUP_CODE will be sent as NULL so Oracle AP can apply its configured defaults.
2026-09-15 12:26:02.318 +05:00 [INF] Writing value of type '<>f__AnonymousType72`1' as Json.
2026-09-15 12:26:02.336 +05:00 [INF] Oracle AP step completed: PROCESS.PAYMENT_METHOD_RESOLUTION. DurationMs=53
2026-09-15 12:26:02.338 +05:00 [INF] Executed endpoint 'HTTP: GET /api/v1/notifications/unread-count'
2026-09-15 12:26:02.340 +05:00 [INF] Executed DbCommand (7ms) [Parameters=[@__UserId_0='?' (DbType = Guid)], CommandType='"Text"', CommandTimeout='30']
SELECT DISTINCT p.code
FROM security.user_roles AS u
INNER JOIN security.role_permissions AS r ON u.role_id = r.role_id
INNER JOIN security.permissions AS p ON r.permission_id = p.id
WHERE u.user_id = @__UserId_0
2026-09-15 12:26:02.343 +05:00 [INF] Oracle AP step started: PROCESS.RECEIPT_LINE_RESOLUTION
2026-09-15 12:26:02.345 +05:00 [INF] HTTP GET /api/v1/notifications/unread-count responded 200 in 106.4503 ms
2026-09-15 12:26:02.355 +05:00 [INF] Executed DbCommand (4ms) [Parameters=[@__UserId_0='?' (DbType = Guid)], CommandType='"Text"', CommandTimeout='30']
SELECT u.user_id, u.permission_id, u.is_allowed
FROM security.user_permission_overrides AS u
WHERE u.user_id = @__UserId_0
2026-09-15 12:26:02.359 +05:00 [INF] Request finished HTTP/1.1 GET http://10.1.40.52:5044/api/v1/notifications/unread-count - 200 null application/json; charset=utf-8 137.78ms
2026-09-15 12:26:02.362 +05:00 [INF] Resolved 5 eligible Oracle receipt line(s). VendorId=412, PO=36179, GRNs=46659
2026-09-15 12:26:02.382 +05:00 [INF] Oracle AP step completed: PROCESS.RECEIPT_LINE_RESOLUTION. DurationMs=38
2026-09-15 12:26:02.394 +05:00 [INF] Oracle AP step started: PROCESS.STAGE_INVOICE
2026-09-15 12:26:02.407 +05:00 [INF] Executed DbCommand (41ms) [Parameters=[@__UserId_0='?' (DbType = Guid)], CommandType='"Text"', CommandTimeout='30']
SELECT v.vendor_id
FROM master.vendor_users AS v
WHERE v.user_id = @__UserId_0 AND v.is_active
LIMIT 1
2026-09-15 12:26:02.409 +05:00 [INF] Oracle AP step started: STAGE.GOODS_RECEIVED_DATE_RESOLUTION
2026-09-15 12:26:02.422 +05:00 [INF] Executed DbCommand (7ms) [Parameters=[@__vendorId_0='?' (DbType = Guid)], CommandType='"Text"', CommandTimeout='30']
SELECT i.id AS "Id", i.invoice_number AS "InvoiceNumber", i.invoice_date AS "InvoiceDate", i.invoice_amount AS "InvoiceAmount", i.status AS "Status", i.integration_status AS "IntegrationStatus", i.submission_date AS "SubmissionDate", i.updated_at AS "UpdatedAt", i.po_number AS "PoNumber", i.grn_numbers AS "GrnNumbers", i.invoice_type AS "InvoiceType", i.remarks AS "Remarks"
FROM invoice.invoices AS i
WHERE i.vendor_id = @__vendorId_0 AND i.deleted_at IS NULL
ORDER BY i.updated_at DESC
2026-09-15 12:26:02.430 +05:00 [INF] Setting HTTP status code 200.
2026-09-15 12:26:02.434 +05:00 [INF] Writing value of type 'SelectListIterator`2' as Json.
2026-09-15 12:26:02.438 +05:00 [INF] Resolved Oracle GOODS_RECEIVED_DATE="2026-05-04T10:35:07.0000000" from 5 selected receipt line(s).
2026-09-15 12:26:02.439 +05:00 [INF] Executed endpoint 'HTTP: GET /api/v1/invoices/my'
2026-09-15 12:26:02.446 +05:00 [INF] Oracle AP step completed: STAGE.GOODS_RECEIVED_DATE_RESOLUTION. DurationMs=36
2026-09-15 12:26:02.447 +05:00 [INF] HTTP GET /api/v1/invoices/my responded 200 in 142.9352 ms
2026-09-15 12:26:02.452 +05:00 [INF] Oracle AP step started: STAGE.APPS_INITIALIZE
2026-09-15 12:26:02.456 +05:00 [INF] Request finished HTTP/1.1 GET http://10.1.40.52:5044/api/v1/invoices/my - 200 null application/json; charset=utf-8 160.5384ms
2026-09-15 12:26:02.529 +05:00 [INF] Oracle AP step completed: STAGE.APPS_INITIALIZE. DurationMs=76
2026-09-15 12:26:02.531 +05:00 [INF] Oracle AP step started: STAGE.CLEANUP_PREVIOUS_INTERFACE
2026-09-15 12:26:02.577 +05:00 [INF] Oracle AP step completed: STAGE.CLEANUP_PREVIOUS_INTERFACE. DurationMs=45
2026-09-15 12:26:02.579 +05:00 [INF] Oracle AP step started: STAGE.NEXT_HEADER_SEQUENCE
2026-09-15 12:26:02.598 +05:00 [INF] Oracle AP step completed: STAGE.NEXT_HEADER_SEQUENCE. DurationMs=19
2026-09-15 12:26:02.603 +05:00 [INF] Oracle AP step started: STAGE.HEADER_INTERFACE_INSERT
2026-09-15 12:26:02.620 +05:00 [INF] Oracle AP step completed: STAGE.HEADER_INTERFACE_INSERT. DurationMs=16
2026-09-15 12:26:02.623 +05:00 [INF] Oracle AP step started: STAGE.NEXT_LINE_SEQUENCE.RCV=8839416
2026-09-15 12:26:02.635 +05:00 [INF] Oracle AP step completed: STAGE.NEXT_LINE_SEQUENCE.RCV=8839416. DurationMs=11
2026-09-15 12:26:02.638 +05:00 [INF] Oracle AP step started: STAGE.LINE_INTERFACE_INSERT.RCV=8839416
2026-09-15 12:26:02.668 +05:00 [INF] Oracle AP step completed: STAGE.LINE_INTERFACE_INSERT.RCV=8839416. DurationMs=30
2026-09-15 12:26:02.671 +05:00 [INF] Oracle AP step started: STAGE.NEXT_LINE_SEQUENCE.RCV=8839417
2026-09-15 12:26:02.685 +05:00 [INF] Oracle AP step completed: STAGE.NEXT_LINE_SEQUENCE.RCV=8839417. DurationMs=13
2026-09-15 12:26:02.688 +05:00 [INF] Oracle AP step started: STAGE.LINE_INTERFACE_INSERT.RCV=8839417
2026-09-15 12:26:02.718 +05:00 [INF] Oracle AP step completed: STAGE.LINE_INTERFACE_INSERT.RCV=8839417. DurationMs=29
2026-09-15 12:26:02.721 +05:00 [INF] Oracle AP step started: STAGE.NEXT_LINE_SEQUENCE.RCV=8839418
2026-09-15 12:26:02.730 +05:00 [INF] Oracle AP step completed: STAGE.NEXT_LINE_SEQUENCE.RCV=8839418. DurationMs=8
2026-09-15 12:26:02.733 +05:00 [INF] Oracle AP step started: STAGE.LINE_INTERFACE_INSERT.RCV=8839418
2026-09-15 12:26:02.763 +05:00 [INF] Oracle AP step completed: STAGE.LINE_INTERFACE_INSERT.RCV=8839418. DurationMs=30
2026-09-15 12:26:02.765 +05:00 [INF] Oracle AP step started: STAGE.NEXT_LINE_SEQUENCE.RCV=8839420
2026-09-15 12:26:02.774 +05:00 [INF] Oracle AP step completed: STAGE.NEXT_LINE_SEQUENCE.RCV=8839420. DurationMs=9
2026-09-15 12:26:02.777 +05:00 [INF] Oracle AP step started: STAGE.LINE_INTERFACE_INSERT.RCV=8839420
2026-09-15 12:26:02.785 +05:00 [INF] Oracle AP step completed: STAGE.LINE_INTERFACE_INSERT.RCV=8839420. DurationMs=7
2026-09-15 12:26:02.787 +05:00 [INF] Oracle AP step started: STAGE.NEXT_LINE_SEQUENCE.RCV=8839419
2026-09-15 12:26:02.830 +05:00 [INF] Oracle AP step completed: STAGE.NEXT_LINE_SEQUENCE.RCV=8839419. DurationMs=42
2026-09-15 12:26:02.837 +05:00 [INF] Oracle AP step started: STAGE.LINE_INTERFACE_INSERT.RCV=8839419
2026-09-15 12:26:02.852 +05:00 [INF] Oracle AP step completed: STAGE.LINE_INTERFACE_INSERT.RCV=8839419. DurationMs=14
2026-09-15 12:26:02.859 +05:00 [INF] Oracle AP step started: STAGE.TRANSACTION_COMMIT
2026-09-15 12:26:02.932 +05:00 [INF] Oracle AP step completed: STAGE.TRANSACTION_COMMIT. DurationMs=73
2026-09-15 12:26:02.935 +05:00 [INF] Staged portal invoice "eaa97875-d799-40f4-ab2d-3b2c4326c651" into Oracle AP interface. InterfaceInvoiceId=315522, PkId=81, Source=BUSINESS PARTNER PORTAL, GroupId=NULL
2026-09-15 12:26:02.939 +05:00 [INF] Oracle AP step completed: PROCESS.STAGE_INVOICE. DurationMs=545
2026-09-15 12:26:02.945 +05:00 [INF] Oracle AP step started: PROCESS.APXIIMPT_SUBMIT
2026-09-15 12:26:02.951 +05:00 [INF] Oracle AP step started: APXIIMPT.APPS_INITIALIZE
2026-09-15 12:26:02.985 +05:00 [INF] Oracle AP step completed: APXIIMPT.APPS_INITIALIZE. DurationMs=33
2026-09-15 12:26:02.992 +05:00 [INF] Oracle AP step started: APXIIMPT.SUBMIT_REQUEST
2026-09-15 12:26:03.025 +05:00 [INF] Oracle AP step completed: APXIIMPT.SUBMIT_REQUEST. DurationMs=33
2026-09-15 12:26:03.028 +05:00 [INF] Submitted APXIIMPT. RequestId=143791558, Source=BUSINESS PARTNER PORTAL, GroupId=NULL, BatchName=BUSINESS PARTNER PORTAL - 15-SEP-2026
2026-09-15 12:26:03.031 +05:00 [INF] Oracle AP step completed: PROCESS.APXIIMPT_SUBMIT. DurationMs=86
2026-09-15 12:26:03.034 +05:00 [INF] Oracle AP step started: PROCESS.APXIIMPT_WAIT
2026-09-15 12:26:03.516 +05:00 [INF] Request starting HTTP/1.1 GET http://10.1.40.52:5044/api/v1/invoices/my - null null
2026-09-15 12:26:03.518 +05:00 [INF] Request starting HTTP/1.1 GET http://10.1.40.52:5044/api/v1/notifications/unread-count - null null
2026-09-15 12:26:03.525 +05:00 [INF] CORS policy execution successful.
2026-09-15 12:26:03.532 +05:00 [INF] CORS policy execution successful.
2026-09-15 12:26:03.535 +05:00 [INF] Executing endpoint 'HTTP: GET /api/v1/invoices/my'
2026-09-15 12:26:03.537 +05:00 [INF] Executing endpoint 'HTTP: GET /api/v1/notifications/unread-count'
2026-09-15 12:26:03.548 +05:00 [INF] Executed DbCommand (7ms) [Parameters=[@__UserId_0='?' (DbType = Guid)], CommandType='"Text"', CommandTimeout='30']
SELECT DISTINCT p.code
FROM security.user_roles AS u
INNER JOIN security.role_permissions AS r ON u.role_id = r.role_id
INNER JOIN security.permissions AS p ON r.permission_id = p.id
WHERE u.user_id = @__UserId_0
2026-09-15 12:26:03.554 +05:00 [INF] Setting HTTP status code 200.
2026-09-15 12:26:03.557 +05:00 [INF] Writing value of type '<>f__AnonymousType72`1' as Json.
2026-09-15 12:26:03.559 +05:00 [INF] Executed endpoint 'HTTP: GET /api/v1/notifications/unread-count'
2026-09-15 12:26:03.562 +05:00 [INF] Request starting HTTP/1.1 GET http://10.1.40.52:5044/api/v1/notifications/unread-count - null null
2026-09-15 12:26:03.562 +05:00 [INF] HTTP GET /api/v1/notifications/unread-count responded 200 in 29.9841 ms
2026-09-15 12:26:03.569 +05:00 [INF] Executed DbCommand (15ms) [Parameters=[@__UserId_0='?' (DbType = Guid)], CommandType='"Text"', CommandTimeout='30']
SELECT u.user_id, u.permission_id, u.is_allowed
FROM security.user_permission_overrides AS u
WHERE u.user_id = @__UserId_0
2026-09-15 12:26:03.570 +05:00 [INF] CORS policy execution successful.
2026-09-15 12:26:03.575 +05:00 [INF] Request finished HTTP/1.1 GET http://10.1.40.52:5044/api/v1/notifications/unread-count - 200 null application/json; charset=utf-8 56.5468ms
2026-09-15 12:26:03.585 +05:00 [INF] Executing endpoint 'HTTP: GET /api/v1/notifications/unread-count'
2026-09-15 12:26:03.591 +05:00 [INF] Executed DbCommand (8ms) [Parameters=[@__UserId_0='?' (DbType = Guid)], CommandType='"Text"', CommandTimeout='30']
SELECT v.vendor_id
FROM master.vendor_users AS v
WHERE v.user_id = @__UserId_0 AND v.is_active
LIMIT 1
2026-09-15 12:26:03.613 +05:00 [INF] Executed DbCommand (7ms) [Parameters=[@__vendorId_0='?' (DbType = Guid)], CommandType='"Text"', CommandTimeout='30']
SELECT i.id AS "Id", i.invoice_number AS "InvoiceNumber", i.invoice_date AS "InvoiceDate", i.invoice_amount AS "InvoiceAmount", i.status AS "Status", i.integration_status AS "IntegrationStatus", i.submission_date AS "SubmissionDate", i.updated_at AS "UpdatedAt", i.po_number AS "PoNumber", i.grn_numbers AS "GrnNumbers", i.invoice_type AS "InvoiceType", i.remarks AS "Remarks"
FROM invoice.invoices AS i
WHERE i.vendor_id = @__vendorId_0 AND i.deleted_at IS NULL
ORDER BY i.updated_at DESC
2026-09-15 12:26:03.613 +05:00 [INF] Setting HTTP status code 200.
2026-09-15 12:26:03.621 +05:00 [INF] Setting HTTP status code 200.
2026-09-15 12:26:03.624 +05:00 [INF] Writing value of type '<>f__AnonymousType72`1' as Json.
2026-09-15 12:26:03.628 +05:00 [INF] Writing value of type 'SelectListIterator`2' as Json.
2026-09-15 12:26:03.631 +05:00 [INF] Executed endpoint 'HTTP: GET /api/v1/notifications/unread-count'
2026-09-15 12:26:03.636 +05:00 [INF] Executed endpoint 'HTTP: GET /api/v1/invoices/my'
2026-09-15 12:26:03.638 +05:00 [INF] Request starting HTTP/1.1 GET http://10.1.40.52:5044/api/v1/invoices/my - null null
2026-09-15 12:26:03.639 +05:00 [INF] HTTP GET /api/v1/notifications/unread-count responded 200 in 69.3768 ms
2026-09-15 12:26:03.643 +05:00 [INF] HTTP GET /api/v1/invoices/my responded 200 in 117.6816 ms
2026-09-15 12:26:03.651 +05:00 [INF] CORS policy execution successful.
2026-09-15 12:26:03.659 +05:00 [INF] Request finished HTTP/1.1 GET http://10.1.40.52:5044/api/v1/notifications/unread-count - 200 null application/json; charset=utf-8 96.9476ms
2026-09-15 12:26:03.665 +05:00 [INF] Request finished HTTP/1.1 GET http://10.1.40.52:5044/api/v1/invoices/my - 200 null application/json; charset=utf-8 148.6194ms
2026-09-15 12:26:03.668 +05:00 [INF] Executing endpoint 'HTTP: GET /api/v1/invoices/my'
2026-09-15 12:26:03.719 +05:00 [INF] Executed DbCommand (18ms) [Parameters=[@__UserId_0='?' (DbType = Guid)], CommandType='"Text"', CommandTimeout='30']
SELECT DISTINCT p.code
FROM security.user_roles AS u
INNER JOIN security.role_permissions AS r ON u.role_id = r.role_id
INNER JOIN security.permissions AS p ON r.permission_id = p.id
WHERE u.user_id = @__UserId_0
2026-09-15 12:26:03.733 +05:00 [INF] Executed DbCommand (5ms) [Parameters=[@__UserId_0='?' (DbType = Guid)], CommandType='"Text"', CommandTimeout='30']
SELECT u.user_id, u.permission_id, u.is_allowed
FROM security.user_permission_overrides AS u
WHERE u.user_id = @__UserId_0
2026-09-15 12:26:03.744 +05:00 [INF] Executed DbCommand (3ms) [Parameters=[@__UserId_0='?' (DbType = Guid)], CommandType='"Text"', CommandTimeout='30']
SELECT v.vendor_id
FROM master.vendor_users AS v
WHERE v.user_id = @__UserId_0 AND v.is_active
LIMIT 1
2026-09-15 12:26:03.756 +05:00 [INF] Executed DbCommand (7ms) [Parameters=[@__vendorId_0='?' (DbType = Guid)], CommandType='"Text"', CommandTimeout='30']
SELECT i.id AS "Id", i.invoice_number AS "InvoiceNumber", i.invoice_date AS "InvoiceDate", i.invoice_amount AS "InvoiceAmount", i.status AS "Status", i.integration_status AS "IntegrationStatus", i.submission_date AS "SubmissionDate", i.updated_at AS "UpdatedAt", i.po_number AS "PoNumber", i.grn_numbers AS "GrnNumbers", i.invoice_type AS "InvoiceType", i.remarks AS "Remarks"
FROM invoice.invoices AS i
WHERE i.vendor_id = @__vendorId_0 AND i.deleted_at IS NULL
ORDER BY i.updated_at DESC
2026-09-15 12:26:03.761 +05:00 [INF] Setting HTTP status code 200.
2026-09-15 12:26:03.763 +05:00 [INF] Writing value of type 'SelectListIterator`2' as Json.
2026-09-15 12:26:03.766 +05:00 [INF] Executed endpoint 'HTTP: GET /api/v1/invoices/my'
2026-09-15 12:26:03.769 +05:00 [INF] HTTP GET /api/v1/invoices/my responded 200 in 118.2879 ms
2026-09-15 12:26:03.773 +05:00 [INF] Request finished HTTP/1.1 GET http://10.1.40.52:5044/api/v1/invoices/my - 200 null application/json; charset=utf-8 134.6978ms
2026-09-15 12:26:04.425 +05:00 [INF] Request starting HTTP/1.1 OPTIONS http://10.1.40.52:5044/api/v1/invoices/my - null null
2026-09-15 12:26:04.428 +05:00 [INF] Request starting HTTP/1.1 OPTIONS http://10.1.40.52:5044/api/v1/invoices/my - null null
2026-09-15 12:26:04.428 +05:00 [INF] Request starting HTTP/1.1 GET http://10.1.40.52:5044/api/v1/notifications/unread-count - null null
2026-09-15 12:26:04.433 +05:00 [INF] CORS policy execution successful.
2026-09-15 12:26:04.441 +05:00 [INF] CORS policy execution successful.
2026-09-15 12:26:04.447 +05:00 [INF] CORS policy execution successful.
2026-09-15 12:26:04.449 +05:00 [INF] HTTP OPTIONS /api/v1/invoices/my responded 204 in 15.7239 ms
2026-09-15 12:26:04.451 +05:00 [INF] HTTP OPTIONS /api/v1/invoices/my responded 204 in 9.6497 ms
2026-09-15 12:26:04.454 +05:00 [INF] Executing endpoint 'HTTP: GET /api/v1/notifications/unread-count'
2026-09-15 12:26:04.458 +05:00 [INF] Request finished HTTP/1.1 OPTIONS http://10.1.40.52:5044/api/v1/invoices/my - 204 null null 32.9939ms
2026-09-15 12:26:04.462 +05:00 [INF] Request starting HTTP/1.1 GET http://10.1.40.52:5044/api/v1/invoices/my - null null
2026-09-15 12:26:04.465 +05:00 [INF] Request finished HTTP/1.1 OPTIONS http://10.1.40.52:5044/api/v1/invoices/my - 204 null null 37.2141ms
2026-09-15 12:26:04.477 +05:00 [INF] Setting HTTP status code 200.
2026-09-15 12:26:04.488 +05:00 [INF] CORS policy execution successful.
2026-09-15 12:26:04.499 +05:00 [INF] Writing value of type '<>f__AnonymousType72`1' as Json.
2026-09-15 12:26:04.500 +05:00 [INF] Executing endpoint 'HTTP: GET /api/v1/invoices/my'
2026-09-15 12:26:04.504 +05:00 [INF] Executed endpoint 'HTTP: GET /api/v1/notifications/unread-count'
2026-09-15 12:26:04.507 +05:00 [INF] Request starting HTTP/1.1 GET http://10.1.40.52:5044/api/v1/notifications/unread-count - null null
2026-09-15 12:26:04.510 +05:00 [INF] HTTP GET /api/v1/notifications/unread-count responded 200 in 62.9653 ms
2026-09-15 12:26:04.514 +05:00 [INF] Executed DbCommand (6ms) [Parameters=[@__UserId_0='?' (DbType = Guid)], CommandType='"Text"', CommandTimeout='30']
SELECT DISTINCT p.code
FROM security.user_roles AS u
INNER JOIN security.role_permissions AS r ON u.role_id = r.role_id
INNER JOIN security.permissions AS p ON r.permission_id = p.id
WHERE u.user_id = @__UserId_0
2026-09-15 12:26:04.516 +05:00 [INF] CORS policy execution successful.
2026-09-15 12:26:04.522 +05:00 [INF] Request finished HTTP/1.1 GET http://10.1.40.52:5044/api/v1/notifications/unread-count - 200 null application/json; charset=utf-8 94.0488ms
2026-09-15 12:26:04.532 +05:00 [INF] Executing endpoint 'HTTP: GET /api/v1/notifications/unread-count'
2026-09-15 12:26:04.536 +05:00 [INF] Executed DbCommand (6ms) [Parameters=[@__UserId_0='?' (DbType = Guid)], CommandType='"Text"', CommandTimeout='30']
SELECT u.user_id, u.permission_id, u.is_allowed
FROM security.user_permission_overrides AS u
WHERE u.user_id = @__UserId_0
2026-09-15 12:26:04.549 +05:00 [INF] Setting HTTP status code 200.
2026-09-15 12:26:04.552 +05:00 [INF] Writing value of type '<>f__AnonymousType72`1' as Json.
2026-09-15 12:26:04.554 +05:00 [INF] Executed endpoint 'HTTP: GET /api/v1/notifications/unread-count'
2026-09-15 12:26:04.555 +05:00 [INF] Executed DbCommand (8ms) [Parameters=[@__UserId_0='?' (DbType = Guid)], CommandType='"Text"', CommandTimeout='30']
SELECT v.vendor_id
FROM master.vendor_users AS v
WHERE v.user_id = @__UserId_0 AND v.is_active
LIMIT 1
2026-09-15 12:26:04.558 +05:00 [INF] HTTP GET /api/v1/notifications/unread-count responded 200 in 41.4420 ms
2026-09-15 12:26:04.567 +05:00 [INF] Request finished HTTP/1.1 GET http://10.1.40.52:5044/api/v1/notifications/unread-count - 200 null application/json; charset=utf-8 60.3924ms
2026-09-15 12:26:04.570 +05:00 [INF] Executed DbCommand (6ms) [Parameters=[@__vendorId_0='?' (DbType = Guid)], CommandType='"Text"', CommandTimeout='30']
SELECT i.id AS "Id", i.invoice_number AS "InvoiceNumber", i.invoice_date AS "InvoiceDate", i.invoice_amount AS "InvoiceAmount", i.status AS "Status", i.integration_status AS "IntegrationStatus", i.submission_date AS "SubmissionDate", i.updated_at AS "UpdatedAt", i.po_number AS "PoNumber", i.grn_numbers AS "GrnNumbers", i.invoice_type AS "InvoiceType", i.remarks AS "Remarks"
FROM invoice.invoices AS i
WHERE i.vendor_id = @__vendorId_0 AND i.deleted_at IS NULL
ORDER BY i.updated_at DESC
2026-09-15 12:26:04.585 +05:00 [INF] Setting HTTP status code 200.
2026-09-15 12:26:04.589 +05:00 [INF] Writing value of type 'SelectListIterator`2' as Json.
2026-09-15 12:26:04.593 +05:00 [INF] Executed endpoint 'HTTP: GET /api/v1/invoices/my'
2026-09-15 12:26:04.596 +05:00 [INF] Request starting HTTP/1.1 GET http://10.1.40.52:5044/api/v1/invoices/my - null null
2026-09-15 12:26:04.597 +05:00 [INF] HTTP GET /api/v1/invoices/my responded 200 in 108.8774 ms
2026-09-15 12:26:04.607 +05:00 [INF] CORS policy execution successful.
2026-09-15 12:26:04.612 +05:00 [INF] Request finished HTTP/1.1 GET http://10.1.40.52:5044/api/v1/invoices/my - 200 null application/json; charset=utf-8 150.2175ms
2026-09-15 12:26:04.616 +05:00 [INF] Executing endpoint 'HTTP: GET /api/v1/invoices/my'
2026-09-15 12:26:04.638 +05:00 [INF] Executed DbCommand (6ms) [Parameters=[@__UserId_0='?' (DbType = Guid)], CommandType='"Text"', CommandTimeout='30']
SELECT DISTINCT p.code
FROM security.user_roles AS u
INNER JOIN security.role_permissions AS r ON u.role_id = r.role_id
INNER JOIN security.permissions AS p ON r.permission_id = p.id
WHERE u.user_id = @__UserId_0
2026-09-15 12:26:04.666 +05:00 [INF] Executed DbCommand (20ms) [Parameters=[@__UserId_0='?' (DbType = Guid)], CommandType='"Text"', CommandTimeout='30']
SELECT u.user_id, u.permission_id, u.is_allowed
FROM security.user_permission_overrides AS u
WHERE u.user_id = @__UserId_0
2026-09-15 12:26:04.687 +05:00 [INF] Executed DbCommand (9ms) [Parameters=[@__UserId_0='?' (DbType = Guid)], CommandType='"Text"', CommandTimeout='30']
SELECT v.vendor_id
FROM master.vendor_users AS v
WHERE v.user_id = @__UserId_0 AND v.is_active
LIMIT 1
2026-09-15 12:26:04.704 +05:00 [INF] Executed DbCommand (8ms) [Parameters=[@__vendorId_0='?' (DbType = Guid)], CommandType='"Text"', CommandTimeout='30']
SELECT i.id AS "Id", i.invoice_number AS "InvoiceNumber", i.invoice_date AS "InvoiceDate", i.invoice_amount AS "InvoiceAmount", i.status AS "Status", i.integration_status AS "IntegrationStatus", i.submission_date AS "SubmissionDate", i.updated_at AS "UpdatedAt", i.po_number AS "PoNumber", i.grn_numbers AS "GrnNumbers", i.invoice_type AS "InvoiceType", i.remarks AS "Remarks"
FROM invoice.invoices AS i
WHERE i.vendor_id = @__vendorId_0 AND i.deleted_at IS NULL
ORDER BY i.updated_at DESC
2026-09-15 12:26:04.711 +05:00 [INF] Setting HTTP status code 200.
2026-09-15 12:26:04.715 +05:00 [INF] Writing value of type 'SelectListIterator`2' as Json.
2026-09-15 12:26:04.719 +05:00 [INF] Executed endpoint 'HTTP: GET /api/v1/invoices/my'
2026-09-15 12:26:04.723 +05:00 [INF] HTTP GET /api/v1/invoices/my responded 200 in 116.4298 ms
2026-09-15 12:26:04.729 +05:00 [INF] Request finished HTTP/1.1 GET http://10.1.40.52:5044/api/v1/invoices/my - 200 null application/json; charset=utf-8 133.4444ms
2026-09-15 12:26:05.590 +05:00 [INF] Request starting HTTP/1.1 GET http://10.1.40.52:5044/api/v1/invoices/my - null null
2026-09-15 12:26:05.590 +05:00 [INF] Request starting HTTP/1.1 GET http://10.1.40.52:5044/api/v1/notifications/unread-count - null null
2026-09-15 12:26:05.604 +05:00 [INF] CORS policy execution successful.
2026-09-15 12:26:05.616 +05:00 [INF] CORS policy execution successful.
2026-09-15 12:26:05.619 +05:00 [INF] Executing endpoint 'HTTP: GET /api/v1/invoices/my'
2026-09-15 12:26:05.621 +05:00 [INF] Executing endpoint 'HTTP: GET /api/v1/notifications/unread-count'
2026-09-15 12:26:05.630 +05:00 [INF] Executed DbCommand (6ms) [Parameters=[@__UserId_0='?' (DbType = Guid)], CommandType='"Text"', CommandTimeout='30']
SELECT DISTINCT p.code
FROM security.user_roles AS u
INNER JOIN security.role_permissions AS r ON u.role_id = r.role_id
INNER JOIN security.permissions AS p ON r.permission_id = p.id
WHERE u.user_id = @__UserId_0
2026-09-15 12:26:05.635 +05:00 [INF] Setting HTTP status code 200.
2026-09-15 12:26:05.639 +05:00 [INF] Writing value of type '<>f__AnonymousType72`1' as Json.
2026-09-15 12:26:05.641 +05:00 [INF] Executed endpoint 'HTTP: GET /api/v1/notifications/unread-count'
2026-09-15 12:26:05.642 +05:00 [INF] Request starting HTTP/1.1 GET http://10.1.40.52:5044/api/v1/notifications/unread-count - null null
2026-09-15 12:26:05.642 +05:00 [INF] HTTP GET /api/v1/notifications/unread-count responded 200 in 27.0210 ms
2026-09-15 12:26:05.646 +05:00 [INF] Executed DbCommand (8ms) [Parameters=[@__UserId_0='?' (DbType = Guid)], CommandType='"Text"', CommandTimeout='30']
SELECT u.user_id, u.permission_id, u.is_allowed
FROM security.user_permission_overrides AS u
WHERE u.user_id = @__UserId_0
2026-09-15 12:26:05.646 +05:00 [INF] CORS policy execution successful.
2026-09-15 12:26:05.648 +05:00 [INF] Request finished HTTP/1.1 GET http://10.1.40.52:5044/api/v1/notifications/unread-count - 200 null application/json; charset=utf-8 58.0669ms
2026-09-15 12:26:05.653 +05:00 [INF] Executing endpoint 'HTTP: GET /api/v1/notifications/unread-count'
2026-09-15 12:26:05.657 +05:00 [INF] Executed DbCommand (6ms) [Parameters=[@__UserId_0='?' (DbType = Guid)], CommandType='"Text"', CommandTimeout='30']
SELECT v.vendor_id
FROM master.vendor_users AS v
WHERE v.user_id = @__UserId_0 AND v.is_active
LIMIT 1
2026-09-15 12:26:05.662 +05:00 [INF] Setting HTTP status code 200.
2026-09-15 12:26:05.663 +05:00 [INF] Writing value of type '<>f__AnonymousType72`1' as Json.
2026-09-15 12:26:05.665 +05:00 [INF] Executed endpoint 'HTTP: GET /api/v1/notifications/unread-count'
2026-09-15 12:26:05.667 +05:00 [INF] HTTP GET /api/v1/notifications/unread-count responded 200 in 20.2875 ms
2026-09-15 12:26:05.670 +05:00 [INF] Request finished HTTP/1.1 GET http://10.1.40.52:5044/api/v1/notifications/unread-count - 200 null application/json; charset=utf-8 27.5278ms
2026-09-15 12:26:05.674 +05:00 [INF] Executed DbCommand (13ms) [Parameters=[@__vendorId_0='?' (DbType = Guid)], CommandType='"Text"', CommandTimeout='30']
SELECT i.id AS "Id", i.invoice_number AS "InvoiceNumber", i.invoice_date AS "InvoiceDate", i.invoice_amount AS "InvoiceAmount", i.status AS "Status", i.integration_status AS "IntegrationStatus", i.submission_date AS "SubmissionDate", i.updated_at AS "UpdatedAt", i.po_number AS "PoNumber", i.grn_numbers AS "GrnNumbers", i.invoice_type AS "InvoiceType", i.remarks AS "Remarks"
FROM invoice.invoices AS i
WHERE i.vendor_id = @__vendorId_0 AND i.deleted_at IS NULL
ORDER BY i.updated_at DESC
2026-09-15 12:26:05.678 +05:00 [INF] Setting HTTP status code 200.
2026-09-15 12:26:05.680 +05:00 [INF] Writing value of type 'SelectListIterator`2' as Json.
2026-09-15 12:26:05.681 +05:00 [INF] Executed endpoint 'HTTP: GET /api/v1/invoices/my'
2026-09-15 12:26:05.683 +05:00 [INF] HTTP GET /api/v1/invoices/my responded 200 in 78.8842 ms
2026-09-15 12:26:05.683 +05:00 [INF] Request starting HTTP/1.1 GET http://10.1.40.52:5044/api/v1/invoices/my - null null
2026-09-15 12:26:05.686 +05:00 [INF] Request finished HTTP/1.1 GET http://10.1.40.52:5044/api/v1/invoices/my - 200 null application/json; charset=utf-8 95.4682ms
2026-09-15 12:26:05.690 +05:00 [INF] CORS policy execution successful.
2026-09-15 12:26:05.696 +05:00 [INF] Executing endpoint 'HTTP: GET /api/v1/invoices/my'
2026-09-15 12:26:05.708 +05:00 [INF] Executed DbCommand (8ms) [Parameters=[@__UserId_0='?' (DbType = Guid)], CommandType='"Text"', CommandTimeout='30']
SELECT DISTINCT p.code
FROM security.user_roles AS u
INNER JOIN security.role_permissions AS r ON u.role_id = r.role_id
INNER JOIN security.permissions AS p ON r.permission_id = p.id
WHERE u.user_id = @__UserId_0
2026-09-15 12:26:05.722 +05:00 [INF] Executed DbCommand (11ms) [Parameters=[@__UserId_0='?' (DbType = Guid)], CommandType='"Text"', CommandTimeout='30']
SELECT u.user_id, u.permission_id, u.is_allowed
FROM security.user_permission_overrides AS u
WHERE u.user_id = @__UserId_0
2026-09-15 12:26:05.731 +05:00 [INF] Executed DbCommand (6ms) [Parameters=[@__UserId_0='?' (DbType = Guid)], CommandType='"Text"', CommandTimeout='30']
SELECT v.vendor_id
FROM master.vendor_users AS v
WHERE v.user_id = @__UserId_0 AND v.is_active
LIMIT 1
2026-09-15 12:26:05.746 +05:00 [INF] Executed DbCommand (11ms) [Parameters=[@__vendorId_0='?' (DbType = Guid)], CommandType='"Text"', CommandTimeout='30']
SELECT i.id AS "Id", i.invoice_number AS "InvoiceNumber", i.invoice_date AS "InvoiceDate", i.invoice_amount AS "InvoiceAmount", i.status AS "Status", i.integration_status AS "IntegrationStatus", i.submission_date AS "SubmissionDate", i.updated_at AS "UpdatedAt", i.po_number AS "PoNumber", i.grn_numbers AS "GrnNumbers", i.invoice_type AS "InvoiceType", i.remarks AS "Remarks"
FROM invoice.invoices AS i
WHERE i.vendor_id = @__vendorId_0 AND i.deleted_at IS NULL
ORDER BY i.updated_at DESC
2026-09-15 12:26:05.832 +05:00 [INF] Setting HTTP status code 200.
2026-09-15 12:26:05.833 +05:00 [INF] Writing value of type 'SelectListIterator`2' as Json.
2026-09-15 12:26:05.835 +05:00 [INF] Executed endpoint 'HTTP: GET /api/v1/invoices/my'
2026-09-15 12:26:05.837 +05:00 [INF] HTTP GET /api/v1/invoices/my responded 200 in 147.2813 ms
2026-09-15 12:26:05.840 +05:00 [INF] Request finished HTTP/1.1 GET http://10.1.40.52:5044/api/v1/invoices/my - 200 null application/json; charset=utf-8 157.2368ms
2026-09-15 12:26:06.574 +05:00 [INF] Request starting HTTP/1.1 GET http://10.1.40.52:5044/api/v1/invoices/my - null null
2026-09-15 12:26:06.575 +05:00 [INF] Request starting HTTP/1.1 OPTIONS http://10.1.40.52:5044/api/v1/notifications/unread-count - null null
2026-09-15 12:26:06.578 +05:00 [INF] Request starting HTTP/1.1 OPTIONS http://10.1.40.52:5044/api/v1/notifications/unread-count - null null
2026-09-15 12:26:06.579 +05:00 [INF] CORS policy execution successful.
2026-09-15 12:26:06.583 +05:00 [INF] CORS policy execution successful.
2026-09-15 12:26:06.588 +05:00 [INF] CORS policy execution successful.
2026-09-15 12:26:06.589 +05:00 [INF] Executing endpoint 'HTTP: GET /api/v1/invoices/my'
2026-09-15 12:26:06.590 +05:00 [INF] HTTP OPTIONS /api/v1/notifications/unread-count responded 204 in 7.0112 ms
2026-09-15 12:26:06.592 +05:00 [INF] HTTP OPTIONS /api/v1/notifications/unread-count responded 204 in 3.7463 ms
2026-09-15 12:26:06.596 +05:00 [INF] Request finished HTTP/1.1 OPTIONS http://10.1.40.52:5044/api/v1/notifications/unread-count - 204 null null 20.3647ms
2026-09-15 12:26:06.599 +05:00 [INF] Request starting HTTP/1.1 GET http://10.1.40.52:5044/api/v1/notifications/unread-count - null null
2026-09-15 12:26:06.599 +05:00 [INF] Request finished HTTP/1.1 OPTIONS http://10.1.40.52:5044/api/v1/notifications/unread-count - 204 null null 21.2825ms
2026-09-15 12:26:06.610 +05:00 [INF] CORS policy execution successful.
2026-09-15 12:26:06.617 +05:00 [INF] Executing endpoint 'HTTP: GET /api/v1/notifications/unread-count'
2026-09-15 12:26:06.629 +05:00 [INF] Executed DbCommand (35ms) [Parameters=[@__UserId_0='?' (DbType = Guid)], CommandType='"Text"', CommandTimeout='30']
SELECT DISTINCT p.code
FROM security.user_roles AS u
INNER JOIN security.role_permissions AS r ON u.role_id = r.role_id
INNER JOIN security.permissions AS p ON r.permission_id = p.id
WHERE u.user_id = @__UserId_0
2026-09-15 12:26:06.634 +05:00 [INF] Setting HTTP status code 200.
2026-09-15 12:26:06.638 +05:00 [INF] Writing value of type '<>f__AnonymousType72`1' as Json.
2026-09-15 12:26:06.641 +05:00 [INF] Executed endpoint 'HTTP: GET /api/v1/notifications/unread-count'
2026-09-15 12:26:06.643 +05:00 [INF] Executed DbCommand (8ms) [Parameters=[@__UserId_0='?' (DbType = Guid)], CommandType='"Text"', CommandTimeout='30']
SELECT u.user_id, u.permission_id, u.is_allowed
FROM security.user_permission_overrides AS u
WHERE u.user_id = @__UserId_0
2026-09-15 12:26:06.644 +05:00 [INF] Request starting HTTP/1.1 GET http://10.1.40.52:5044/api/v1/notifications/unread-count - null null
2026-09-15 12:26:06.645 +05:00 [INF] HTTP GET /api/v1/notifications/unread-count responded 200 in 35.3359 ms
2026-09-15 12:26:06.659 +05:00 [INF] CORS policy execution successful.
2026-09-15 12:26:06.662 +05:00 [INF] Executed DbCommand (11ms) [Parameters=[@__UserId_0='?' (DbType = Guid)], CommandType='"Text"', CommandTimeout='30']
SELECT v.vendor_id
FROM master.vendor_users AS v
WHERE v.user_id = @__UserId_0 AND v.is_active
LIMIT 1
2026-09-15 12:26:06.665 +05:00 [INF] Request finished HTTP/1.1 GET http://10.1.40.52:5044/api/v1/notifications/unread-count - 200 null application/json; charset=utf-8 66.3084ms
2026-09-15 12:26:06.668 +05:00 [INF] Executing endpoint 'HTTP: GET /api/v1/notifications/unread-count'
2026-09-15 12:26:06.683 +05:00 [INF] Executed DbCommand (7ms) [Parameters=[@__vendorId_0='?' (DbType = Guid)], CommandType='"Text"', CommandTimeout='30']
SELECT i.id AS "Id", i.invoice_number AS "InvoiceNumber", i.invoice_date AS "InvoiceDate", i.invoice_amount AS "InvoiceAmount", i.status AS "Status", i.integration_status AS "IntegrationStatus", i.submission_date AS "SubmissionDate", i.updated_at AS "UpdatedAt", i.po_number AS "PoNumber", i.grn_numbers AS "GrnNumbers", i.invoice_type AS "InvoiceType", i.remarks AS "Remarks"
FROM invoice.invoices AS i
WHERE i.vendor_id = @__vendorId_0 AND i.deleted_at IS NULL
ORDER BY i.updated_at DESC
2026-09-15 12:26:06.690 +05:00 [INF] Setting HTTP status code 200.
2026-09-15 12:26:06.692 +05:00 [INF] Writing value of type 'SelectListIterator`2' as Json.
2026-09-15 12:26:06.694 +05:00 [INF] Setting HTTP status code 200.
2026-09-15 12:26:06.695 +05:00 [INF] Executed endpoint 'HTTP: GET /api/v1/invoices/my'
2026-09-15 12:26:06.697 +05:00 [INF] Request starting HTTP/1.1 GET http://10.1.40.52:5044/api/v1/invoices/my - null null
2026-09-15 12:26:06.698 +05:00 [INF] Writing value of type '<>f__AnonymousType72`1' as Json.
2026-09-15 12:26:06.699 +05:00 [INF] HTTP GET /api/v1/invoices/my responded 200 in 120.8471 ms
2026-09-15 12:26:06.705 +05:00 [INF] CORS policy execution successful.
2026-09-15 12:26:06.707 +05:00 [INF] Executed endpoint 'HTTP: GET /api/v1/notifications/unread-count'
2026-09-15 12:26:06.712 +05:00 [INF] Request finished HTTP/1.1 GET http://10.1.40.52:5044/api/v1/invoices/my - 200 null application/json; charset=utf-8 138.11ms
2026-09-15 12:26:06.714 +05:00 [INF] Executing endpoint 'HTTP: GET /api/v1/invoices/my'
2026-09-15 12:26:06.715 +05:00 [INF] HTTP GET /api/v1/notifications/unread-count responded 200 in 55.5071 ms
2026-09-15 12:26:06.727 +05:00 [INF] Request finished HTTP/1.1 GET http://10.1.40.52:5044/api/v1/notifications/unread-count - 200 null application/json; charset=utf-8 83.0078ms
2026-09-15 12:26:06.735 +05:00 [INF] Executed DbCommand (9ms) [Parameters=[@__UserId_0='?' (DbType = Guid)], CommandType='"Text"', CommandTimeout='30']
SELECT DISTINCT p.code
FROM security.user_roles AS u
INNER JOIN security.role_permissions AS r ON u.role_id = r.role_id
INNER JOIN security.permissions AS p ON r.permission_id = p.id
WHERE u.user_id = @__UserId_0
2026-09-15 12:26:06.745 +05:00 [INF] Executed DbCommand (7ms) [Parameters=[@__UserId_0='?' (DbType = Guid)], CommandType='"Text"', CommandTimeout='30']
SELECT u.user_id, u.permission_id, u.is_allowed
FROM security.user_permission_overrides AS u
WHERE u.user_id = @__UserId_0
2026-09-15 12:26:06.757 +05:00 [INF] Executed DbCommand (7ms) [Parameters=[@__UserId_0='?' (DbType = Guid)], CommandType='"Text"', CommandTimeout='30']
SELECT v.vendor_id
FROM master.vendor_users AS v
WHERE v.user_id = @__UserId_0 AND v.is_active
LIMIT 1
2026-09-15 12:26:06.767 +05:00 [INF] Executed DbCommand (5ms) [Parameters=[@__vendorId_0='?' (DbType = Guid)], CommandType='"Text"', CommandTimeout='30']
SELECT i.id AS "Id", i.invoice_number AS "InvoiceNumber", i.invoice_date AS "InvoiceDate", i.invoice_amount AS "InvoiceAmount", i.status AS "Status", i.integration_status AS "IntegrationStatus", i.submission_date AS "SubmissionDate", i.updated_at AS "UpdatedAt", i.po_number AS "PoNumber", i.grn_numbers AS "GrnNumbers", i.invoice_type AS "InvoiceType", i.remarks AS "Remarks"
FROM invoice.invoices AS i
WHERE i.vendor_id = @__vendorId_0 AND i.deleted_at IS NULL
ORDER BY i.updated_at DESC
2026-09-15 12:26:06.772 +05:00 [INF] Setting HTTP status code 200.
2026-09-15 12:26:06.774 +05:00 [INF] Writing value of type 'SelectListIterator`2' as Json.
2026-09-15 12:26:06.777 +05:00 [INF] Executed endpoint 'HTTP: GET /api/v1/invoices/my'
2026-09-15 12:26:06.779 +05:00 [INF] HTTP GET /api/v1/invoices/my responded 200 in 74.5002 ms
2026-09-15 12:26:06.783 +05:00 [INF] Request finished HTTP/1.1 GET http://10.1.40.52:5044/api/v1/invoices/my - 200 null application/json; charset=utf-8 86.2492ms
2026-09-15 12:26:07.450 +05:00 [INF] Request starting HTTP/1.1 GET http://10.1.40.52:5044/api/v1/invoices/my - null null
2026-09-15 12:26:07.453 +05:00 [INF] Request starting HTTP/1.1 GET http://10.1.40.52:5044/api/v1/notifications/unread-count - null null
2026-09-15 12:26:07.457 +05:00 [INF] CORS policy execution successful.
2026-09-15 12:26:07.463 +05:00 [INF] CORS policy execution successful.
2026-09-15 12:26:07.465 +05:00 [INF] Executing endpoint 'HTTP: GET /api/v1/invoices/my'
2026-09-15 12:26:07.466 +05:00 [INF] Executing endpoint 'HTTP: GET /api/v1/notifications/unread-count'
2026-09-15 12:26:07.500 +05:00 [INF] Executed DbCommand (29ms) [Parameters=[@__UserId_0='?' (DbType = Guid)], CommandType='"Text"', CommandTimeout='30']
SELECT DISTINCT p.code
FROM security.user_roles AS u
INNER JOIN security.role_permissions AS r ON u.role_id = r.role_id
INNER JOIN security.permissions AS p ON r.permission_id = p.id
WHERE u.user_id = @__UserId_0
2026-09-15 12:26:07.501 +05:00 [INF] Setting HTTP status code 200.
2026-09-15 12:26:07.507 +05:00 [INF] Writing value of type '<>f__AnonymousType72`1' as Json.
2026-09-15 12:26:07.509 +05:00 [INF] Executed DbCommand (4ms) [Parameters=[@__UserId_0='?' (DbType = Guid)], CommandType='"Text"', CommandTimeout='30']
SELECT u.user_id, u.permission_id, u.is_allowed
FROM security.user_permission_overrides AS u
WHERE u.user_id = @__UserId_0
2026-09-15 12:26:07.509 +05:00 [INF] Executed endpoint 'HTTP: GET /api/v1/notifications/unread-count'
2026-09-15 12:26:07.511 +05:00 [INF] Request starting HTTP/1.1 GET http://10.1.40.52:5044/api/v1/notifications/unread-count - null null
2026-09-15 12:26:07.516 +05:00 [INF] HTTP GET /api/v1/notifications/unread-count responded 200 in 53.3446 ms
2026-09-15 12:26:07.520 +05:00 [INF] Executed DbCommand (6ms) [Parameters=[@__UserId_0='?' (DbType = Guid)], CommandType='"Text"', CommandTimeout='30']
SELECT v.vendor_id
FROM master.vendor_users AS v
WHERE v.user_id = @__UserId_0 AND v.is_active
LIMIT 1
2026-09-15 12:26:07.523 +05:00 [INF] CORS policy execution successful.
2026-09-15 12:26:07.526 +05:00 [INF] Request finished HTTP/1.1 GET http://10.1.40.52:5044/api/v1/notifications/unread-count - 200 null application/json; charset=utf-8 73.2395ms
2026-09-15 12:26:07.532 +05:00 [INF] Executing endpoint 'HTTP: GET /api/v1/notifications/unread-count'
2026-09-15 12:26:07.547 +05:00 [INF] Setting HTTP status code 200.
2026-09-15 12:26:07.547 +05:00 [INF] Executed DbCommand (16ms) [Parameters=[@__vendorId_0='?' (DbType = Guid)], CommandType='"Text"', CommandTimeout='30']
SELECT i.id AS "Id", i.invoice_number AS "InvoiceNumber", i.invoice_date AS "InvoiceDate", i.invoice_amount AS "InvoiceAmount", i.status AS "Status", i.integration_status AS "IntegrationStatus", i.submission_date AS "SubmissionDate", i.updated_at AS "UpdatedAt", i.po_number AS "PoNumber", i.grn_numbers AS "GrnNumbers", i.invoice_type AS "InvoiceType", i.remarks AS "Remarks"
FROM invoice.invoices AS i
WHERE i.vendor_id = @__vendorId_0 AND i.deleted_at IS NULL
ORDER BY i.updated_at DESC
2026-09-15 12:26:07.549 +05:00 [INF] Writing value of type '<>f__AnonymousType72`1' as Json.
2026-09-15 12:26:07.553 +05:00 [INF] Setting HTTP status code 200.
2026-09-15 12:26:07.555 +05:00 [INF] Executed endpoint 'HTTP: GET /api/v1/notifications/unread-count'
2026-09-15 12:26:07.557 +05:00 [INF] Writing value of type 'SelectListIterator`2' as Json.
2026-09-15 12:26:07.559 +05:00 [INF] HTTP GET /api/v1/notifications/unread-count responded 200 in 36.2711 ms
2026-09-15 12:26:07.561 +05:00 [INF] Executed endpoint 'HTTP: GET /api/v1/invoices/my'
2026-09-15 12:26:07.562 +05:00 [INF] Request starting HTTP/1.1 GET http://10.1.40.52:5044/api/v1/invoices/my - null null
2026-09-15 12:26:07.564 +05:00 [INF] Request finished HTTP/1.1 GET http://10.1.40.52:5044/api/v1/notifications/unread-count - 200 null application/json; charset=utf-8 52.345ms
2026-09-15 12:26:07.565 +05:00 [INF] HTTP GET /api/v1/invoices/my responded 200 in 108.3149 ms
2026-09-15 12:26:07.570 +05:00 [INF] CORS policy execution successful.
2026-09-15 12:26:07.577 +05:00 [INF] Request finished HTTP/1.1 GET http://10.1.40.52:5044/api/v1/invoices/my - 200 null application/json; charset=utf-8 127.898ms
2026-09-15 12:26:07.579 +05:00 [INF] Executing endpoint 'HTTP: GET /api/v1/invoices/my'
2026-09-15 12:26:07.599 +05:00 [INF] Executed DbCommand (11ms) [Parameters=[@__UserId_0='?' (DbType = Guid)], CommandType='"Text"', CommandTimeout='30']
SELECT DISTINCT p.code
FROM security.user_roles AS u
INNER JOIN security.role_permissions AS r ON u.role_id = r.role_id
INNER JOIN security.permissions AS p ON r.permission_id = p.id
WHERE u.user_id = @__UserId_0
2026-09-15 12:26:07.610 +05:00 [INF] Executed DbCommand (6ms) [Parameters=[@__UserId_0='?' (DbType = Guid)], CommandType='"Text"', CommandTimeout='30']
SELECT u.user_id, u.permission_id, u.is_allowed
FROM security.user_permission_overrides AS u
WHERE u.user_id = @__UserId_0
2026-09-15 12:26:07.633 +05:00 [INF] Executed DbCommand (19ms) [Parameters=[@__UserId_0='?' (DbType = Guid)], CommandType='"Text"', CommandTimeout='30']
SELECT v.vendor_id
FROM master.vendor_users AS v
WHERE v.user_id = @__UserId_0 AND v.is_active
LIMIT 1
2026-09-15 12:26:07.646 +05:00 [INF] Executed DbCommand (7ms) [Parameters=[@__vendorId_0='?' (DbType = Guid)], CommandType='"Text"', CommandTimeout='30']
SELECT i.id AS "Id", i.invoice_number AS "InvoiceNumber", i.invoice_date AS "InvoiceDate", i.invoice_amount AS "InvoiceAmount", i.status AS "Status", i.integration_status AS "IntegrationStatus", i.submission_date AS "SubmissionDate", i.updated_at AS "UpdatedAt", i.po_number AS "PoNumber", i.grn_numbers AS "GrnNumbers", i.invoice_type AS "InvoiceType", i.remarks AS "Remarks"
FROM invoice.invoices AS i
WHERE i.vendor_id = @__vendorId_0 AND i.deleted_at IS NULL
ORDER BY i.updated_at DESC
2026-09-15 12:26:07.650 +05:00 [INF] Setting HTTP status code 200.
2026-09-15 12:26:07.652 +05:00 [INF] Writing value of type 'SelectListIterator`2' as Json.
2026-09-15 12:26:07.655 +05:00 [INF] Executed endpoint 'HTTP: GET /api/v1/invoices/my'
2026-09-15 12:26:07.657 +05:00 [INF] HTTP GET /api/v1/invoices/my responded 200 in 86.7905 ms
2026-09-15 12:26:07.660 +05:00 [INF] Request finished HTTP/1.1 GET http://10.1.40.52:5044/api/v1/invoices/my - 200 null application/json; charset=utf-8 97.6441ms
2026-09-15 12:26:08.331 +05:00 [INF] Request starting HTTP/1.1 GET http://10.1.40.52:5044/api/v1/invoices/my - null null
2026-09-15 12:26:08.331 +05:00 [INF] Request starting HTTP/1.1 GET http://10.1.40.52:5044/api/v1/notifications/unread-count - null null
2026-09-15 12:26:08.337 +05:00 [INF] CORS policy execution successful.
2026-09-15 12:26:08.343 +05:00 [INF] CORS policy execution successful.
2026-09-15 12:26:08.345 +05:00 [INF] Executing endpoint 'HTTP: GET /api/v1/invoices/my'
2026-09-15 12:26:08.346 +05:00 [INF] Executing endpoint 'HTTP: GET /api/v1/notifications/unread-count'
2026-09-15 12:26:08.356 +05:00 [INF] Executed DbCommand (8ms) [Parameters=[@__UserId_0='?' (DbType = Guid)], CommandType='"Text"', CommandTimeout='30']
SELECT DISTINCT p.code
FROM security.user_roles AS u
INNER JOIN security.role_permissions AS r ON u.role_id = r.role_id
INNER JOIN security.permissions AS p ON r.permission_id = p.id
WHERE u.user_id = @__UserId_0
2026-09-15 12:26:08.356 +05:00 [INF] Setting HTTP status code 200.
2026-09-15 12:26:08.362 +05:00 [INF] Writing value of type '<>f__AnonymousType72`1' as Json.
2026-09-15 12:26:08.364 +05:00 [INF] Executed endpoint 'HTTP: GET /api/v1/notifications/unread-count'
2026-09-15 12:26:08.366 +05:00 [INF] Request starting HTTP/1.1 GET http://10.1.40.52:5044/api/v1/notifications/unread-count - null null
2026-09-15 12:26:08.366 +05:00 [INF] HTTP GET /api/v1/notifications/unread-count responded 200 in 23.3145 ms
2026-09-15 12:26:08.370 +05:00 [INF] Executed DbCommand (10ms) [Parameters=[@__UserId_0='?' (DbType = Guid)], CommandType='"Text"', CommandTimeout='30']
SELECT u.user_id, u.permission_id, u.is_allowed
FROM security.user_permission_overrides AS u
WHERE u.user_id = @__UserId_0
2026-09-15 12:26:08.371 +05:00 [INF] CORS policy execution successful.
2026-09-15 12:26:08.374 +05:00 [INF] Request finished HTTP/1.1 GET http://10.1.40.52:5044/api/v1/notifications/unread-count - 200 null application/json; charset=utf-8 42.776ms
2026-09-15 12:26:08.380 +05:00 [INF] Executing endpoint 'HTTP: GET /api/v1/notifications/unread-count'
2026-09-15 12:26:08.384 +05:00 [INF] Executed DbCommand (6ms) [Parameters=[@__UserId_0='?' (DbType = Guid)], CommandType='"Text"', CommandTimeout='30']
SELECT v.vendor_id
FROM master.vendor_users AS v
WHERE v.user_id = @__UserId_0 AND v.is_active
LIMIT 1
2026-09-15 12:26:08.400 +05:00 [INF] Executed DbCommand (8ms) [Parameters=[@__vendorId_0='?' (DbType = Guid)], CommandType='"Text"', CommandTimeout='30']
SELECT i.id AS "Id", i.invoice_number AS "InvoiceNumber", i.invoice_date AS "InvoiceDate", i.invoice_amount AS "InvoiceAmount", i.status AS "Status", i.integration_status AS "IntegrationStatus", i.submission_date AS "SubmissionDate", i.updated_at AS "UpdatedAt", i.po_number AS "PoNumber", i.grn_numbers AS "GrnNumbers", i.invoice_type AS "InvoiceType", i.remarks AS "Remarks"
FROM invoice.invoices AS i
WHERE i.vendor_id = @__vendorId_0 AND i.deleted_at IS NULL
ORDER BY i.updated_at DESC
2026-09-15 12:26:08.402 +05:00 [INF] Setting HTTP status code 200.
2026-09-15 12:26:08.404 +05:00 [INF] Setting HTTP status code 200.
2026-09-15 12:26:08.406 +05:00 [INF] Writing value of type '<>f__AnonymousType72`1' as Json.
2026-09-15 12:26:08.408 +05:00 [INF] Writing value of type 'SelectListIterator`2' as Json.
2026-09-15 12:26:08.410 +05:00 [INF] Executed endpoint 'HTTP: GET /api/v1/notifications/unread-count'
2026-09-15 12:26:08.412 +05:00 [INF] Executed endpoint 'HTTP: GET /api/v1/invoices/my'
2026-09-15 12:26:08.414 +05:00 [INF] Request starting HTTP/1.1 GET http://10.1.40.52:5044/api/v1/invoices/my - null null
2026-09-15 12:26:08.414 +05:00 [INF] HTTP GET /api/v1/notifications/unread-count responded 200 in 43.3284 ms
2026-09-15 12:26:08.416 +05:00 [INF] HTTP GET /api/v1/invoices/my responded 200 in 78.9344 ms
2026-09-15 12:26:08.422 +05:00 [INF] CORS policy execution successful.
2026-09-15 12:26:08.425 +05:00 [INF] Request finished HTTP/1.1 GET http://10.1.40.52:5044/api/v1/notifications/unread-count - 200 null application/json; charset=utf-8 58.9189ms
2026-09-15 12:26:08.429 +05:00 [INF] Request finished HTTP/1.1 GET http://10.1.40.52:5044/api/v1/invoices/my - 200 null application/json; charset=utf-8 98.1043ms
2026-09-15 12:26:08.430 +05:00 [INF] Executing endpoint 'HTTP: GET /api/v1/invoices/my'
2026-09-15 12:26:08.458 +05:00 [INF] Executed DbCommand (12ms) [Parameters=[@__UserId_0='?' (DbType = Guid)], CommandType='"Text"', CommandTimeout='30']
SELECT DISTINCT p.code
FROM security.user_roles AS u
INNER JOIN security.role_permissions AS r ON u.role_id = r.role_id
INNER JOIN security.permissions AS p ON r.permission_id = p.id
WHERE u.user_id = @__UserId_0
2026-09-15 12:26:08.468 +05:00 [INF] Executed DbCommand (6ms) [Parameters=[@__UserId_0='?' (DbType = Guid)], CommandType='"Text"', CommandTimeout='30']
SELECT u.user_id, u.permission_id, u.is_allowed
FROM security.user_permission_overrides AS u
WHERE u.user_id = @__UserId_0
2026-09-15 12:26:08.485 +05:00 [INF] Executed DbCommand (12ms) [Parameters=[@__UserId_0='?' (DbType = Guid)], CommandType='"Text"', CommandTimeout='30']
SELECT v.vendor_id
FROM master.vendor_users AS v
WHERE v.user_id = @__UserId_0 AND v.is_active
LIMIT 1
2026-09-15 12:26:08.508 +05:00 [INF] Executed DbCommand (17ms) [Parameters=[@__vendorId_0='?' (DbType = Guid)], CommandType='"Text"', CommandTimeout='30']
SELECT i.id AS "Id", i.invoice_number AS "InvoiceNumber", i.invoice_date AS "InvoiceDate", i.invoice_amount AS "InvoiceAmount", i.status AS "Status", i.integration_status AS "IntegrationStatus", i.submission_date AS "SubmissionDate", i.updated_at AS "UpdatedAt", i.po_number AS "PoNumber", i.grn_numbers AS "GrnNumbers", i.invoice_type AS "InvoiceType", i.remarks AS "Remarks"
FROM invoice.invoices AS i
WHERE i.vendor_id = @__vendorId_0 AND i.deleted_at IS NULL
ORDER BY i.updated_at DESC
2026-09-15 12:26:08.514 +05:00 [INF] Setting HTTP status code 200.
2026-09-15 12:26:08.518 +05:00 [INF] Writing value of type 'SelectListIterator`2' as Json.
2026-09-15 12:26:08.521 +05:00 [INF] Executed endpoint 'HTTP: GET /api/v1/invoices/my'
2026-09-15 12:26:08.525 +05:00 [INF] HTTP GET /api/v1/invoices/my responded 200 in 103.3451 ms
2026-09-15 12:26:08.530 +05:00 [INF] Request finished HTTP/1.1 GET http://10.1.40.52:5044/api/v1/invoices/my - 200 null application/json; charset=utf-8 116.1288ms
2026-09-15 12:26:09.182 +05:00 [INF] Request starting HTTP/1.1 GET http://10.1.40.52:5044/api/v1/invoices/my - null null
2026-09-15 12:26:09.184 +05:00 [INF] Request starting HTTP/1.1 GET http://10.1.40.52:5044/api/v1/notifications/unread-count - null null
2026-09-15 12:26:09.191 +05:00 [INF] CORS policy execution successful.
2026-09-15 12:26:09.198 +05:00 [INF] CORS policy execution successful.
2026-09-15 12:26:09.201 +05:00 [INF] Executing endpoint 'HTTP: GET /api/v1/invoices/my'
2026-09-15 12:26:09.203 +05:00 [INF] Executing endpoint 'HTTP: GET /api/v1/notifications/unread-count'
2026-09-15 12:26:09.213 +05:00 [INF] Setting HTTP status code 200.
2026-09-15 12:26:09.216 +05:00 [INF] Writing value of type '<>f__AnonymousType72`1' as Json.
2026-09-15 12:26:09.218 +05:00 [INF] Executed DbCommand (12ms) [Parameters=[@__UserId_0='?' (DbType = Guid)], CommandType='"Text"', CommandTimeout='30']
SELECT DISTINCT p.code
FROM security.user_roles AS u
INNER JOIN security.role_permissions AS r ON u.role_id = r.role_id
INNER JOIN security.permissions AS p ON r.permission_id = p.id
WHERE u.user_id = @__UserId_0
2026-09-15 12:26:09.219 +05:00 [INF] Executed endpoint 'HTTP: GET /api/v1/notifications/unread-count'
2026-09-15 12:26:09.223 +05:00 [INF] Request starting HTTP/1.1 GET http://10.1.40.52:5044/api/v1/notifications/unread-count - null null
2026-09-15 12:26:09.227 +05:00 [INF] HTTP GET /api/v1/notifications/unread-count responded 200 in 29.0599 ms
2026-09-15 12:26:09.233 +05:00 [INF] CORS policy execution successful.
2026-09-15 12:26:09.235 +05:00 [INF] Executed DbCommand (9ms) [Parameters=[@__UserId_0='?' (DbType = Guid)], CommandType='"Text"', CommandTimeout='30']
SELECT u.user_id, u.permission_id, u.is_allowed
FROM security.user_permission_overrides AS u
WHERE u.user_id = @__UserId_0
2026-09-15 12:26:09.238 +05:00 [INF] Request finished HTTP/1.1 GET http://10.1.40.52:5044/api/v1/notifications/unread-count - 200 null application/json; charset=utf-8 53.9482ms
2026-09-15 12:26:09.241 +05:00 [INF] Executing endpoint 'HTTP: GET /api/v1/notifications/unread-count'
2026-09-15 12:26:09.254 +05:00 [INF] Executed DbCommand (8ms) [Parameters=[@__UserId_0='?' (DbType = Guid)], CommandType='"Text"', CommandTimeout='30']
SELECT v.vendor_id
FROM master.vendor_users AS v
WHERE v.user_id = @__UserId_0 AND v.is_active
LIMIT 1
2026-09-15 12:26:09.266 +05:00 [INF] Setting HTTP status code 200.
2026-09-15 12:26:09.268 +05:00 [INF] Executed DbCommand (5ms) [Parameters=[@__vendorId_0='?' (DbType = Guid)], CommandType='"Text"', CommandTimeout='30']
SELECT i.id AS "Id", i.invoice_number AS "InvoiceNumber", i.invoice_date AS "InvoiceDate", i.invoice_amount AS "InvoiceAmount", i.status AS "Status", i.integration_status AS "IntegrationStatus", i.submission_date AS "SubmissionDate", i.updated_at AS "UpdatedAt", i.po_number AS "PoNumber", i.grn_numbers AS "GrnNumbers", i.invoice_type AS "InvoiceType", i.remarks AS "Remarks"
FROM invoice.invoices AS i
WHERE i.vendor_id = @__vendorId_0 AND i.deleted_at IS NULL
ORDER BY i.updated_at DESC
2026-09-15 12:26:09.270 +05:00 [INF] Writing value of type '<>f__AnonymousType72`1' as Json.
2026-09-15 12:26:09.276 +05:00 [INF] Setting HTTP status code 200.
2026-09-15 12:26:09.278 +05:00 [INF] Executed endpoint 'HTTP: GET /api/v1/notifications/unread-count'
2026-09-15 12:26:09.281 +05:00 [INF] Writing value of type 'SelectListIterator`2' as Json.
2026-09-15 12:26:09.284 +05:00 [INF] HTTP GET /api/v1/notifications/unread-count responded 200 in 50.6678 ms
2026-09-15 12:26:09.287 +05:00 [INF] Executed endpoint 'HTTP: GET /api/v1/invoices/my'
2026-09-15 12:26:09.289 +05:00 [INF] Request starting HTTP/1.1 GET http://10.1.40.52:5044/api/v1/invoices/my - null null
2026-09-15 12:26:09.291 +05:00 [INF] Request finished HTTP/1.1 GET http://10.1.40.52:5044/api/v1/notifications/unread-count - 200 null application/json; charset=utf-8 67.8546ms
2026-09-15 12:26:09.294 +05:00 [INF] HTTP GET /api/v1/invoices/my responded 200 in 102.6175 ms
2026-09-15 12:26:09.299 +05:00 [INF] CORS policy execution successful.
2026-09-15 12:26:09.311 +05:00 [INF] Request finished HTTP/1.1 GET http://10.1.40.52:5044/api/v1/invoices/my - 200 null application/json; charset=utf-8 128.2061ms
2026-09-15 12:26:09.313 +05:00 [INF] Executing endpoint 'HTTP: GET /api/v1/invoices/my'
2026-09-15 12:26:09.335 +05:00 [INF] Executed DbCommand (11ms) [Parameters=[@__UserId_0='?' (DbType = Guid)], CommandType='"Text"', CommandTimeout='30']
SELECT DISTINCT p.code
FROM security.user_roles AS u
INNER JOIN security.role_permissions AS r ON u.role_id = r.role_id
INNER JOIN security.permissions AS p ON r.permission_id = p.id
WHERE u.user_id = @__UserId_0
2026-09-15 12:26:09.364 +05:00 [INF] Executed DbCommand (23ms) [Parameters=[@__UserId_0='?' (DbType = Guid)], CommandType='"Text"', CommandTimeout='30']
SELECT u.user_id, u.permission_id, u.is_allowed
FROM security.user_permission_overrides AS u
WHERE u.user_id = @__UserId_0
2026-09-15 12:26:09.375 +05:00 [INF] Executed DbCommand (4ms) [Parameters=[@__UserId_0='?' (DbType = Guid)], CommandType='"Text"', CommandTimeout='30']
SELECT v.vendor_id
FROM master.vendor_users AS v
WHERE v.user_id = @__UserId_0 AND v.is_active
LIMIT 1
2026-09-15 12:26:09.390 +05:00 [INF] Executed DbCommand (11ms) [Parameters=[@__vendorId_0='?' (DbType = Guid)], CommandType='"Text"', CommandTimeout='30']
SELECT i.id AS "Id", i.invoice_number AS "InvoiceNumber", i.invoice_date AS "InvoiceDate", i.invoice_amount AS "InvoiceAmount", i.status AS "Status", i.integration_status AS "IntegrationStatus", i.submission_date AS "SubmissionDate", i.updated_at AS "UpdatedAt", i.po_number AS "PoNumber", i.grn_numbers AS "GrnNumbers", i.invoice_type AS "InvoiceType", i.remarks AS "Remarks"
FROM invoice.invoices AS i
WHERE i.vendor_id = @__vendorId_0 AND i.deleted_at IS NULL
ORDER BY i.updated_at DESC
2026-09-15 12:26:09.396 +05:00 [INF] Setting HTTP status code 200.
2026-09-15 12:26:09.398 +05:00 [INF] Writing value of type 'SelectListIterator`2' as Json.
2026-09-15 12:26:09.401 +05:00 [INF] Executed endpoint 'HTTP: GET /api/v1/invoices/my'
2026-09-15 12:26:09.404 +05:00 [INF] HTTP GET /api/v1/invoices/my responded 200 in 104.4128 ms
2026-09-15 12:26:09.413 +05:00 [INF] Request finished HTTP/1.1 GET http://10.1.40.52:5044/api/v1/invoices/my - 200 null application/json; charset=utf-8 123.8563ms
2026-09-15 12:26:10.093 +05:00 [INF] Request starting HTTP/1.1 OPTIONS http://10.1.40.52:5044/api/v1/invoices/my - null null
2026-09-15 12:26:10.096 +05:00 [INF] Request starting HTTP/1.1 OPTIONS http://10.1.40.52:5044/api/v1/invoices/my - null null
2026-09-15 12:26:10.097 +05:00 [INF] Request starting HTTP/1.1 GET http://10.1.40.52:5044/api/v1/notifications/unread-count - null null
2026-09-15 12:26:10.098 +05:00 [INF] CORS policy execution successful.
2026-09-15 12:26:10.103 +05:00 [INF] CORS policy execution successful.
2026-09-15 12:26:10.107 +05:00 [INF] CORS policy execution successful.
2026-09-15 12:26:10.109 +05:00 [INF] HTTP OPTIONS /api/v1/invoices/my responded 204 in 10.6756 ms
2026-09-15 12:26:10.110 +05:00 [INF] HTTP OPTIONS /api/v1/invoices/my responded 204 in 6.6276 ms
2026-09-15 12:26:10.111 +05:00 [INF] Executing endpoint 'HTTP: GET /api/v1/notifications/unread-count'
2026-09-15 12:26:10.114 +05:00 [INF] Request finished HTTP/1.1 OPTIONS http://10.1.40.52:5044/api/v1/invoices/my - 204 null null 21.4854ms
2026-09-15 12:26:10.117 +05:00 [INF] Request starting HTTP/1.1 GET http://10.1.40.52:5044/api/v1/invoices/my - null null
2026-09-15 12:26:10.118 +05:00 [INF] Request finished HTTP/1.1 OPTIONS http://10.1.40.52:5044/api/v1/invoices/my - 204 null null 21.4443ms
2026-09-15 12:26:10.125 +05:00 [INF] Setting HTTP status code 200.
2026-09-15 12:26:10.129 +05:00 [INF] CORS policy execution successful.
2026-09-15 12:26:10.135 +05:00 [INF] Writing value of type '<>f__AnonymousType72`1' as Json.
2026-09-15 12:26:10.137 +05:00 [INF] Executing endpoint 'HTTP: GET /api/v1/invoices/my'
2026-09-15 12:26:10.139 +05:00 [INF] Executed endpoint 'HTTP: GET /api/v1/notifications/unread-count'
2026-09-15 12:26:10.140 +05:00 [INF] Request starting HTTP/1.1 GET http://10.1.40.52:5044/api/v1/notifications/unread-count - null null
2026-09-15 12:26:10.142 +05:00 [INF] HTTP GET /api/v1/notifications/unread-count responded 200 in 34.8682 ms
2026-09-15 12:26:10.146 +05:00 [INF] CORS policy execution successful.
2026-09-15 12:26:10.149 +05:00 [INF] Request finished HTTP/1.1 GET http://10.1.40.52:5044/api/v1/notifications/unread-count - 200 null application/json; charset=utf-8 52.0881ms
2026-09-15 12:26:10.151 +05:00 [INF] Executing endpoint 'HTTP: GET /api/v1/notifications/unread-count'
2026-09-15 12:26:10.154 +05:00 [INF] Executed DbCommand (13ms) [Parameters=[@__UserId_0='?' (DbType = Guid)], CommandType='"Text"', CommandTimeout='30']
SELECT DISTINCT p.code
FROM security.user_roles AS u
INNER JOIN security.role_permissions AS r ON u.role_id = r.role_id
INNER JOIN security.permissions AS p ON r.permission_id = p.id
WHERE u.user_id = @__UserId_0
2026-09-15 12:26:10.164 +05:00 [INF] Setting HTTP status code 200.
2026-09-15 12:26:10.166 +05:00 [INF] Writing value of type '<>f__AnonymousType72`1' as Json.
2026-09-15 12:26:10.167 +05:00 [INF] Executed endpoint 'HTTP: GET /api/v1/notifications/unread-count'
2026-09-15 12:26:10.170 +05:00 [INF] HTTP GET /api/v1/notifications/unread-count responded 200 in 23.5192 ms
2026-09-15 12:26:10.173 +05:00 [INF] Executed DbCommand (11ms) [Parameters=[@__UserId_0='?' (DbType = Guid)], CommandType='"Text"', CommandTimeout='30']
SELECT u.user_id, u.permission_id, u.is_allowed
FROM security.user_permission_overrides AS u
WHERE u.user_id = @__UserId_0
2026-09-15 12:26:10.173 +05:00 [INF] Request finished HTTP/1.1 GET http://10.1.40.52:5044/api/v1/notifications/unread-count - 200 null application/json; charset=utf-8 32.9392ms
2026-09-15 12:26:10.185 +05:00 [INF] Executed DbCommand (7ms) [Parameters=[@__UserId_0='?' (DbType = Guid)], CommandType='"Text"', CommandTimeout='30']
SELECT v.vendor_id
FROM master.vendor_users AS v
WHERE v.user_id = @__UserId_0 AND v.is_active
LIMIT 1
2026-09-15 12:26:10.200 +05:00 [INF] Executed DbCommand (6ms) [Parameters=[@__vendorId_0='?' (DbType = Guid)], CommandType='"Text"', CommandTimeout='30']
SELECT i.id AS "Id", i.invoice_number AS "InvoiceNumber", i.invoice_date AS "InvoiceDate", i.invoice_amount AS "InvoiceAmount", i.status AS "Status", i.integration_status AS "IntegrationStatus", i.submission_date AS "SubmissionDate", i.updated_at AS "UpdatedAt", i.po_number AS "PoNumber", i.grn_numbers AS "GrnNumbers", i.invoice_type AS "InvoiceType", i.remarks AS "Remarks"
FROM invoice.invoices AS i
WHERE i.vendor_id = @__vendorId_0 AND i.deleted_at IS NULL
ORDER BY i.updated_at DESC
2026-09-15 12:26:10.205 +05:00 [INF] Setting HTTP status code 200.
2026-09-15 12:26:10.207 +05:00 [INF] Writing value of type 'SelectListIterator`2' as Json.
2026-09-15 12:26:10.209 +05:00 [INF] Executed endpoint 'HTTP: GET /api/v1/invoices/my'
2026-09-15 12:26:10.211 +05:00 [INF] Request starting HTTP/1.1 GET http://10.1.40.52:5044/api/v1/invoices/my - null null
2026-09-15 12:26:10.211 +05:00 [INF] HTTP GET /api/v1/invoices/my responded 200 in 82.9226 ms
2026-09-15 12:26:10.217 +05:00 [INF] CORS policy execution successful.
2026-09-15 12:26:10.221 +05:00 [INF] Request finished HTTP/1.1 GET http://10.1.40.52:5044/api/v1/invoices/my - 200 null application/json; charset=utf-8 104.4256ms
2026-09-15 12:26:10.224 +05:00 [INF] Executing endpoint 'HTTP: GET /api/v1/invoices/my'
2026-09-15 12:26:10.244 +05:00 [INF] Executed DbCommand (8ms) [Parameters=[@__UserId_0='?' (DbType = Guid)], CommandType='"Text"', CommandTimeout='30']
SELECT DISTINCT p.code
FROM security.user_roles AS u
INNER JOIN security.role_permissions AS r ON u.role_id = r.role_id
INNER JOIN security.permissions AS p ON r.permission_id = p.id
WHERE u.user_id = @__UserId_0
2026-09-15 12:26:10.266 +05:00 [INF] Executed DbCommand (17ms) [Parameters=[@__UserId_0='?' (DbType = Guid)], CommandType='"Text"', CommandTimeout='30']
SELECT u.user_id, u.permission_id, u.is_allowed
FROM security.user_permission_overrides AS u
WHERE u.user_id = @__UserId_0
2026-09-15 12:26:10.277 +05:00 [INF] Executed DbCommand (6ms) [Parameters=[@__UserId_0='?' (DbType = Guid)], CommandType='"Text"', CommandTimeout='30']
SELECT v.vendor_id
FROM master.vendor_users AS v
WHERE v.user_id = @__UserId_0 AND v.is_active
LIMIT 1
2026-09-15 12:26:10.301 +05:00 [INF] Executed DbCommand (19ms) [Parameters=[@__vendorId_0='?' (DbType = Guid)], CommandType='"Text"', CommandTimeout='30']
SELECT i.id AS "Id", i.invoice_number AS "InvoiceNumber", i.invoice_date AS "InvoiceDate", i.invoice_amount AS "InvoiceAmount", i.status AS "Status", i.integration_status AS "IntegrationStatus", i.submission_date AS "SubmissionDate", i.updated_at AS "UpdatedAt", i.po_number AS "PoNumber", i.grn_numbers AS "GrnNumbers", i.invoice_type AS "InvoiceType", i.remarks AS "Remarks"
FROM invoice.invoices AS i
WHERE i.vendor_id = @__vendorId_0 AND i.deleted_at IS NULL
ORDER BY i.updated_at DESC
2026-09-15 12:26:10.306 +05:00 [INF] Setting HTTP status code 200.
2026-09-15 12:26:10.309 +05:00 [INF] Writing value of type 'SelectListIterator`2' as Json.
2026-09-15 12:26:10.311 +05:00 [INF] Executed endpoint 'HTTP: GET /api/v1/invoices/my'
2026-09-15 12:26:10.313 +05:00 [INF] HTTP GET /api/v1/invoices/my responded 200 in 96.4304 ms
2026-09-15 12:26:10.316 +05:00 [INF] Request finished HTTP/1.1 GET http://10.1.40.52:5044/api/v1/invoices/my - 200 null application/json; charset=utf-8 105.1121ms
2026-09-15 12:26:10.931 +05:00 [INF] Request starting HTTP/1.1 GET http://10.1.40.52:5044/api/v1/invoices/my - null null
2026-09-15 12:26:10.931 +05:00 [INF] Request starting HTTP/1.1 GET http://10.1.40.52:5044/api/v1/notifications/unread-count - null null
2026-09-15 12:26:10.939 +05:00 [INF] CORS policy execution successful.
2026-09-15 12:26:10.947 +05:00 [INF] CORS policy execution successful.
2026-09-15 12:26:10.949 +05:00 [INF] Executing endpoint 'HTTP: GET /api/v1/invoices/my'
2026-09-15 12:26:10.951 +05:00 [INF] Executing endpoint 'HTTP: GET /api/v1/notifications/unread-count'
2026-09-15 12:26:10.959 +05:00 [INF] Executed DbCommand (4ms) [Parameters=[@__UserId_0='?' (DbType = Guid)], CommandType='"Text"', CommandTimeout='30']
SELECT DISTINCT p.code
FROM security.user_roles AS u
INNER JOIN security.role_permissions AS r ON u.role_id = r.role_id
INNER JOIN security.permissions AS p ON r.permission_id = p.id
WHERE u.user_id = @__UserId_0
2026-09-15 12:26:10.966 +05:00 [INF] Setting HTTP status code 200.
2026-09-15 12:26:10.969 +05:00 [INF] Writing value of type '<>f__AnonymousType72`1' as Json.
2026-09-15 12:26:10.972 +05:00 [INF] Executed endpoint 'HTTP: GET /api/v1/notifications/unread-count'
2026-09-15 12:26:10.974 +05:00 [INF] Request starting HTTP/1.1 GET http://10.1.40.52:5044/api/v1/notifications/unread-count - null null
2026-09-15 12:26:10.975 +05:00 [INF] Executed DbCommand (10ms) [Parameters=[@__UserId_0='?' (DbType = Guid)], CommandType='"Text"', CommandTimeout='30']
SELECT u.user_id, u.permission_id, u.is_allowed
FROM security.user_permission_overrides AS u
WHERE u.user_id = @__UserId_0
2026-09-15 12:26:10.975 +05:00 [INF] HTTP GET /api/v1/notifications/unread-count responded 200 in 28.1567 ms
2026-09-15 12:26:10.981 +05:00 [INF] CORS policy execution successful.
2026-09-15 12:26:10.991 +05:00 [INF] Request finished HTTP/1.1 GET http://10.1.40.52:5044/api/v1/notifications/unread-count - 200 null application/json; charset=utf-8 60.1465ms
2026-09-15 12:26:10.994 +05:00 [INF] Executing endpoint 'HTTP: GET /api/v1/notifications/unread-count'
2026-09-15 12:26:10.995 +05:00 [INF] Executed DbCommand (8ms) [Parameters=[@__UserId_0='?' (DbType = Guid)], CommandType='"Text"', CommandTimeout='30']
SELECT v.vendor_id
FROM master.vendor_users AS v
WHERE v.user_id = @__UserId_0 AND v.is_active
LIMIT 1
2026-09-15 12:26:11.017 +05:00 [INF] Setting HTTP status code 200.
2026-09-15 12:26:11.020 +05:00 [INF] Writing value of type '<>f__AnonymousType72`1' as Json.
2026-09-15 12:26:11.021 +05:00 [INF] Executed DbCommand (11ms) [Parameters=[@__vendorId_0='?' (DbType = Guid)], CommandType='"Text"', CommandTimeout='30']
SELECT i.id AS "Id", i.invoice_number AS "InvoiceNumber", i.invoice_date AS "InvoiceDate", i.invoice_amount AS "InvoiceAmount", i.status AS "Status", i.integration_status AS "IntegrationStatus", i.submission_date AS "SubmissionDate", i.updated_at AS "UpdatedAt", i.po_number AS "PoNumber", i.grn_numbers AS "GrnNumbers", i.invoice_type AS "InvoiceType", i.remarks AS "Remarks"
FROM invoice.invoices AS i
WHERE i.vendor_id = @__vendorId_0 AND i.deleted_at IS NULL
ORDER BY i.updated_at DESC
2026-09-15 12:26:11.022 +05:00 [INF] Executed endpoint 'HTTP: GET /api/v1/notifications/unread-count'
2026-09-15 12:26:11.027 +05:00 [INF] Setting HTTP status code 200.
2026-09-15 12:26:11.029 +05:00 [INF] HTTP GET /api/v1/notifications/unread-count responded 200 in 48.4605 ms
2026-09-15 12:26:11.032 +05:00 [INF] Writing value of type 'SelectListIterator`2' as Json.
2026-09-15 12:26:11.037 +05:00 [INF] Request finished HTTP/1.1 GET http://10.1.40.52:5044/api/v1/notifications/unread-count - 200 null application/json; charset=utf-8 62.6201ms
2026-09-15 12:26:11.040 +05:00 [INF] Executed endpoint 'HTTP: GET /api/v1/invoices/my'
2026-09-15 12:26:11.048 +05:00 [INF] Request starting HTTP/1.1 GET http://10.1.40.52:5044/api/v1/invoices/my - null null
2026-09-15 12:26:11.050 +05:00 [INF] HTTP GET /api/v1/invoices/my responded 200 in 110.7342 ms
2026-09-15 12:26:11.057 +05:00 [INF] CORS policy execution successful.
2026-09-15 12:26:11.061 +05:00 [INF] Request finished HTTP/1.1 GET http://10.1.40.52:5044/api/v1/invoices/my - 200 null application/json; charset=utf-8 130.2946ms
2026-09-15 12:26:11.063 +05:00 [INF] Executing endpoint 'HTTP: GET /api/v1/invoices/my'
2026-09-15 12:26:11.093 +05:00 [INF] Executed DbCommand (11ms) [Parameters=[@__UserId_0='?' (DbType = Guid)], CommandType='"Text"', CommandTimeout='30']
SELECT DISTINCT p.code
FROM security.user_roles AS u
INNER JOIN security.role_permissions AS r ON u.role_id = r.role_id
INNER JOIN security.permissions AS p ON r.permission_id = p.id
WHERE u.user_id = @__UserId_0
2026-09-15 12:26:11.110 +05:00 [INF] Executed DbCommand (12ms) [Parameters=[@__UserId_0='?' (DbType = Guid)], CommandType='"Text"', CommandTimeout='30']
SELECT u.user_id, u.permission_id, u.is_allowed
FROM security.user_permission_overrides AS u
WHERE u.user_id = @__UserId_0
2026-09-15 12:26:11.123 +05:00 [INF] Executed DbCommand (8ms) [Parameters=[@__UserId_0='?' (DbType = Guid)], CommandType='"Text"', CommandTimeout='30']
SELECT v.vendor_id
FROM master.vendor_users AS v
WHERE v.user_id = @__UserId_0 AND v.is_active
LIMIT 1
2026-09-15 12:26:11.140 +05:00 [INF] Executed DbCommand (13ms) [Parameters=[@__vendorId_0='?' (DbType = Guid)], CommandType='"Text"', CommandTimeout='30']
SELECT i.id AS "Id", i.invoice_number AS "InvoiceNumber", i.invoice_date AS "InvoiceDate", i.invoice_amount AS "InvoiceAmount", i.status AS "Status", i.integration_status AS "IntegrationStatus", i.submission_date AS "SubmissionDate", i.updated_at AS "UpdatedAt", i.po_number AS "PoNumber", i.grn_numbers AS "GrnNumbers", i.invoice_type AS "InvoiceType", i.remarks AS "Remarks"
FROM invoice.invoices AS i
WHERE i.vendor_id = @__vendorId_0 AND i.deleted_at IS NULL
ORDER BY i.updated_at DESC
2026-09-15 12:26:11.144 +05:00 [INF] Setting HTTP status code 200.
2026-09-15 12:26:11.146 +05:00 [INF] Writing value of type 'SelectListIterator`2' as Json.
2026-09-15 12:26:11.148 +05:00 [INF] Executed endpoint 'HTTP: GET /api/v1/invoices/my'
2026-09-15 12:26:11.150 +05:00 [INF] HTTP GET /api/v1/invoices/my responded 200 in 93.5326 ms
2026-09-15 12:26:11.154 +05:00 [INF] Request finished HTTP/1.1 GET http://10.1.40.52:5044/api/v1/invoices/my - 200 null application/json; charset=utf-8 106.1385ms
2026-09-15 12:26:11.460 +05:00 [INF] Request starting HTTP/1.1 GET http://10.1.40.52:5044/api/v1/invoices/my - null null
2026-09-15 12:26:11.461 +05:00 [INF] Request starting HTTP/1.1 GET http://10.1.40.52:5044/api/v1/notifications/unread-count - null null
2026-09-15 12:26:11.464 +05:00 [INF] CORS policy execution successful.
2026-09-15 12:26:11.470 +05:00 [INF] CORS policy execution successful.
2026-09-15 12:26:11.471 +05:00 [INF] Executing endpoint 'HTTP: GET /api/v1/invoices/my'
2026-09-15 12:26:11.472 +05:00 [INF] Executing endpoint 'HTTP: GET /api/v1/notifications/unread-count'
2026-09-15 12:26:11.482 +05:00 [INF] Executed DbCommand (8ms) [Parameters=[@__UserId_0='?' (DbType = Guid)], CommandType='"Text"', CommandTimeout='30']
SELECT DISTINCT p.code
FROM security.user_roles AS u
INNER JOIN security.role_permissions AS r ON u.role_id = r.role_id
INNER JOIN security.permissions AS p ON r.permission_id = p.id
WHERE u.user_id = @__UserId_0
2026-09-15 12:26:11.486 +05:00 [INF] Setting HTTP status code 200.
2026-09-15 12:26:11.488 +05:00 [INF] Writing value of type '<>f__AnonymousType72`1' as Json.
2026-09-15 12:26:11.489 +05:00 [INF] Executed endpoint 'HTTP: GET /api/v1/notifications/unread-count'
2026-09-15 12:26:11.491 +05:00 [INF] Request starting HTTP/1.1 GET http://10.1.40.52:5044/api/v1/notifications/unread-count - null null
2026-09-15 12:26:11.491 +05:00 [INF] HTTP GET /api/v1/notifications/unread-count responded 200 in 21.2676 ms
2026-09-15 12:26:11.494 +05:00 [INF] Executed DbCommand (8ms) [Parameters=[@__UserId_0='?' (DbType = Guid)], CommandType='"Text"', CommandTimeout='30']
SELECT u.user_id, u.permission_id, u.is_allowed
FROM security.user_permission_overrides AS u
WHERE u.user_id = @__UserId_0
2026-09-15 12:26:11.495 +05:00 [INF] CORS policy execution successful.
2026-09-15 12:26:11.498 +05:00 [INF] Request finished HTTP/1.1 GET http://10.1.40.52:5044/api/v1/notifications/unread-count - 200 null application/json; charset=utf-8 37.3476ms
2026-09-15 12:26:11.504 +05:00 [INF] Executing endpoint 'HTTP: GET /api/v1/notifications/unread-count'
2026-09-15 12:26:11.524 +05:00 [INF] Executed DbCommand (21ms) [Parameters=[@__UserId_0='?' (DbType = Guid)], CommandType='"Text"', CommandTimeout='30']
SELECT v.vendor_id
FROM master.vendor_users AS v
WHERE v.user_id = @__UserId_0 AND v.is_active
LIMIT 1
2026-09-15 12:26:11.528 +05:00 [INF] Setting HTTP status code 200.
2026-09-15 12:26:11.530 +05:00 [INF] Writing value of type '<>f__AnonymousType72`1' as Json.
2026-09-15 12:26:11.531 +05:00 [INF] Executed endpoint 'HTTP: GET /api/v1/notifications/unread-count'
2026-09-15 12:26:11.533 +05:00 [INF] HTTP GET /api/v1/notifications/unread-count responded 200 in 37.9038 ms
2026-09-15 12:26:11.534 +05:00 [INF] Executed DbCommand (7ms) [Parameters=[@__vendorId_0='?' (DbType = Guid)], CommandType='"Text"', CommandTimeout='30']
SELECT i.id AS "Id", i.invoice_number AS "InvoiceNumber", i.invoice_date AS "InvoiceDate", i.invoice_amount AS "InvoiceAmount", i.status AS "Status", i.integration_status AS "IntegrationStatus", i.submission_date AS "SubmissionDate", i.updated_at AS "UpdatedAt", i.po_number AS "PoNumber", i.grn_numbers AS "GrnNumbers", i.invoice_type AS "InvoiceType", i.remarks AS "Remarks"
FROM invoice.invoices AS i
WHERE i.vendor_id = @__vendorId_0 AND i.deleted_at IS NULL
ORDER BY i.updated_at DESC
2026-09-15 12:26:11.536 +05:00 [INF] Request finished HTTP/1.1 GET http://10.1.40.52:5044/api/v1/notifications/unread-count - 200 null application/json; charset=utf-8 45.415ms
2026-09-15 12:26:11.539 +05:00 [INF] Setting HTTP status code 200.
2026-09-15 12:26:11.545 +05:00 [INF] Writing value of type 'SelectListIterator`2' as Json.
2026-09-15 12:26:11.547 +05:00 [INF] Executed endpoint 'HTTP: GET /api/v1/invoices/my'
2026-09-15 12:26:11.549 +05:00 [INF] HTTP GET /api/v1/invoices/my responded 200 in 84.5937 ms
2026-09-15 12:26:11.549 +05:00 [INF] Request starting HTTP/1.1 GET http://10.1.40.52:5044/api/v1/invoices/my - null null
2026-09-15 12:26:11.554 +05:00 [INF] Request finished HTTP/1.1 GET http://10.1.40.52:5044/api/v1/invoices/my - 200 null application/json; charset=utf-8 93.9455ms
2026-09-15 12:26:11.558 +05:00 [INF] CORS policy execution successful.
2026-09-15 12:26:11.564 +05:00 [INF] Executing endpoint 'HTTP: GET /api/v1/invoices/my'
2026-09-15 12:26:11.615 +05:00 [INF] Executed DbCommand (47ms) [Parameters=[@__UserId_0='?' (DbType = Guid)], CommandType='"Text"', CommandTimeout='30']
SELECT DISTINCT p.code
FROM security.user_roles AS u
INNER JOIN security.role_permissions AS r ON u.role_id = r.role_id
INNER JOIN security.permissions AS p ON r.permission_id = p.id
WHERE u.user_id = @__UserId_0
2026-09-15 12:26:11.630 +05:00 [INF] Executed DbCommand (10ms) [Parameters=[@__UserId_0='?' (DbType = Guid)], CommandType='"Text"', CommandTimeout='30']
SELECT u.user_id, u.permission_id, u.is_allowed
FROM security.user_permission_overrides AS u
WHERE u.user_id = @__UserId_0
2026-09-15 12:26:11.684 +05:00 [INF] Executed DbCommand (44ms) [Parameters=[@__UserId_0='?' (DbType = Guid)], CommandType='"Text"', CommandTimeout='30']
SELECT v.vendor_id
FROM master.vendor_users AS v
WHERE v.user_id = @__UserId_0 AND v.is_active
LIMIT 1
2026-09-15 12:26:11.704 +05:00 [INF] Executed DbCommand (11ms) [Parameters=[@__vendorId_0='?' (DbType = Guid)], CommandType='"Text"', CommandTimeout='30']
SELECT i.id AS "Id", i.invoice_number AS "InvoiceNumber", i.invoice_date AS "InvoiceDate", i.invoice_amount AS "InvoiceAmount", i.status AS "Status", i.integration_status AS "IntegrationStatus", i.submission_date AS "SubmissionDate", i.updated_at AS "UpdatedAt", i.po_number AS "PoNumber", i.grn_numbers AS "GrnNumbers", i.invoice_type AS "InvoiceType", i.remarks AS "Remarks"
FROM invoice.invoices AS i
WHERE i.vendor_id = @__vendorId_0 AND i.deleted_at IS NULL
ORDER BY i.updated_at DESC
2026-09-15 12:26:11.712 +05:00 [INF] Setting HTTP status code 200.
2026-09-15 12:26:11.715 +05:00 [INF] Writing value of type 'SelectListIterator`2' as Json.
2026-09-15 12:26:11.719 +05:00 [INF] Executed endpoint 'HTTP: GET /api/v1/invoices/my'
2026-09-15 12:26:11.722 +05:00 [INF] HTTP GET /api/v1/invoices/my responded 200 in 163.8458 ms
2026-09-15 12:26:11.725 +05:00 [INF] Request finished HTTP/1.1 GET http://10.1.40.52:5044/api/v1/invoices/my - 200 null application/json; charset=utf-8 176.2795ms
2026-09-15 12:26:12.475 +05:00 [INF] Request starting HTTP/1.1 OPTIONS http://10.1.40.52:5044/api/v1/notifications/unread-count - null null
2026-09-15 12:26:12.475 +05:00 [INF] Request starting HTTP/1.1 GET http://10.1.40.52:5044/api/v1/invoices/my - null null
2026-09-15 12:26:12.478 +05:00 [INF] Request starting HTTP/1.1 OPTIONS http://10.1.40.52:5044/api/v1/notifications/unread-count - null null
2026-09-15 12:26:12.484 +05:00 [INF] CORS policy execution successful.
2026-09-15 12:26:12.493 +05:00 [INF] CORS policy execution successful.
2026-09-15 12:26:12.501 +05:00 [INF] CORS policy execution successful.
2026-09-15 12:26:12.503 +05:00 [INF] HTTP OPTIONS /api/v1/notifications/unread-count responded 204 in 19.3508 ms
2026-09-15 12:26:12.506 +05:00 [INF] Executing endpoint 'HTTP: GET /api/v1/invoices/my'
2026-09-15 12:26:12.508 +05:00 [INF] HTTP OPTIONS /api/v1/notifications/unread-count responded 204 in 7.2088 ms
2026-09-15 12:26:12.513 +05:00 [INF] Request finished HTTP/1.1 OPTIONS http://10.1.40.52:5044/api/v1/notifications/unread-count - 204 null null 37.8351ms
2026-09-15 12:26:12.516 +05:00 [INF] Request starting HTTP/1.1 GET http://10.1.40.52:5044/api/v1/notifications/unread-count - null null
2026-09-15 12:26:12.522 +05:00 [INF] Request finished HTTP/1.1 OPTIONS http://10.1.40.52:5044/api/v1/notifications/unread-count - 204 null null 44.0751ms
2026-09-15 12:26:12.527 +05:00 [INF] Executed DbCommand (9ms) [Parameters=[@__UserId_0='?' (DbType = Guid)], CommandType='"Text"', CommandTimeout='30']
SELECT DISTINCT p.code
FROM security.user_roles AS u
INNER JOIN security.role_permissions AS r ON u.role_id = r.role_id
INNER JOIN security.permissions AS p ON r.permission_id = p.id
WHERE u.user_id = @__UserId_0
2026-09-15 12:26:12.539 +05:00 [INF] CORS policy execution successful.
2026-09-15 12:26:12.559 +05:00 [INF] Executing endpoint 'HTTP: GET /api/v1/notifications/unread-count'
2026-09-15 12:26:12.599 +05:00 [INF] Executed DbCommand (41ms) [Parameters=[@__UserId_0='?' (DbType = Guid)], CommandType='"Text"', CommandTimeout='30']
SELECT u.user_id, u.permission_id, u.is_allowed
FROM security.user_permission_overrides AS u
WHERE u.user_id = @__UserId_0
2026-09-15 12:26:12.600 +05:00 [INF] Setting HTTP status code 200.
2026-09-15 12:26:12.608 +05:00 [INF] Writing value of type '<>f__AnonymousType72`1' as Json.
2026-09-15 12:26:12.610 +05:00 [INF] Executed endpoint 'HTTP: GET /api/v1/notifications/unread-count'
2026-09-15 12:26:12.613 +05:00 [INF] Request starting HTTP/1.1 GET http://10.1.40.52:5044/api/v1/notifications/unread-count - null null
2026-09-15 12:26:12.614 +05:00 [INF] HTTP GET /api/v1/notifications/unread-count responded 200 in 74.6102 ms
2026-09-15 12:26:12.615 +05:00 [INF] Executed DbCommand (10ms) [Parameters=[@__UserId_0='?' (DbType = Guid)], CommandType='"Text"', CommandTimeout='30']
SELECT v.vendor_id
FROM master.vendor_users AS v
WHERE v.user_id = @__UserId_0 AND v.is_active
LIMIT 1
2026-09-15 12:26:12.620 +05:00 [INF] CORS policy execution successful.
2026-09-15 12:26:12.626 +05:00 [INF] Request finished HTTP/1.1 GET http://10.1.40.52:5044/api/v1/notifications/unread-count - 200 null application/json; charset=utf-8 109.8397ms
2026-09-15 12:26:12.632 +05:00 [INF] Executing endpoint 'HTTP: GET /api/v1/notifications/unread-count'
2026-09-15 12:26:12.636 +05:00 [INF] Executed DbCommand (5ms) [Parameters=[@__vendorId_0='?' (DbType = Guid)], CommandType='"Text"', CommandTimeout='30']
SELECT i.id AS "Id", i.invoice_number AS "InvoiceNumber", i.invoice_date AS "InvoiceDate", i.invoice_amount AS "InvoiceAmount", i.status AS "Status", i.integration_status AS "IntegrationStatus", i.submission_date AS "SubmissionDate", i.updated_at AS "UpdatedAt", i.po_number AS "PoNumber", i.grn_numbers AS "GrnNumbers", i.invoice_type AS "InvoiceType", i.remarks AS "Remarks"
FROM invoice.invoices AS i
WHERE i.vendor_id = @__vendorId_0 AND i.deleted_at IS NULL
ORDER BY i.updated_at DESC
2026-09-15 12:26:12.648 +05:00 [INF] Setting HTTP status code 200.
2026-09-15 12:26:12.651 +05:00 [INF] Setting HTTP status code 200.
2026-09-15 12:26:12.651 +05:00 [INF] Writing value of type 'SelectListIterator`2' as Json.
2026-09-15 12:26:12.654 +05:00 [INF] Writing value of type '<>f__AnonymousType72`1' as Json.
2026-09-15 12:26:12.657 +05:00 [INF] Executed endpoint 'HTTP: GET /api/v1/invoices/my'
2026-09-15 12:26:12.659 +05:00 [INF] Request starting HTTP/1.1 GET http://10.1.40.52:5044/api/v1/invoices/my - null null
2026-09-15 12:26:12.660 +05:00 [INF] Executed endpoint 'HTTP: GET /api/v1/notifications/unread-count'
2026-09-15 12:26:12.663 +05:00 [INF] HTTP GET /api/v1/invoices/my responded 200 in 170.6449 ms
2026-09-15 12:26:12.672 +05:00 [INF] CORS policy execution successful.
2026-09-15 12:26:12.674 +05:00 [INF] HTTP GET /api/v1/notifications/unread-count responded 200 in 54.4086 ms
2026-09-15 12:26:12.680 +05:00 [INF] Request finished HTTP/1.1 GET http://10.1.40.52:5044/api/v1/invoices/my - 200 null application/json; charset=utf-8 204.5505ms
2026-09-15 12:26:12.683 +05:00 [INF] Executing endpoint 'HTTP: GET /api/v1/invoices/my'
2026-09-15 12:26:12.687 +05:00 [INF] Request finished HTTP/1.1 GET http://10.1.40.52:5044/api/v1/notifications/unread-count - 200 null application/json; charset=utf-8 73.9958ms
2026-09-15 12:26:12.733 +05:00 [INF] Executed DbCommand (12ms) [Parameters=[@__UserId_0='?' (DbType = Guid)], CommandType='"Text"', CommandTimeout='30']
SELECT DISTINCT p.code
FROM security.user_roles AS u
INNER JOIN security.role_permissions AS r ON u.role_id = r.role_id
INNER JOIN security.permissions AS p ON r.permission_id = p.id
WHERE u.user_id = @__UserId_0
2026-09-15 12:26:12.770 +05:00 [INF] Executed DbCommand (25ms) [Parameters=[@__UserId_0='?' (DbType = Guid)], CommandType='"Text"', CommandTimeout='30']
SELECT u.user_id, u.permission_id, u.is_allowed
FROM security.user_permission_overrides AS u
WHERE u.user_id = @__UserId_0
2026-09-15 12:26:12.796 +05:00 [INF] Executed DbCommand (12ms) [Parameters=[@__UserId_0='?' (DbType = Guid)], CommandType='"Text"', CommandTimeout='30']
SELECT v.vendor_id
FROM master.vendor_users AS v
WHERE v.user_id = @__UserId_0 AND v.is_active
LIMIT 1
2026-09-15 12:26:12.817 +05:00 [INF] Executed DbCommand (7ms) [Parameters=[@__vendorId_0='?' (DbType = Guid)], CommandType='"Text"', CommandTimeout='30']
SELECT i.id AS "Id", i.invoice_number AS "InvoiceNumber", i.invoice_date AS "InvoiceDate", i.invoice_amount AS "InvoiceAmount", i.status AS "Status", i.integration_status AS "IntegrationStatus", i.submission_date AS "SubmissionDate", i.updated_at AS "UpdatedAt", i.po_number AS "PoNumber", i.grn_numbers AS "GrnNumbers", i.invoice_type AS "InvoiceType", i.remarks AS "Remarks"
FROM invoice.invoices AS i
WHERE i.vendor_id = @__vendorId_0 AND i.deleted_at IS NULL
ORDER BY i.updated_at DESC
2026-09-15 12:26:12.822 +05:00 [INF] Setting HTTP status code 200.
2026-09-15 12:26:12.825 +05:00 [INF] Writing value of type 'SelectListIterator`2' as Json.
2026-09-15 12:26:12.828 +05:00 [INF] Executed endpoint 'HTTP: GET /api/v1/invoices/my'
2026-09-15 12:26:12.831 +05:00 [INF] HTTP GET /api/v1/invoices/my responded 200 in 159.6600 ms
2026-09-15 12:26:12.837 +05:00 [INF] Request finished HTTP/1.1 GET http://10.1.40.52:5044/api/v1/invoices/my - 200 null application/json; charset=utf-8 177.2021ms
2026-09-15 12:26:13.432 +05:00 [INF] Request starting HTTP/1.1 GET http://10.1.40.52:5044/api/v1/invoices/my - null null
2026-09-15 12:26:13.432 +05:00 [INF] Request starting HTTP/1.1 GET http://10.1.40.52:5044/api/v1/notifications/unread-count - null null
2026-09-15 12:26:13.442 +05:00 [INF] CORS policy execution successful.
2026-09-15 12:26:13.452 +05:00 [INF] CORS policy execution successful.
2026-09-15 12:26:13.455 +05:00 [INF] Executing endpoint 'HTTP: GET /api/v1/invoices/my'
2026-09-15 12:26:13.456 +05:00 [INF] Executing endpoint 'HTTP: GET /api/v1/notifications/unread-count'
2026-09-15 12:26:13.481 +05:00 [INF] Executed DbCommand (20ms) [Parameters=[@__UserId_0='?' (DbType = Guid)], CommandType='"Text"', CommandTimeout='30']
SELECT DISTINCT p.code
FROM security.user_roles AS u
INNER JOIN security.role_permissions AS r ON u.role_id = r.role_id
INNER JOIN security.permissions AS p ON r.permission_id = p.id
WHERE u.user_id = @__UserId_0
2026-09-15 12:26:13.481 +05:00 [INF] Setting HTTP status code 200.
2026-09-15 12:26:13.491 +05:00 [INF] Writing value of type '<>f__AnonymousType72`1' as Json.
2026-09-15 12:26:13.492 +05:00 [INF] Executed DbCommand (4ms) [Parameters=[@__UserId_0='?' (DbType = Guid)], CommandType='"Text"', CommandTimeout='30']
SELECT u.user_id, u.permission_id, u.is_allowed
FROM security.user_permission_overrides AS u
WHERE u.user_id = @__UserId_0
2026-09-15 12:26:13.494 +05:00 [INF] Executed endpoint 'HTTP: GET /api/v1/notifications/unread-count'
2026-09-15 12:26:13.497 +05:00 [INF] Request starting HTTP/1.1 GET http://10.1.40.52:5044/api/v1/notifications/unread-count - null null
2026-09-15 12:26:13.505 +05:00 [INF] HTTP GET /api/v1/notifications/unread-count responded 200 in 53.0519 ms
2026-09-15 12:26:13.510 +05:00 [INF] Executed DbCommand (8ms) [Parameters=[@__UserId_0='?' (DbType = Guid)], CommandType='"Text"', CommandTimeout='30']
SELECT v.vendor_id
FROM master.vendor_users AS v
WHERE v.user_id = @__UserId_0 AND v.is_active
LIMIT 1
2026-09-15 12:26:13.513 +05:00 [INF] CORS policy execution successful.
2026-09-15 12:26:13.518 +05:00 [INF] Request finished HTTP/1.1 GET http://10.1.40.52:5044/api/v1/notifications/unread-count - 200 null application/json; charset=utf-8 86.5348ms
2026-09-15 12:26:13.528 +05:00 [INF] Executing endpoint 'HTTP: GET /api/v1/notifications/unread-count'
2026-09-15 12:26:13.537 +05:00 [INF] Executed DbCommand (11ms) [Parameters=[@__vendorId_0='?' (DbType = Guid)], CommandType='"Text"', CommandTimeout='30']
SELECT i.id AS "Id", i.invoice_number AS "InvoiceNumber", i.invoice_date AS "InvoiceDate", i.invoice_amount AS "InvoiceAmount", i.status AS "Status", i.integration_status AS "IntegrationStatus", i.submission_date AS "SubmissionDate", i.updated_at AS "UpdatedAt", i.po_number AS "PoNumber", i.grn_numbers AS "GrnNumbers", i.invoice_type AS "InvoiceType", i.remarks AS "Remarks"
FROM invoice.invoices AS i
WHERE i.vendor_id = @__vendorId_0 AND i.deleted_at IS NULL
ORDER BY i.updated_at DESC
2026-09-15 12:26:13.550 +05:00 [INF] Setting HTTP status code 200.
2026-09-15 12:26:13.553 +05:00 [INF] Setting HTTP status code 200.
2026-09-15 12:26:13.556 +05:00 [INF] Writing value of type 'SelectListIterator`2' as Json.
2026-09-15 12:26:13.559 +05:00 [INF] Writing value of type '<>f__AnonymousType72`1' as Json.
2026-09-15 12:26:13.563 +05:00 [INF] Executed endpoint 'HTTP: GET /api/v1/invoices/my'
2026-09-15 12:26:13.566 +05:00 [INF] Request starting HTTP/1.1 GET http://10.1.40.52:5044/api/v1/invoices/my - null null
2026-09-15 12:26:13.566 +05:00 [INF] Executed endpoint 'HTTP: GET /api/v1/notifications/unread-count'
2026-09-15 12:26:13.572 +05:00 [INF] HTTP GET /api/v1/invoices/my responded 200 in 130.0223 ms
2026-09-15 12:26:13.580 +05:00 [INF] CORS policy execution successful.
2026-09-15 12:26:13.584 +05:00 [INF] HTTP GET /api/v1/notifications/unread-count responded 200 in 71.3895 ms
2026-09-15 12:26:13.590 +05:00 [INF] Request finished HTTP/1.1 GET http://10.1.40.52:5044/api/v1/invoices/my - 200 null application/json; charset=utf-8 158.629ms
2026-09-15 12:26:13.593 +05:00 [INF] Executing endpoint 'HTTP: GET /api/v1/invoices/my'
2026-09-15 12:26:13.599 +05:00 [INF] Request finished HTTP/1.1 GET http://10.1.40.52:5044/api/v1/notifications/unread-count - 200 null application/json; charset=utf-8 102.6852ms
2026-09-15 12:26:13.624 +05:00 [INF] Executed DbCommand (6ms) [Parameters=[@__UserId_0='?' (DbType = Guid)], CommandType='"Text"', CommandTimeout='30']
SELECT DISTINCT p.code
FROM security.user_roles AS u
INNER JOIN security.role_permissions AS r ON u.role_id = r.role_id
INNER JOIN security.permissions AS p ON r.permission_id = p.id
WHERE u.user_id = @__UserId_0
2026-09-15 12:26:13.649 +05:00 [INF] Executed DbCommand (12ms) [Parameters=[@__UserId_0='?' (DbType = Guid)], CommandType='"Text"', CommandTimeout='30']
SELECT u.user_id, u.permission_id, u.is_allowed
FROM security.user_permission_overrides AS u
WHERE u.user_id = @__UserId_0
2026-09-15 12:26:13.662 +05:00 [INF] Executed DbCommand (6ms) [Parameters=[@__UserId_0='?' (DbType = Guid)], CommandType='"Text"', CommandTimeout='30']
SELECT v.vendor_id
FROM master.vendor_users AS v
WHERE v.user_id = @__UserId_0 AND v.is_active
LIMIT 1
2026-09-15 12:26:13.673 +05:00 [INF] Executed DbCommand (4ms) [Parameters=[@__vendorId_0='?' (DbType = Guid)], CommandType='"Text"', CommandTimeout='30']
SELECT i.id AS "Id", i.invoice_number AS "InvoiceNumber", i.invoice_date AS "InvoiceDate", i.invoice_amount AS "InvoiceAmount", i.status AS "Status", i.integration_status AS "IntegrationStatus", i.submission_date AS "SubmissionDate", i.updated_at AS "UpdatedAt", i.po_number AS "PoNumber", i.grn_numbers AS "GrnNumbers", i.invoice_type AS "InvoiceType", i.remarks AS "Remarks"
FROM invoice.invoices AS i
WHERE i.vendor_id = @__vendorId_0 AND i.deleted_at IS NULL
ORDER BY i.updated_at DESC
2026-09-15 12:26:13.681 +05:00 [INF] Setting HTTP status code 200.
2026-09-15 12:26:13.686 +05:00 [INF] Writing value of type 'SelectListIterator`2' as Json.
2026-09-15 12:26:13.692 +05:00 [INF] Executed endpoint 'HTTP: GET /api/v1/invoices/my'
2026-09-15 12:26:13.697 +05:00 [INF] HTTP GET /api/v1/invoices/my responded 200 in 116.2730 ms
2026-09-15 12:26:13.705 +05:00 [INF] Request finished HTTP/1.1 GET http://10.1.40.52:5044/api/v1/invoices/my - 200 null application/json; charset=utf-8 139.5257ms
2026-09-15 12:26:14.808 +05:00 [INF] Request starting HTTP/1.1 GET http://10.1.40.52:5044/api/v1/invoices/my - null null
2026-09-15 12:26:14.808 +05:00 [INF] Request starting HTTP/1.1 GET http://10.1.40.52:5044/api/v1/notifications/unread-count - null null
2026-09-15 12:26:14.818 +05:00 [INF] CORS policy execution successful.
2026-09-15 12:26:14.826 +05:00 [INF] CORS policy execution successful.
2026-09-15 12:26:14.829 +05:00 [INF] Executing endpoint 'HTTP: GET /api/v1/invoices/my'
2026-09-15 12:26:14.831 +05:00 [INF] Executing endpoint 'HTTP: GET /api/v1/notifications/unread-count'
2026-09-15 12:26:14.851 +05:00 [INF] Executed DbCommand (16ms) [Parameters=[@__UserId_0='?' (DbType = Guid)], CommandType='"Text"', CommandTimeout='30']
SELECT DISTINCT p.code
FROM security.user_roles AS u
INNER JOIN security.role_permissions AS r ON u.role_id = r.role_id
INNER JOIN security.permissions AS p ON r.permission_id = p.id
WHERE u.user_id = @__UserId_0
2026-09-15 12:26:14.851 +05:00 [INF] Setting HTTP status code 200.
2026-09-15 12:26:14.860 +05:00 [INF] Writing value of type '<>f__AnonymousType72`1' as Json.
2026-09-15 12:26:14.863 +05:00 [INF] Executed endpoint 'HTTP: GET /api/v1/notifications/unread-count'
2026-09-15 12:26:14.865 +05:00 [INF] Request starting HTTP/1.1 GET http://10.1.40.52:5044/api/v1/notifications/unread-count - null null
2026-09-15 12:26:14.866 +05:00 [INF] HTTP GET /api/v1/notifications/unread-count responded 200 in 40.4574 ms
2026-09-15 12:26:14.872 +05:00 [INF] Executed DbCommand (14ms) [Parameters=[@__UserId_0='?' (DbType = Guid)], CommandType='"Text"', CommandTimeout='30']
SELECT u.user_id, u.permission_id, u.is_allowed
FROM security.user_permission_overrides AS u
WHERE u.user_id = @__UserId_0
2026-09-15 12:26:14.874 +05:00 [INF] CORS policy execution successful.
2026-09-15 12:26:14.880 +05:00 [INF] Request finished HTTP/1.1 GET http://10.1.40.52:5044/api/v1/notifications/unread-count - 200 null application/json; charset=utf-8 72.1007ms
2026-09-15 12:26:14.886 +05:00 [INF] Executing endpoint 'HTTP: GET /api/v1/notifications/unread-count'
2026-09-15 12:26:14.896 +05:00 [INF] Executed DbCommand (11ms) [Parameters=[@__UserId_0='?' (DbType = Guid)], CommandType='"Text"', CommandTimeout='30']
SELECT v.vendor_id
FROM master.vendor_users AS v
WHERE v.user_id = @__UserId_0 AND v.is_active
LIMIT 1
2026-09-15 12:26:14.933 +05:00 [INF] Setting HTTP status code 200.
2026-09-15 12:26:14.935 +05:00 [INF] Writing value of type '<>f__AnonymousType72`1' as Json.
2026-09-15 12:26:14.936 +05:00 [INF] Executed endpoint 'HTTP: GET /api/v1/notifications/unread-count'
2026-09-15 12:26:14.937 +05:00 [INF] HTTP GET /api/v1/notifications/unread-count responded 200 in 62.9761 ms
2026-09-15 12:26:14.939 +05:00 [INF] Executed DbCommand (39ms) [Parameters=[@__vendorId_0='?' (DbType = Guid)], CommandType='"Text"', CommandTimeout='30']
SELECT i.id AS "Id", i.invoice_number AS "InvoiceNumber", i.invoice_date AS "InvoiceDate", i.invoice_amount AS "InvoiceAmount", i.status AS "Status", i.integration_status AS "IntegrationStatus", i.submission_date AS "SubmissionDate", i.updated_at AS "UpdatedAt", i.po_number AS "PoNumber", i.grn_numbers AS "GrnNumbers", i.invoice_type AS "InvoiceType", i.remarks AS "Remarks"
FROM invoice.invoices AS i
WHERE i.vendor_id = @__vendorId_0 AND i.deleted_at IS NULL
ORDER BY i.updated_at DESC
2026-09-15 12:26:14.940 +05:00 [INF] Request finished HTTP/1.1 GET http://10.1.40.52:5044/api/v1/notifications/unread-count - 200 null application/json; charset=utf-8 74.7814ms
2026-09-15 12:26:14.943 +05:00 [INF] Setting HTTP status code 200.
2026-09-15 12:26:14.948 +05:00 [INF] Writing value of type 'SelectListIterator`2' as Json.
2026-09-15 12:26:14.949 +05:00 [INF] Executed endpoint 'HTTP: GET /api/v1/invoices/my'
2026-09-15 12:26:14.950 +05:00 [INF] Request starting HTTP/1.1 GET http://10.1.40.52:5044/api/v1/invoices/my - null null
2026-09-15 12:26:14.951 +05:00 [INF] HTTP GET /api/v1/invoices/my responded 200 in 132.2601 ms
2026-09-15 12:26:14.954 +05:00 [INF] CORS policy execution successful.
2026-09-15 12:26:14.956 +05:00 [INF] Request finished HTTP/1.1 GET http://10.1.40.52:5044/api/v1/invoices/my - 200 null application/json; charset=utf-8 148.4625ms
2026-09-15 12:26:14.958 +05:00 [INF] Executing endpoint 'HTTP: GET /api/v1/invoices/my'
2026-09-15 12:26:14.976 +05:00 [INF] Executed DbCommand (12ms) [Parameters=[@__UserId_0='?' (DbType = Guid)], CommandType='"Text"', CommandTimeout='30']
SELECT DISTINCT p.code
FROM security.user_roles AS u
INNER JOIN security.role_permissions AS r ON u.role_id = r.role_id
INNER JOIN security.permissions AS p ON r.permission_id = p.id
WHERE u.user_id = @__UserId_0
2026-09-15 12:26:15.001 +05:00 [INF] Executed DbCommand (22ms) [Parameters=[@__UserId_0='?' (DbType = Guid)], CommandType='"Text"', CommandTimeout='30']
SELECT u.user_id, u.permission_id, u.is_allowed
FROM security.user_permission_overrides AS u
WHERE u.user_id = @__UserId_0
2026-09-15 12:26:15.014 +05:00 [INF] Executed DbCommand (10ms) [Parameters=[@__UserId_0='?' (DbType = Guid)], CommandType='"Text"', CommandTimeout='30']
SELECT v.vendor_id
FROM master.vendor_users AS v
WHERE v.user_id = @__UserId_0 AND v.is_active
LIMIT 1
2026-09-15 12:26:15.034 +05:00 [INF] Executed DbCommand (16ms) [Parameters=[@__vendorId_0='?' (DbType = Guid)], CommandType='"Text"', CommandTimeout='30']
SELECT i.id AS "Id", i.invoice_number AS "InvoiceNumber", i.invoice_date AS "InvoiceDate", i.invoice_amount AS "InvoiceAmount", i.status AS "Status", i.integration_status AS "IntegrationStatus", i.submission_date AS "SubmissionDate", i.updated_at AS "UpdatedAt", i.po_number AS "PoNumber", i.grn_numbers AS "GrnNumbers", i.invoice_type AS "InvoiceType", i.remarks AS "Remarks"
FROM invoice.invoices AS i
WHERE i.vendor_id = @__vendorId_0 AND i.deleted_at IS NULL
ORDER BY i.updated_at DESC
2026-09-15 12:26:15.037 +05:00 [INF] Setting HTTP status code 200.
2026-09-15 12:26:15.038 +05:00 [INF] Writing value of type 'SelectListIterator`2' as Json.
2026-09-15 12:26:15.040 +05:00 [INF] Executed endpoint 'HTTP: GET /api/v1/invoices/my'
2026-09-15 12:26:15.042 +05:00 [INF] HTTP GET /api/v1/invoices/my responded 200 in 87.9066 ms
2026-09-15 12:26:15.044 +05:00 [INF] Request finished HTTP/1.1 GET http://10.1.40.52:5044/api/v1/invoices/my - 200 null application/json; charset=utf-8 93.9329ms
2026-09-15 12:26:15.761 +05:00 [INF] Request starting HTTP/1.1 OPTIONS http://10.1.40.52:5044/api/v1/invoices/my - null null
2026-09-15 12:26:15.767 +05:00 [INF] Request starting HTTP/1.1 OPTIONS http://10.1.40.52:5044/api/v1/invoices/my - null null
2026-09-15 12:26:15.768 +05:00 [INF] Request starting HTTP/1.1 GET http://10.1.40.52:5044/api/v1/notifications/unread-count - null null
2026-09-15 12:26:15.772 +05:00 [INF] CORS policy execution successful.
2026-09-15 12:26:15.778 +05:00 [INF] CORS policy execution successful.
2026-09-15 12:26:15.782 +05:00 [INF] CORS policy execution successful.
2026-09-15 12:26:15.784 +05:00 [INF] HTTP OPTIONS /api/v1/invoices/my responded 204 in 12.4993 ms
2026-09-15 12:26:15.787 +05:00 [INF] HTTP OPTIONS /api/v1/invoices/my responded 204 in 9.4818 ms
2026-09-15 12:26:15.789 +05:00 [INF] Executing endpoint 'HTTP: GET /api/v1/notifications/unread-count'
2026-09-15 12:26:15.792 +05:00 [INF] Request finished HTTP/1.1 OPTIONS http://10.1.40.52:5044/api/v1/invoices/my - 204 null null 31.4965ms
2026-09-15 12:26:15.794 +05:00 [INF] Request starting HTTP/1.1 GET http://10.1.40.52:5044/api/v1/invoices/my - null null
2026-09-15 12:26:15.795 +05:00 [INF] Request finished HTTP/1.1 OPTIONS http://10.1.40.52:5044/api/v1/invoices/my - 204 null null 28.2483ms
2026-09-15 12:26:15.808 +05:00 [INF] CORS policy execution successful.
2026-09-15 12:26:15.812 +05:00 [INF] Setting HTTP status code 200.
2026-09-15 12:26:15.815 +05:00 [INF] Executing endpoint 'HTTP: GET /api/v1/invoices/my'
2026-09-15 12:26:15.817 +05:00 [INF] Writing value of type '<>f__AnonymousType72`1' as Json.
2026-09-15 12:26:15.821 +05:00 [INF] Executed endpoint 'HTTP: GET /api/v1/notifications/unread-count'
2026-09-15 12:26:15.823 +05:00 [INF] Request starting HTTP/1.1 GET http://10.1.40.52:5044/api/v1/notifications/unread-count - null null
2026-09-15 12:26:15.823 +05:00 [INF] HTTP GET /api/v1/notifications/unread-count responded 200 in 41.0388 ms
2026-09-15 12:26:15.824 +05:00 [INF] Executed DbCommand (5ms) [Parameters=[@__UserId_0='?' (DbType = Guid)], CommandType='"Text"', CommandTimeout='30']
SELECT DISTINCT p.code
FROM security.user_roles AS u
INNER JOIN security.role_permissions AS r ON u.role_id = r.role_id
INNER JOIN security.permissions AS p ON r.permission_id = p.id
WHERE u.user_id = @__UserId_0
2026-09-15 12:26:15.828 +05:00 [INF] CORS policy execution successful.
2026-09-15 12:26:15.832 +05:00 [INF] Request finished HTTP/1.1 GET http://10.1.40.52:5044/api/v1/notifications/unread-count - 200 null application/json; charset=utf-8 63.2445ms
2026-09-15 12:26:15.838 +05:00 [INF] Executing endpoint 'HTTP: GET /api/v1/notifications/unread-count'
2026-09-15 12:26:15.846 +05:00 [INF] Executed DbCommand (9ms) [Parameters=[@__UserId_0='?' (DbType = Guid)], CommandType='"Text"', CommandTimeout='30']
SELECT u.user_id, u.permission_id, u.is_allowed
FROM security.user_permission_overrides AS u
WHERE u.user_id = @__UserId_0
2026-09-15 12:26:15.867 +05:00 [INF] Setting HTTP status code 200.
2026-09-15 12:26:15.868 +05:00 [INF] Executed DbCommand (17ms) [Parameters=[@__UserId_0='?' (DbType = Guid)], CommandType='"Text"', CommandTimeout='30']
SELECT v.vendor_id
FROM master.vendor_users AS v
WHERE v.user_id = @__UserId_0 AND v.is_active
LIMIT 1
2026-09-15 12:26:15.870 +05:00 [INF] Writing value of type '<>f__AnonymousType72`1' as Json.
2026-09-15 12:26:15.876 +05:00 [INF] Executed endpoint 'HTTP: GET /api/v1/notifications/unread-count'
2026-09-15 12:26:15.878 +05:00 [INF] HTTP GET /api/v1/notifications/unread-count responded 200 in 50.3433 ms
2026-09-15 12:26:15.882 +05:00 [INF] Request finished HTTP/1.1 GET http://10.1.40.52:5044/api/v1/notifications/unread-count - 200 null application/json; charset=utf-8 59.0237ms
2026-09-15 12:26:15.885 +05:00 [INF] Executed DbCommand (10ms) [Parameters=[@__vendorId_0='?' (DbType = Guid)], CommandType='"Text"', CommandTimeout='30']
SELECT i.id AS "Id", i.invoice_number AS "InvoiceNumber", i.invoice_date AS "InvoiceDate", i.invoice_amount AS "InvoiceAmount", i.status AS "Status", i.integration_status AS "IntegrationStatus", i.submission_date AS "SubmissionDate", i.updated_at AS "UpdatedAt", i.po_number AS "PoNumber", i.grn_numbers AS "GrnNumbers", i.invoice_type AS "InvoiceType", i.remarks AS "Remarks"
FROM invoice.invoices AS i
WHERE i.vendor_id = @__vendorId_0 AND i.deleted_at IS NULL
ORDER BY i.updated_at DESC
2026-09-15 12:26:15.893 +05:00 [INF] Setting HTTP status code 200.
2026-09-15 12:26:15.895 +05:00 [INF] Writing value of type 'SelectListIterator`2' as Json.
2026-09-15 12:26:15.897 +05:00 [INF] Executed endpoint 'HTTP: GET /api/v1/invoices/my'
2026-09-15 12:26:15.899 +05:00 [INF] Request starting HTTP/1.1 GET http://10.1.40.52:5044/api/v1/invoices/my - null null
2026-09-15 12:26:15.900 +05:00 [INF] HTTP GET /api/v1/invoices/my responded 200 in 92.0484 ms
2026-09-15 12:26:15.905 +05:00 [INF] CORS policy execution successful.
2026-09-15 12:26:15.908 +05:00 [INF] Request finished HTTP/1.1 GET http://10.1.40.52:5044/api/v1/invoices/my - 200 null application/json; charset=utf-8 113.2821ms
2026-09-15 12:26:15.910 +05:00 [INF] Executing endpoint 'HTTP: GET /api/v1/invoices/my'
2026-09-15 12:26:15.931 +05:00 [INF] Executed DbCommand (13ms) [Parameters=[@__UserId_0='?' (DbType = Guid)], CommandType='"Text"', CommandTimeout='30']
SELECT DISTINCT p.code
FROM security.user_roles AS u
INNER JOIN security.role_permissions AS r ON u.role_id = r.role_id
INNER JOIN security.permissions AS p ON r.permission_id = p.id
WHERE u.user_id = @__UserId_0
2026-09-15 12:26:15.943 +05:00 [INF] Executed DbCommand (8ms) [Parameters=[@__UserId_0='?' (DbType = Guid)], CommandType='"Text"', CommandTimeout='30']
SELECT u.user_id, u.permission_id, u.is_allowed
FROM security.user_permission_overrides AS u
WHERE u.user_id = @__UserId_0
2026-09-15 12:26:15.955 +05:00 [INF] Executed DbCommand (8ms) [Parameters=[@__UserId_0='?' (DbType = Guid)], CommandType='"Text"', CommandTimeout='30']
SELECT v.vendor_id
FROM master.vendor_users AS v
WHERE v.user_id = @__UserId_0 AND v.is_active
LIMIT 1
2026-09-15 12:26:15.964 +05:00 [INF] Executed DbCommand (4ms) [Parameters=[@__vendorId_0='?' (DbType = Guid)], CommandType='"Text"', CommandTimeout='30']
SELECT i.id AS "Id", i.invoice_number AS "InvoiceNumber", i.invoice_date AS "InvoiceDate", i.invoice_amount AS "InvoiceAmount", i.status AS "Status", i.integration_status AS "IntegrationStatus", i.submission_date AS "SubmissionDate", i.updated_at AS "UpdatedAt", i.po_number AS "PoNumber", i.grn_numbers AS "GrnNumbers", i.invoice_type AS "InvoiceType", i.remarks AS "Remarks"
FROM invoice.invoices AS i
WHERE i.vendor_id = @__vendorId_0 AND i.deleted_at IS NULL
ORDER BY i.updated_at DESC
2026-09-15 12:26:15.968 +05:00 [INF] Setting HTTP status code 200.
2026-09-15 12:26:15.970 +05:00 [INF] Writing value of type 'SelectListIterator`2' as Json.
2026-09-15 12:26:15.972 +05:00 [INF] Executed endpoint 'HTTP: GET /api/v1/invoices/my'
2026-09-15 12:26:15.974 +05:00 [INF] HTTP GET /api/v1/invoices/my responded 200 in 69.2794 ms
2026-09-15 12:26:15.977 +05:00 [INF] Request finished HTTP/1.1 GET http://10.1.40.52:5044/api/v1/invoices/my - 200 null application/json; charset=utf-8 77.7278ms
2026-09-15 12:26:17.557 +05:00 [INF] Request starting HTTP/1.1 OPTIONS http://10.1.40.52:5044/api/v1/notifications/unread-count - null null
2026-09-15 12:26:17.557 +05:00 [INF] Request starting HTTP/1.1 GET http://10.1.40.52:5044/api/v1/invoices/my - null null
2026-09-15 12:26:17.559 +05:00 [INF] Request starting HTTP/1.1 OPTIONS http://10.1.40.52:5044/api/v1/notifications/unread-count - null null
2026-09-15 12:26:17.563 +05:00 [INF] CORS policy execution successful.
2026-09-15 12:26:17.569 +05:00 [INF] CORS policy execution successful.
2026-09-15 12:26:17.575 +05:00 [INF] CORS policy execution successful.
2026-09-15 12:26:17.577 +05:00 [INF] HTTP OPTIONS /api/v1/notifications/unread-count responded 204 in 13.8110 ms
2026-09-15 12:26:17.578 +05:00 [INF] Executing endpoint 'HTTP: GET /api/v1/invoices/my'
2026-09-15 12:26:17.580 +05:00 [INF] HTTP OPTIONS /api/v1/notifications/unread-count responded 204 in 4.9689 ms
2026-09-15 12:26:17.583 +05:00 [INF] Request finished HTTP/1.1 OPTIONS http://10.1.40.52:5044/api/v1/notifications/unread-count - 204 null null 26.4541ms
2026-09-15 12:26:17.588 +05:00 [INF] Request starting HTTP/1.1 GET http://10.1.40.52:5044/api/v1/notifications/unread-count - null null
2026-09-15 12:26:17.593 +05:00 [INF] Request finished HTTP/1.1 OPTIONS http://10.1.40.52:5044/api/v1/notifications/unread-count - 204 null null 33.5167ms
2026-09-15 12:26:17.600 +05:00 [INF] Executed DbCommand (11ms) [Parameters=[@__UserId_0='?' (DbType = Guid)], CommandType='"Text"', CommandTimeout='30']
SELECT DISTINCT p.code
FROM security.user_roles AS u
INNER JOIN security.role_permissions AS r ON u.role_id = r.role_id
INNER JOIN security.permissions AS p ON r.permission_id = p.id
WHERE u.user_id = @__UserId_0
2026-09-15 12:26:17.606 +05:00 [INF] CORS policy execution successful.
2026-09-15 12:26:17.620 +05:00 [INF] Executing endpoint 'HTTP: GET /api/v1/notifications/unread-count'
2026-09-15 12:26:17.652 +05:00 [INF] Executed DbCommand (34ms) [Parameters=[@__UserId_0='?' (DbType = Guid)], CommandType='"Text"', CommandTimeout='30']
SELECT u.user_id, u.permission_id, u.is_allowed
FROM security.user_permission_overrides AS u
WHERE u.user_id = @__UserId_0
2026-09-15 12:26:17.660 +05:00 [INF] Setting HTTP status code 200.
2026-09-15 12:26:17.663 +05:00 [INF] Executed DbCommand (7ms) [Parameters=[@__UserId_0='?' (DbType = Guid)], CommandType='"Text"', CommandTimeout='30']
SELECT v.vendor_id
FROM master.vendor_users AS v
WHERE v.user_id = @__UserId_0 AND v.is_active
LIMIT 1
2026-09-15 12:26:17.710 +05:00 [INF] Writing value of type '<>f__AnonymousType72`1' as Json.
2026-09-15 12:26:17.724 +05:00 [INF] Executed endpoint 'HTTP: GET /api/v1/notifications/unread-count'
2026-09-15 12:26:17.729 +05:00 [INF] HTTP GET /api/v1/notifications/unread-count responded 200 in 122.8149 ms
2026-09-15 12:26:17.730 +05:00 [INF] Request starting HTTP/1.1 GET http://10.1.40.52:5044/api/v1/notifications/unread-count - null null
2026-09-15 12:26:17.741 +05:00 [INF] Executed DbCommand (21ms) [Parameters=[@__vendorId_0='?' (DbType = Guid)], CommandType='"Text"', CommandTimeout='30']
SELECT i.id AS "Id", i.invoice_number AS "InvoiceNumber", i.invoice_date AS "InvoiceDate", i.invoice_amount AS "InvoiceAmount", i.status AS "Status", i.integration_status AS "IntegrationStatus", i.submission_date AS "SubmissionDate", i.updated_at AS "UpdatedAt", i.po_number AS "PoNumber", i.grn_numbers AS "GrnNumbers", i.invoice_type AS "InvoiceType", i.remarks AS "Remarks"
FROM invoice.invoices AS i
WHERE i.vendor_id = @__vendorId_0 AND i.deleted_at IS NULL
ORDER BY i.updated_at DESC
2026-09-15 12:26:17.753 +05:00 [INF] Request finished HTTP/1.1 GET http://10.1.40.52:5044/api/v1/notifications/unread-count - 200 null application/json; charset=utf-8 165.7299ms
2026-09-15 12:26:17.770 +05:00 [INF] CORS policy execution successful.
2026-09-15 12:26:17.778 +05:00 [INF] Setting HTTP status code 200.
2026-09-15 12:26:17.792 +05:00 [INF] Executing endpoint 'HTTP: GET /api/v1/notifications/unread-count'
2026-09-15 12:26:17.794 +05:00 [INF] Writing value of type 'SelectListIterator`2' as Json.
2026-09-15 12:26:17.801 +05:00 [INF] Executed endpoint 'HTTP: GET /api/v1/invoices/my'
2026-09-15 12:26:17.803 +05:00 [INF] Request starting HTTP/1.1 GET http://10.1.40.52:5044/api/v1/invoices/my - null null
2026-09-15 12:26:17.806 +05:00 [INF] HTTP GET /api/v1/invoices/my responded 200 in 236.9220 ms
2026-09-15 12:26:17.813 +05:00 [INF] CORS policy execution successful.
2026-09-15 12:26:17.819 +05:00 [INF] Request finished HTTP/1.1 GET http://10.1.40.52:5044/api/v1/invoices/my - 200 null application/json; charset=utf-8 261.7905ms
2026-09-15 12:26:17.820 +05:00 [INF] Setting HTTP status code 200.
2026-09-15 12:26:17.823 +05:00 [INF] Executing endpoint 'HTTP: GET /api/v1/invoices/my'
2026-09-15 12:26:17.840 +05:00 [INF] Writing value of type '<>f__AnonymousType72`1' as Json.
2026-09-15 12:26:17.847 +05:00 [INF] Executed endpoint 'HTTP: GET /api/v1/notifications/unread-count'
2026-09-15 12:26:17.851 +05:00 [INF] HTTP GET /api/v1/notifications/unread-count responded 200 in 81.7334 ms
2026-09-15 12:26:17.856 +05:00 [INF] Executed DbCommand (11ms) [Parameters=[@__UserId_0='?' (DbType = Guid)], CommandType='"Text"', CommandTimeout='30']
SELECT DISTINCT p.code
FROM security.user_roles AS u
INNER JOIN security.role_permissions AS r ON u.role_id = r.role_id
INNER JOIN security.permissions AS p ON r.permission_id = p.id
WHERE u.user_id = @__UserId_0
2026-09-15 12:26:17.858 +05:00 [INF] Request finished HTTP/1.1 GET http://10.1.40.52:5044/api/v1/notifications/unread-count - 200 null application/json; charset=utf-8 128.6612ms
2026-09-15 12:26:17.872 +05:00 [INF] Executed DbCommand (6ms) [Parameters=[@__UserId_0='?' (DbType = Guid)], CommandType='"Text"', CommandTimeout='30']
SELECT u.user_id, u.permission_id, u.is_allowed
FROM security.user_permission_overrides AS u
WHERE u.user_id = @__UserId_0
2026-09-15 12:26:17.905 +05:00 [INF] Executed DbCommand (22ms) [Parameters=[@__UserId_0='?' (DbType = Guid)], CommandType='"Text"', CommandTimeout='30']
SELECT v.vendor_id
FROM master.vendor_users AS v
WHERE v.user_id = @__UserId_0 AND v.is_active
LIMIT 1
2026-09-15 12:26:17.926 +05:00 [INF] Executed DbCommand (13ms) [Parameters=[@__vendorId_0='?' (DbType = Guid)], CommandType='"Text"', CommandTimeout='30']
SELECT i.id AS "Id", i.invoice_number AS "InvoiceNumber", i.invoice_date AS "InvoiceDate", i.invoice_amount AS "InvoiceAmount", i.status AS "Status", i.integration_status AS "IntegrationStatus", i.submission_date AS "SubmissionDate", i.updated_at AS "UpdatedAt", i.po_number AS "PoNumber", i.grn_numbers AS "GrnNumbers", i.invoice_type AS "InvoiceType", i.remarks AS "Remarks"
FROM invoice.invoices AS i
WHERE i.vendor_id = @__vendorId_0 AND i.deleted_at IS NULL
ORDER BY i.updated_at DESC
2026-09-15 12:26:17.933 +05:00 [INF] Setting HTTP status code 200.
2026-09-15 12:26:17.937 +05:00 [INF] Writing value of type 'SelectListIterator`2' as Json.
2026-09-15 12:26:17.939 +05:00 [INF] Executed endpoint 'HTTP: GET /api/v1/invoices/my'
2026-09-15 12:26:17.943 +05:00 [INF] HTTP GET /api/v1/invoices/my responded 200 in 130.4583 ms
2026-09-15 12:26:17.947 +05:00 [INF] Request finished HTTP/1.1 GET http://10.1.40.52:5044/api/v1/invoices/my - 200 null application/json; charset=utf-8 144.2838ms
2026-09-15 12:26:18.093 +05:00 [INF] Oracle AP step completed: PROCESS.APXIIMPT_WAIT. DurationMs=15058
2026-09-15 12:26:18.096 +05:00 [INF] Oracle AP step started: PROCESS.INTERFACE_REJECTIONS_LOOKUP
2026-09-15 12:26:18.109 +05:00 [INF] Oracle AP step completed: PROCESS.INTERFACE_REJECTIONS_LOOKUP. DurationMs=13
2026-09-15 12:26:18.112 +05:00 [INF] Oracle AP step started: PROCESS.INTERFACE_STATUS_LOOKUP
2026-09-15 12:26:18.135 +05:00 [INF] Oracle AP interface status resolved. InterfaceInvoiceId=315522 Status=PROCESSED
2026-09-15 12:26:18.139 +05:00 [INF] Oracle AP step completed: PROCESS.INTERFACE_STATUS_LOOKUP. DurationMs=27
2026-09-15 12:26:18.142 +05:00 [INF] Oracle AP step started: PROCESS.IMPORTED_INVOICE_LOOKUP
2026-09-15 12:26:18.157 +05:00 [INF] Oracle AP step completed: PROCESS.IMPORTED_INVOICE_LOOKUP. DurationMs=15
2026-09-15 12:26:18.161 +05:00 [INF] Oracle AP invoice processing returned successfully. InvoiceNumber=inv.120, PortalInvoiceId="eaa97875-d799-40f4-ab2d-3b2c4326c651", OutboxEventId="d987f37c-a317-47fe-b1ea-018f26b31796", OracleInvoiceId=8194792, OracleRequestId=143791558
2026-09-15 12:26:18.181 +05:00 [INF] Executed DbCommand (11ms) [Parameters=[@p0='?' (DbType = DateTime), @p1='?', @p2='?' (DbType = Int64), @p3='?' (DbType = Guid)], CommandType='"Text"', CommandTimeout='30']
UPDATE
    integration.outbox_messages

SET
    status = 'PROCESSED',
    processed_at = @p0,
    next_attempt_at = NULL,
    last_error = NULL,
    external_reference = @p1,
    oracle_request_id = @p2,
    oracle_group_id = NULL

WHERE
    id = @p3
2026-09-15 12:26:18.212 +05:00 [INF] Executed DbCommand (13ms) [Parameters=[@__item_InvoiceId_0='?' (DbType = Guid)], CommandType='"Text"', CommandTimeout='30']
SELECT i.id, i.created_at, i.created_by, i.currency_code, i.deleted_at, i.grn_numbers, i.integration_status, i.invoice_amount, i.invoice_date, i.invoice_number, i.invoice_type, i.oracle_invoice_id, i.pk_id, i.po_number, i.remarks, i.status, i.submission_date, i.updated_at, i.vendor_id
FROM invoice.invoices AS i
WHERE i.id = @__item_InvoiceId_0
LIMIT 2
2026-09-15 12:26:18.243 +05:00 [INF] Executed DbCommand (22ms) [Parameters=[@p0='?' (DbType = Guid), @p1='?', @p2='?', @p3='?' (DbType = Guid), @p4='?', @p5='?', @p6='?' (DbType = Guid), @p7='?' (DbType = DateTime), @p8='?' (DbType = Guid), @p9='?', @p10='?'], CommandType='"Text"', CommandTimeout='30']
INSERT INTO integration.outbox_messages
(
    id,
    event_type,
    aggregate_type,
    aggregate_id,
    payload,
    status,
    attempt_count,
    correlation_id,
    created_at
)

SELECT
    @p0,
    @p1,
    @p2,
    @p3,
    @p4::jsonb,
    @p5,
    0,
    @p6,
    @p7
WHERE NOT EXISTS
(
    SELECT 1
    FROM integration.outbox_messages existing
    WHERE existing.aggregate_id = @p8
    AND existing.event_type = @p9
    AND existing.status <> @p10
)
2026-09-15 12:26:18.282 +05:00 [INF] Executed DbCommand (26ms) [Parameters=[@p0='?' (DbType = DateTime), @p1='?' (DbType = Guid), @p2='?' (DbType = Guid), @p3='?' (DbType = Guid), @p4='?', @p5='?', @p6='?', @p7='?', @p12='?' (DbType = Guid), @p8='?', @p9='?', @p10='?', @p11='?' (DbType = DateTime)], CommandType='"Text"', CommandTimeout='30']
INSERT INTO invoice.invoice_status_history (changed_at, changed_by, correlation_id, invoice_id, new_status, old_status, remarks, source)
VALUES (@p0, @p1, @p2, @p3, @p4, @p5, @p6, @p7)
RETURNING id;
UPDATE invoice.invoices SET integration_status = @p8, oracle_invoice_id = @p9, status = @p10, updated_at = @p11
WHERE id = @p12;
2026-09-15 12:26:18.322 +05:00 [INF] Portal invoice imported to Oracle AP successfully. PortalInvoiceId="eaa97875-d799-40f4-ab2d-3b2c4326c651", OutboxEventId="d987f37c-a317-47fe-b1ea-018f26b31796", OracleInvoiceId=8194792, RequestId=143791558, GroupId=NULL, BatchName=BUSINESS PARTNER PORTAL - 15-SEP-2026
2026-09-15 12:26:22.395 +05:00 [INF] Executed DbCommand (15ms) [Parameters=[@__item_InvoiceId_0='?' (DbType = Guid)], CommandType='"Text"', CommandTimeout='30']
SELECT i.id AS "Id", i.invoice_number AS "InvoiceNumber", i.oracle_invoice_id AS "OracleInvoiceId"
FROM invoice.invoices AS i
WHERE i.id = @__item_InvoiceId_0 AND i.deleted_at IS NULL
LIMIT 2
2026-09-15 12:26:22.450 +05:00 [INF] Executed DbCommand (39ms) [Parameters=[@__invoice_Id_0='?' (DbType = Guid)], CommandType='"Text"', CommandTimeout='30']
SELECT d.id, d.document_type, d.original_file_name, d.content_type, d.file_content
FROM invoice.documents AS d
WHERE d.invoice_id = @__invoice_Id_0
ORDER BY d.uploaded_at
2026-09-15 12:26:22.517 +05:00 [INF] Executed DbCommand (17ms) [Parameters=[@p0='?' (DbType = Guid), @p1='?' (DbType = Guid), @p2='?' (DbType = Guid), @p3='?' (DbType = Int64), @p4='?', @p5='?', @p6='?', @p7='?' (DbType = DateTime), @p8='?' (DbType = DateTime)], CommandType='"Text"', CommandTimeout='30']
INSERT INTO integration.attachment_sync_logs
(
    id,
    invoice_id,
    document_id,
    oracle_invoice_id,
    file_name,
    document_type,
    status,
    attempt_count,
    created_at,
    updated_at
)
VALUES
(
    @p0,
    @p1,
    @p2,
    @p3,
    @p4,
    @p5,
    @p6,
    0,
    @p7,
    @p8
)
ON CONFLICT (document_id, oracle_invoice_id)
DO UPDATE SET
    invoice_id = EXCLUDED.invoice_id,
    file_name = EXCLUDED.file_name,
    document_type = EXCLUDED.document_type,
    updated_at = EXCLUDED.updated_at
2026-09-15 12:26:22.587 +05:00 [INF] Executed DbCommand (34ms) [Parameters=[@p0='?', @p1='?' (DbType = DateTime), @p2='?' (DbType = Guid), @p3='?' (DbType = Int64)], CommandType='"Text"', CommandTimeout='30']
UPDATE integration.attachment_sync_logs
SET status = @p0,
    attempt_count = attempt_count + 1,
    last_error = NULL,
    updated_at = @p1
WHERE document_id = @p2
  AND oracle_invoice_id = @p3
2026-09-15 12:26:22.677 +05:00 [INF] Creating Oracle AP invoice attachment. OracleInvoiceId=8194792, FileName=Invoice_Copy_PO3_ZIS-INV-2026-0087.pdf, DocumentType=INVOICE, ConfiguredCategory=Quick Invoices, ResolvedCategoryId=1000607, ResolvedInternalName=CUSTOM5484, ResolvedUserName=Quick Invoices, AttachmentFunctionId=156, AttachmentFunctionName=APXINWKB, AttachmentFunctionType=O, SecurityType=2, SecurityId=2021, DatatypeId=6
2026-09-15 12:26:22.690 +05:00 [INF] Inserting Oracle FND_LOBS attachment. OracleInvoiceId=8194792, FileName=Invoice_Copy_PO3_ZIS-INV-2026-0087.pdf, ContentType=application/pdf, FileFormat=binary, ConfiguredCategory=Quick Invoices, ResolvedCategoryId=1000607, ResolvedInternalName=CUSTOM5484, ResolvedUserName=Quick Invoices, AttachmentFunctionId=156, AttachmentFunctionName=APXINWKB, AttachmentFunctionType=O, SecurityType=2, SecurityId=2021, DatatypeId=6
2026-09-15 12:26:23.168 +05:00 [INF] Oracle AP invoice attachment created. OracleInvoiceId=8194792, DocumentType=INVOICE, FileName=Invoice_Copy_PO3_ZIS-INV-2026-0087.pdf, TLFileName=null, Language=US, ContentType=application/pdf, ConfiguredCategory=Quick Invoices, ResolvedCategoryId=1000607, ResolvedInternalName=CUSTOM5484, ResolvedUserName=Quick Invoices, AttachmentFunctionId=156, AttachmentFunctionName=APXINWKB, AttachmentFunctionType=O, SecurityType=2, SecurityId=2021, DatatypeId=6, MediaId=9529205, DocumentId=9512909, AttachedDocumentId=9584021
2026-09-15 12:26:23.194 +05:00 [INF] Oracle AP attachment creation transaction committed. OracleInvoiceId=8194792
2026-09-15 12:26:23.197 +05:00 [INF] Starting post-commit Forms attachment verification. OracleInvoiceId=8194792, FileName=Invoice_Copy_PO3_ZIS-INV-2026-0087.pdf
2026-09-15 12:26:23.208 +05:00 [INF] Oracle AP attachment verification details. OracleInvoiceId=8194792, FileName=Invoice_Copy_PO3_ZIS-INV-2026-0087.pdf, AttachedDocumentId=9584021, DocumentId=9512909, MediaId=9529205, DocumentFileName=Invoice_Copy_PO3_ZIS-INV-2026-0087.pdf, Language=US, SourceLanguage=US, FormsFileName=Invoice_Copy_PO3_ZIS-INV-2026-0087.pdf
2026-09-15 12:26:23.215 +05:00 [INF] Post-commit Forms attachment verification succeeded. OracleInvoiceId=8194792, FileName=Invoice_Copy_PO3_ZIS-INV-2026-0087.pdf
2026-09-15 12:26:23.232 +05:00 [INF] Executed DbCommand (14ms) [Parameters=[@p0='?', @p1='?' (DbType = DateTime), @p2='?' (DbType = DateTime), @p3='?' (DbType = Guid), @p4='?' (DbType = Int64)], CommandType='"Text"', CommandTimeout='30']
UPDATE integration.attachment_sync_logs
SET status = @p0,
    last_error = NULL,
    synced_at = @p1,
    updated_at = @p2
WHERE document_id = @p3
  AND oracle_invoice_id = @p4
2026-09-15 12:26:23.237 +05:00 [INF] Oracle AP attachment synchronized. PortalInvoiceId="eaa97875-d799-40f4-ab2d-3b2c4326c651", DocumentId="13a3723f-3ada-494c-917d-3c093cb0f8b9", FileName=Invoice_Copy_PO3_ZIS-INV-2026-0087.pdf, OracleInvoiceId=8194792
2026-09-15 12:26:23.246 +05:00 [INF] Executed DbCommand (6ms) [Parameters=[@p0='?' (DbType = Guid), @p1='?' (DbType = Guid), @p2='?' (DbType = Guid), @p3='?' (DbType = Int64), @p4='?', @p5='?', @p6='?', @p7='?' (DbType = DateTime), @p8='?' (DbType = DateTime)], CommandType='"Text"', CommandTimeout='30']
INSERT INTO integration.attachment_sync_logs
(
    id,
    invoice_id,
    document_id,
    oracle_invoice_id,
    file_name,
    document_type,
    status,
    attempt_count,
    created_at,
    updated_at
)
VALUES
(
    @p0,
    @p1,
    @p2,
    @p3,
    @p4,
    @p5,
    @p6,
    0,
    @p7,
    @p8
)
ON CONFLICT (document_id, oracle_invoice_id)
DO UPDATE SET
    invoice_id = EXCLUDED.invoice_id,
    file_name = EXCLUDED.file_name,
    document_type = EXCLUDED.document_type,
    updated_at = EXCLUDED.updated_at
2026-09-15 12:26:23.271 +05:00 [INF] Executed DbCommand (15ms) [Parameters=[@p0='?', @p1='?' (DbType = DateTime), @p2='?' (DbType = Guid), @p3='?' (DbType = Int64)], CommandType='"Text"', CommandTimeout='30']
UPDATE integration.attachment_sync_logs
SET status = @p0,
    attempt_count = attempt_count + 1,
    last_error = NULL,
    updated_at = @p1
WHERE document_id = @p2
  AND oracle_invoice_id = @p3
2026-09-15 12:26:23.314 +05:00 [INF] Creating Oracle AP invoice attachment. OracleInvoiceId=8194792, FileName=Delivery_Challan_PO1_DC-2026-000731.pdf, DocumentType=DELIVERY_CHALLAN, ConfiguredCategory=Quick Invoices, ResolvedCategoryId=1000607, ResolvedInternalName=CUSTOM5484, ResolvedUserName=Quick Invoices, AttachmentFunctionId=156, AttachmentFunctionName=APXINWKB, AttachmentFunctionType=O, SecurityType=2, SecurityId=2021, DatatypeId=6
2026-09-15 12:26:23.325 +05:00 [INF] Inserting Oracle FND_LOBS attachment. OracleInvoiceId=8194792, FileName=Delivery_Challan_PO1_DC-2026-000731.pdf, ContentType=application/pdf, FileFormat=binary, ConfiguredCategory=Quick Invoices, ResolvedCategoryId=1000607, ResolvedInternalName=CUSTOM5484, ResolvedUserName=Quick Invoices, AttachmentFunctionId=156, AttachmentFunctionName=APXINWKB, AttachmentFunctionType=O, SecurityType=2, SecurityId=2021, DatatypeId=6
2026-09-15 12:26:23.515 +05:00 [INF] Oracle AP invoice attachment created. OracleInvoiceId=8194792, DocumentType=DELIVERY_CHALLAN, FileName=Delivery_Challan_PO1_DC-2026-000731.pdf, TLFileName=null, Language=US, ContentType=application/pdf, ConfiguredCategory=Quick Invoices, ResolvedCategoryId=1000607, ResolvedInternalName=CUSTOM5484, ResolvedUserName=Quick Invoices, AttachmentFunctionId=156, AttachmentFunctionName=APXINWKB, AttachmentFunctionType=O, SecurityType=2, SecurityId=2021, DatatypeId=6, MediaId=9529206, DocumentId=9512911, AttachedDocumentId=9584022
2026-09-15 12:26:23.545 +05:00 [INF] Oracle AP attachment creation transaction committed. OracleInvoiceId=8194792
2026-09-15 12:26:23.546 +05:00 [INF] Starting post-commit Forms attachment verification. OracleInvoiceId=8194792, FileName=Delivery_Challan_PO1_DC-2026-000731.pdf
2026-09-15 12:26:23.571 +05:00 [INF] Oracle AP attachment verification details. OracleInvoiceId=8194792, FileName=Delivery_Challan_PO1_DC-2026-000731.pdf, AttachedDocumentId=9584022, DocumentId=9512911, MediaId=9529206, DocumentFileName=Delivery_Challan_PO1_DC-2026-000731.pdf, Language=US, SourceLanguage=US, FormsFileName=Delivery_Challan_PO1_DC-2026-000731.pdf
2026-09-15 12:26:23.577 +05:00 [INF] Post-commit Forms attachment verification succeeded. OracleInvoiceId=8194792, FileName=Delivery_Challan_PO1_DC-2026-000731.pdf
2026-09-15 12:26:23.591 +05:00 [INF] Executed DbCommand (12ms) [Parameters=[@p0='?', @p1='?' (DbType = DateTime), @p2='?' (DbType = DateTime), @p3='?' (DbType = Guid), @p4='?' (DbType = Int64)], CommandType='"Text"', CommandTimeout='30']
UPDATE integration.attachment_sync_logs
SET status = @p0,
    last_error = NULL,
    synced_at = @p1,
    updated_at = @p2
WHERE document_id = @p3
  AND oracle_invoice_id = @p4
2026-09-15 12:26:23.595 +05:00 [INF] Oracle AP attachment synchronized. PortalInvoiceId="eaa97875-d799-40f4-ab2d-3b2c4326c651", DocumentId="2e00ddd8-ad61-4991-a39b-45b4159a5b64", FileName=Delivery_Challan_PO1_DC-2026-000731.pdf, OracleInvoiceId=8194792
2026-09-15 12:26:23.606 +05:00 [INF] Executed DbCommand (8ms) [Parameters=[@p0='?' (DbType = Guid), @p1='?' (DbType = Guid), @p2='?' (DbType = Guid), @p3='?' (DbType = Int64), @p4='?', @p5='?', @p6='?', @p7='?' (DbType = DateTime), @p8='?' (DbType = DateTime)], CommandType='"Text"', CommandTimeout='30']
INSERT INTO integration.attachment_sync_logs
(
    id,
    invoice_id,
    document_id,
    oracle_invoice_id,
    file_name,
    document_type,
    status,
    attempt_count,
    created_at,
    updated_at
)
VALUES
(
    @p0,
    @p1,
    @p2,
    @p3,
    @p4,
    @p5,
    @p6,
    0,
    @p7,
    @p8
)
ON CONFLICT (document_id, oracle_invoice_id)
DO UPDATE SET
    invoice_id = EXCLUDED.invoice_id,
    file_name = EXCLUDED.file_name,
    document_type = EXCLUDED.document_type,
    updated_at = EXCLUDED.updated_at
2026-09-15 12:26:23.638 +05:00 [INF] Executed DbCommand (8ms) [Parameters=[@p0='?', @p1='?' (DbType = DateTime), @p2='?' (DbType = Guid), @p3='?' (DbType = Int64)], CommandType='"Text"', CommandTimeout='30']
UPDATE integration.attachment_sync_logs
SET status = @p0,
    attempt_count = attempt_count + 1,
    last_error = NULL,
    updated_at = @p1
WHERE document_id = @p2
  AND oracle_invoice_id = @p3
2026-09-15 12:26:23.688 +05:00 [INF] Creating Oracle AP invoice attachment. OracleInvoiceId=8194792, FileName=Delivery_Challan_PO3_DC-2026-000418.pdf, DocumentType=DELIVERY_CHALLAN, ConfiguredCategory=Quick Invoices, ResolvedCategoryId=1000607, ResolvedInternalName=CUSTOM5484, ResolvedUserName=Quick Invoices, AttachmentFunctionId=156, AttachmentFunctionName=APXINWKB, AttachmentFunctionType=O, SecurityType=2, SecurityId=2021, DatatypeId=6
2026-09-15 12:26:23.706 +05:00 [INF] Inserting Oracle FND_LOBS attachment. OracleInvoiceId=8194792, FileName=Delivery_Challan_PO3_DC-2026-000418.pdf, ContentType=application/pdf, FileFormat=binary, ConfiguredCategory=Quick Invoices, ResolvedCategoryId=1000607, ResolvedInternalName=CUSTOM5484, ResolvedUserName=Quick Invoices, AttachmentFunctionId=156, AttachmentFunctionName=APXINWKB, AttachmentFunctionType=O, SecurityType=2, SecurityId=2021, DatatypeId=6
2026-09-15 12:26:23.867 +05:00 [INF] Oracle AP invoice attachment created. OracleInvoiceId=8194792, DocumentType=DELIVERY_CHALLAN, FileName=Delivery_Challan_PO3_DC-2026-000418.pdf, TLFileName=null, Language=US, ContentType=application/pdf, ConfiguredCategory=Quick Invoices, ResolvedCategoryId=1000607, ResolvedInternalName=CUSTOM5484, ResolvedUserName=Quick Invoices, AttachmentFunctionId=156, AttachmentFunctionName=APXINWKB, AttachmentFunctionType=O, SecurityType=2, SecurityId=2021, DatatypeId=6, MediaId=9529207, DocumentId=9512913, AttachedDocumentId=9584023
2026-09-15 12:26:23.896 +05:00 [INF] Oracle AP attachment creation transaction committed. OracleInvoiceId=8194792
2026-09-15 12:26:23.898 +05:00 [INF] Starting post-commit Forms attachment verification. OracleInvoiceId=8194792, FileName=Delivery_Challan_PO3_DC-2026-000418.pdf
2026-09-15 12:26:23.916 +05:00 [INF] Oracle AP attachment verification details. OracleInvoiceId=8194792, FileName=Delivery_Challan_PO3_DC-2026-000418.pdf, AttachedDocumentId=9584023, DocumentId=9512913, MediaId=9529207, DocumentFileName=Delivery_Challan_PO3_DC-2026-000418.pdf, Language=US, SourceLanguage=US, FormsFileName=Delivery_Challan_PO3_DC-2026-000418.pdf
2026-09-15 12:26:23.923 +05:00 [INF] Post-commit Forms attachment verification succeeded. OracleInvoiceId=8194792, FileName=Delivery_Challan_PO3_DC-2026-000418.pdf
2026-09-15 12:26:23.933 +05:00 [INF] Executed DbCommand (7ms) [Parameters=[@p0='?', @p1='?' (DbType = DateTime), @p2='?' (DbType = DateTime), @p3='?' (DbType = Guid), @p4='?' (DbType = Int64)], CommandType='"Text"', CommandTimeout='30']
UPDATE integration.attachment_sync_logs
SET status = @p0,
    last_error = NULL,
    synced_at = @p1,
    updated_at = @p2
WHERE document_id = @p3
  AND oracle_invoice_id = @p4
2026-09-15 12:26:23.939 +05:00 [INF] Oracle AP attachment synchronized. PortalInvoiceId="eaa97875-d799-40f4-ab2d-3b2c4326c651", DocumentId="ffb26af1-a90b-477f-beb7-e1c0226c9e29", FileName=Delivery_Challan_PO3_DC-2026-000418.pdf, OracleInvoiceId=8194792
2026-09-15 12:26:23.952 +05:00 [INF] Executed DbCommand (7ms) [Parameters=[@p0='?' (DbType = DateTime), @p1='?', @p2='?' (DbType = Guid)], CommandType='"Text"', CommandTimeout='30']
UPDATE integration.outbox_messages
SET status = 'PROCESSED',
    processed_at = @p0,
    next_attempt_at = NULL,
    last_error = NULL,
    external_reference = @p1
WHERE id = @p2
2026-09-15 12:26:23.959 +05:00 [INF] Oracle AP attachments synchronized. PortalInvoiceId="eaa97875-d799-40f4-ab2d-3b2c4326c651", OracleInvoiceId=8194792, DocumentCount=3
2026-09-15 12:26:24.405 +05:00 [INF] Executed DbCommand (7ms) [Parameters=[], CommandType='"Text"', CommandTimeout='30']
SELECT v.id AS "Id", v.oracle_vendor_id AS "OracleVendorId"
FROM master.vendors AS v
WHERE v.is_active AND v.oracle_vendor_id IS NOT NULL
2026-09-15 12:26:24.433 +05:00 [INF] Executed DbCommand (6ms) [Parameters=[@__mapping_Id_0='?' (DbType = Guid)], CommandType='"Text"', CommandTimeout='30']
SELECT i.id, i.created_at, i.created_by, i.currency_code, i.deleted_at, i.grn_numbers, i.integration_status, i.invoice_amount, i.invoice_date, i.invoice_number, i.invoice_type, i.oracle_invoice_id, i.pk_id, i.po_number, i.remarks, i.status, i.submission_date, i.updated_at, i.vendor_id
FROM invoice.invoices AS i
WHERE i.vendor_id = @__mapping_Id_0 AND i.deleted_at IS NULL AND i.status <> 'DRAFT'
2026-09-15 12:26:24.476 +05:00 [INF] Executed DbCommand (6ms) [Parameters=[@__mapping_Id_0='?' (DbType = Guid)], CommandType='"Text"', CommandTimeout='30']
SELECT i.id, i.created_at, i.created_by, i.currency_code, i.deleted_at, i.grn_numbers, i.integration_status, i.invoice_amount, i.invoice_date, i.invoice_number, i.invoice_type, i.oracle_invoice_id, i.pk_id, i.po_number, i.remarks, i.status, i.submission_date, i.updated_at, i.vendor_id
FROM invoice.invoices AS i
WHERE i.vendor_id = @__mapping_Id_0 AND i.deleted_at IS NULL AND i.status <> 'DRAFT'
2026-09-15 12:26:24.494 +05:00 [INF] Executed DbCommand (4ms) [Parameters=[@__mapping_Id_0='?' (DbType = Guid)], CommandType='"Text"', CommandTimeout='30']
SELECT i.id, i.created_at, i.created_by, i.currency_code, i.deleted_at, i.grn_numbers, i.integration_status, i.invoice_amount, i.invoice_date, i.invoice_number, i.invoice_type, i.oracle_invoice_id, i.pk_id, i.po_number, i.remarks, i.status, i.submission_date, i.updated_at, i.vendor_id
FROM invoice.invoices AS i
WHERE i.vendor_id = @__mapping_Id_0 AND i.deleted_at IS NULL AND i.status <> 'DRAFT'
2026-09-15 12:26:24.514 +05:00 [INF] Executed DbCommand (6ms) [Parameters=[@__mapping_Id_0='?' (DbType = Guid)], CommandType='"Text"', CommandTimeout='30']
SELECT i.id, i.created_at, i.created_by, i.currency_code, i.deleted_at, i.grn_numbers, i.integration_status, i.invoice_amount, i.invoice_date, i.invoice_number, i.invoice_type, i.oracle_invoice_id, i.pk_id, i.po_number, i.remarks, i.status, i.submission_date, i.updated_at, i.vendor_id
FROM invoice.invoices AS i
WHERE i.vendor_id = @__mapping_Id_0 AND i.deleted_at IS NULL AND i.status <> 'DRAFT'
2026-09-15 12:26:24.550 +05:00 [INF] Executed DbCommand (11ms) [Parameters=[@__mapping_Id_0='?' (DbType = Guid)], CommandType='"Text"', CommandTimeout='30']
SELECT i.id, i.created_at, i.created_by, i.currency_code, i.deleted_at, i.grn_numbers, i.integration_status, i.invoice_amount, i.invoice_date, i.invoice_number, i.invoice_type, i.oracle_invoice_id, i.pk_id, i.po_number, i.remarks, i.status, i.submission_date, i.updated_at, i.vendor_id
FROM invoice.invoices AS i
WHERE i.vendor_id = @__mapping_Id_0 AND i.deleted_at IS NULL AND i.status <> 'DRAFT'
2026-09-15 12:26:24.580 +05:00 [INF] Executed DbCommand (8ms) [Parameters=[@__mapping_Id_0='?' (DbType = Guid)], CommandType='"Text"', CommandTimeout='30']
SELECT i.id, i.created_at, i.created_by, i.currency_code, i.deleted_at, i.grn_numbers, i.integration_status, i.invoice_amount, i.invoice_date, i.invoice_number, i.invoice_type, i.oracle_invoice_id, i.pk_id, i.po_number, i.remarks, i.status, i.submission_date, i.updated_at, i.vendor_id
FROM invoice.invoices AS i
WHERE i.vendor_id = @__mapping_Id_0 AND i.deleted_at IS NULL AND i.status <> 'DRAFT'
2026-09-15 12:26:24.600 +05:00 [INF] Executed DbCommand (7ms) [Parameters=[@__mapping_Id_0='?' (DbType = Guid)], CommandType='"Text"', CommandTimeout='30']
SELECT i.id, i.created_at, i.created_by, i.currency_code, i.deleted_at, i.grn_numbers, i.integration_status, i.invoice_amount, i.invoice_date, i.invoice_number, i.invoice_type, i.oracle_invoice_id, i.pk_id, i.po_number, i.remarks, i.status, i.submission_date, i.updated_at, i.vendor_id
FROM invoice.invoices AS i
WHERE i.vendor_id = @__mapping_Id_0 AND i.deleted_at IS NULL AND i.status <> 'DRAFT'
2026-09-15 12:26:24.618 +05:00 [INF] Executed DbCommand (5ms) [Parameters=[@__mapping_Id_0='?' (DbType = Guid)], CommandType='"Text"', CommandTimeout='30']
SELECT i.id, i.created_at, i.created_by, i.currency_code, i.deleted_at, i.grn_numbers, i.integration_status, i.invoice_amount, i.invoice_date, i.invoice_number, i.invoice_type, i.oracle_invoice_id, i.pk_id, i.po_number, i.remarks, i.status, i.submission_date, i.updated_at, i.vendor_id
FROM invoice.invoices AS i
WHERE i.vendor_id = @__mapping_Id_0 AND i.deleted_at IS NULL AND i.status <> 'DRAFT'
2026-09-15 12:26:24.638 +05:00 [INF] Executed DbCommand (6ms) [Parameters=[@__mapping_Id_0='?' (DbType = Guid)], CommandType='"Text"', CommandTimeout='30']
SELECT i.id, i.created_at, i.created_by, i.currency_code, i.deleted_at, i.grn_numbers, i.integration_status, i.invoice_amount, i.invoice_date, i.invoice_number, i.invoice_type, i.oracle_invoice_id, i.pk_id, i.po_number, i.remarks, i.status, i.submission_date, i.updated_at, i.vendor_id
FROM invoice.invoices AS i
WHERE i.vendor_id = @__mapping_Id_0 AND i.deleted_at IS NULL AND i.status <> 'DRAFT'
2026-09-15 12:26:24.658 +05:00 [INF] Executed DbCommand (7ms) [Parameters=[@__mapping_Id_0='?' (DbType = Guid)], CommandType='"Text"', CommandTimeout='30']
SELECT i.id, i.created_at, i.created_by, i.currency_code, i.deleted_at, i.grn_numbers, i.integration_status, i.invoice_amount, i.invoice_date, i.invoice_number, i.invoice_type, i.oracle_invoice_id, i.pk_id, i.po_number, i.remarks, i.status, i.submission_date, i.updated_at, i.vendor_id
FROM invoice.invoices AS i
WHERE i.vendor_id = @__mapping_Id_0 AND i.deleted_at IS NULL AND i.status <> 'DRAFT'
2026-09-15 12:26:24.678 +05:00 [INF] Executed DbCommand (9ms) [Parameters=[@__mapping_Id_0='?' (DbType = Guid)], CommandType='"Text"', CommandTimeout='30']
SELECT i.id, i.created_at, i.created_by, i.currency_code, i.deleted_at, i.grn_numbers, i.integration_status, i.invoice_amount, i.invoice_date, i.invoice_number, i.invoice_type, i.oracle_invoice_id, i.pk_id, i.po_number, i.remarks, i.status, i.submission_date, i.updated_at, i.vendor_id
FROM invoice.invoices AS i
WHERE i.vendor_id = @__mapping_Id_0 AND i.deleted_at IS NULL AND i.status <> 'DRAFT'
2026-09-15 12:26:24.706 +05:00 [INF] Executed DbCommand (7ms) [Parameters=[@__mapping_Id_0='?' (DbType = Guid)], CommandType='"Text"', CommandTimeout='30']
SELECT i.id, i.created_at, i.created_by, i.currency_code, i.deleted_at, i.grn_numbers, i.integration_status, i.invoice_amount, i.invoice_date, i.invoice_number, i.invoice_type, i.oracle_invoice_id, i.pk_id, i.po_number, i.remarks, i.status, i.submission_date, i.updated_at, i.vendor_id
FROM invoice.invoices AS i
WHERE i.vendor_id = @__mapping_Id_0 AND i.deleted_at IS NULL AND i.status <> 'DRAFT'
2026-09-15 12:26:24.730 +05:00 [INF] Executed DbCommand (5ms) [Parameters=[@__mapping_Id_0='?' (DbType = Guid)], CommandType='"Text"', CommandTimeout='30']
SELECT i.id, i.created_at, i.created_by, i.currency_code, i.deleted_at, i.grn_numbers, i.integration_status, i.invoice_amount, i.invoice_date, i.invoice_number, i.invoice_type, i.oracle_invoice_id, i.pk_id, i.po_number, i.remarks, i.status, i.submission_date, i.updated_at, i.vendor_id
FROM invoice.invoices AS i
WHERE i.vendor_id = @__mapping_Id_0 AND i.deleted_at IS NULL AND i.status <> 'DRAFT'
2026-09-15 12:26:24.886 +05:00 [INF] Executed DbCommand (9ms) [Parameters=[@__mapping_Id_0='?' (DbType = Guid)], CommandType='"Text"', CommandTimeout='30']
SELECT i.id, i.created_at, i.created_by, i.currency_code, i.deleted_at, i.grn_numbers, i.integration_status, i.invoice_amount, i.invoice_date, i.invoice_number, i.invoice_type, i.oracle_invoice_id, i.pk_id, i.po_number, i.remarks, i.status, i.submission_date, i.updated_at, i.vendor_id
FROM invoice.invoices AS i
WHERE i.vendor_id = @__mapping_Id_0 AND i.deleted_at IS NULL AND i.status <> 'DRAFT'
2026-09-15 12:26:24.924 +05:00 [INF] Executed DbCommand (12ms) [Parameters=[@__mapping_Id_0='?' (DbType = Guid)], CommandType='"Text"', CommandTimeout='30']
SELECT i.id, i.created_at, i.created_by, i.currency_code, i.deleted_at, i.grn_numbers, i.integration_status, i.invoice_amount, i.invoice_date, i.invoice_number, i.invoice_type, i.oracle_invoice_id, i.pk_id, i.po_number, i.remarks, i.status, i.submission_date, i.updated_at, i.vendor_id
FROM invoice.invoices AS i
WHERE i.vendor_id = @__mapping_Id_0 AND i.deleted_at IS NULL AND i.status <> 'DRAFT'
2026-09-15 12:26:24.982 +05:00 [INF] Executed DbCommand (7ms) [Parameters=[@__mapping_Id_0='?' (DbType = Guid)], CommandType='"Text"', CommandTimeout='30']
SELECT i.id, i.created_at, i.created_by, i.currency_code, i.deleted_at, i.grn_numbers, i.integration_status, i.invoice_amount, i.invoice_date, i.invoice_number, i.invoice_type, i.oracle_invoice_id, i.pk_id, i.po_number, i.remarks, i.status, i.submission_date, i.updated_at, i.vendor_id
FROM invoice.invoices AS i
WHERE i.vendor_id = @__mapping_Id_0 AND i.deleted_at IS NULL AND i.status <> 'DRAFT'
2026-09-15 12:26:25.110 +05:00 [INF] Executed DbCommand (6ms) [Parameters=[@__mapping_Id_0='?' (DbType = Guid)], CommandType='"Text"', CommandTimeout='30']
SELECT i.id, i.created_at, i.created_by, i.currency_code, i.deleted_at, i.grn_numbers, i.integration_status, i.invoice_amount, i.invoice_date, i.invoice_number, i.invoice_type, i.oracle_invoice_id, i.pk_id, i.po_number, i.remarks, i.status, i.submission_date, i.updated_at, i.vendor_id
FROM invoice.invoices AS i
WHERE i.vendor_id = @__mapping_Id_0 AND i.deleted_at IS NULL AND i.status <> 'DRAFT'
2026-09-15 12:26:25.687 +05:00 [INF] Executed DbCommand (12ms) [Parameters=[@__mapping_Id_0='?' (DbType = Guid)], CommandType='"Text"', CommandTimeout='30']
SELECT i.id, i.created_at, i.created_by, i.currency_code, i.deleted_at, i.grn_numbers, i.integration_status, i.invoice_amount, i.invoice_date, i.invoice_number, i.invoice_type, i.oracle_invoice_id, i.pk_id, i.po_number, i.remarks, i.status, i.submission_date, i.updated_at, i.vendor_id
FROM invoice.invoices AS i
WHERE i.vendor_id = @__mapping_Id_0 AND i.deleted_at IS NULL AND i.status <> 'DRAFT'
2026-09-15 12:26:25.907 +05:00 [INF] Executed DbCommand (11ms) [Parameters=[@__mapping_Id_0='?' (DbType = Guid)], CommandType='"Text"', CommandTimeout='30']
SELECT i.id, i.created_at, i.created_by, i.currency_code, i.deleted_at, i.grn_numbers, i.integration_status, i.invoice_amount, i.invoice_date, i.invoice_number, i.invoice_type, i.oracle_invoice_id, i.pk_id, i.po_number, i.remarks, i.status, i.submission_date, i.updated_at, i.vendor_id
FROM invoice.invoices AS i
WHERE i.vendor_id = @__mapping_Id_0 AND i.deleted_at IS NULL AND i.status <> 'DRAFT'
2026-09-15 12:26:26.005 +05:00 [INF] Executed DbCommand (8ms) [Parameters=[@__mapping_Id_0='?' (DbType = Guid)], CommandType='"Text"', CommandTimeout='30']
SELECT i.id, i.created_at, i.created_by, i.currency_code, i.deleted_at, i.grn_numbers, i.integration_status, i.invoice_amount, i.invoice_date, i.invoice_number, i.invoice_type, i.oracle_invoice_id, i.pk_id, i.po_number, i.remarks, i.status, i.submission_date, i.updated_at, i.vendor_id
FROM invoice.invoices AS i
WHERE i.vendor_id = @__mapping_Id_0 AND i.deleted_at IS NULL AND i.status <> 'DRAFT'
2026-09-15 12:26:26.130 +05:00 [INF] Executed DbCommand (10ms) [Parameters=[@__mapping_Id_0='?' (DbType = Guid)], CommandType='"Text"', CommandTimeout='30']
SELECT i.id, i.created_at, i.created_by, i.currency_code, i.deleted_at, i.grn_numbers, i.integration_status, i.invoice_amount, i.invoice_date, i.invoice_number, i.invoice_type, i.oracle_invoice_id, i.pk_id, i.po_number, i.remarks, i.status, i.submission_date, i.updated_at, i.vendor_id
FROM invoice.invoices AS i
WHERE i.vendor_id = @__mapping_Id_0 AND i.deleted_at IS NULL AND i.status <> 'DRAFT'
2026-09-15 12:26:26.159 +05:00 [INF] Executed DbCommand (6ms) [Parameters=[@__mapping_Id_0='?' (DbType = Guid)], CommandType='"Text"', CommandTimeout='30']
SELECT i.id, i.created_at, i.created_by, i.currency_code, i.deleted_at, i.grn_numbers, i.integration_status, i.invoice_amount, i.invoice_date, i.invoice_number, i.invoice_type, i.oracle_invoice_id, i.pk_id, i.po_number, i.remarks, i.status, i.submission_date, i.updated_at, i.vendor_id
FROM invoice.invoices AS i
WHERE i.vendor_id = @__mapping_Id_0 AND i.deleted_at IS NULL AND i.status <> 'DRAFT'
2026-09-15 12:26:26.302 +05:00 [INF] Executed DbCommand (3ms) [Parameters=[@__mapping_Id_0='?' (DbType = Guid)], CommandType='"Text"', CommandTimeout='30']
SELECT i.id, i.created_at, i.created_by, i.currency_code, i.deleted_at, i.grn_numbers, i.integration_status, i.invoice_amount, i.invoice_date, i.invoice_number, i.invoice_type, i.oracle_invoice_id, i.pk_id, i.po_number, i.remarks, i.status, i.submission_date, i.updated_at, i.vendor_id
FROM invoice.invoices AS i
WHERE i.vendor_id = @__mapping_Id_0 AND i.deleted_at IS NULL AND i.status <> 'DRAFT'
2026-09-15 12:26:28.782 +05:00 [INF] Executed DbCommand (10ms) [Parameters=[@__mapping_Id_0='?' (DbType = Guid)], CommandType='"Text"', CommandTimeout='30']
SELECT i.id, i.created_at, i.created_by, i.currency_code, i.deleted_at, i.grn_numbers, i.integration_status, i.invoice_amount, i.invoice_date, i.invoice_number, i.invoice_type, i.oracle_invoice_id, i.pk_id, i.po_number, i.remarks, i.status, i.submission_date, i.updated_at, i.vendor_id
FROM invoice.invoices AS i
WHERE i.vendor_id = @__mapping_Id_0 AND i.deleted_at IS NULL AND i.status <> 'DRAFT'
2026-09-15 12:26:31.540 +05:00 [INF] Executed DbCommand (14ms) [Parameters=[@__mapping_Id_0='?' (DbType = Guid)], CommandType='"Text"', CommandTimeout='30']
SELECT i.id, i.created_at, i.created_by, i.currency_code, i.deleted_at, i.grn_numbers, i.integration_status, i.invoice_amount, i.invoice_date, i.invoice_number, i.invoice_type, i.oracle_invoice_id, i.pk_id, i.po_number, i.remarks, i.status, i.submission_date, i.updated_at, i.vendor_id
FROM invoice.invoices AS i
WHERE i.vendor_id = @__mapping_Id_0 AND i.deleted_at IS NULL AND i.status <> 'DRAFT'
2026-09-15 12:26:31.742 +05:00 [INF] Executed DbCommand (4ms) [Parameters=[@__mapping_Id_0='?' (DbType = Guid)], CommandType='"Text"', CommandTimeout='30']
SELECT i.id, i.created_at, i.created_by, i.currency_code, i.deleted_at, i.grn_numbers, i.integration_status, i.invoice_amount, i.invoice_date, i.invoice_number, i.invoice_type, i.oracle_invoice_id, i.pk_id, i.po_number, i.remarks, i.status, i.submission_date, i.updated_at, i.vendor_id
FROM invoice.invoices AS i
WHERE i.vendor_id = @__mapping_Id_0 AND i.deleted_at IS NULL AND i.status <> 'DRAFT'
2026-09-15 12:26:33.116 +05:00 [INF] Executed DbCommand (10ms) [Parameters=[@__mapping_Id_0='?' (DbType = Guid)], CommandType='"Text"', CommandTimeout='30']
SELECT i.id, i.created_at, i.created_by, i.currency_code, i.deleted_at, i.grn_numbers, i.integration_status, i.invoice_amount, i.invoice_date, i.invoice_number, i.invoice_type, i.oracle_invoice_id, i.pk_id, i.po_number, i.remarks, i.status, i.submission_date, i.updated_at, i.vendor_id
FROM invoice.invoices AS i
WHERE i.vendor_id = @__mapping_Id_0 AND i.deleted_at IS NULL AND i.status <> 'DRAFT'
2026-09-15 12:26:33.145 +05:00 [INF] Executed DbCommand (7ms) [Parameters=[@__mapping_Id_0='?' (DbType = Guid)], CommandType='"Text"', CommandTimeout='30']
SELECT v.user_id
FROM master.vendor_users AS v
WHERE v.vendor_id = @__mapping_Id_0 AND v.is_active
2026-09-15 12:26:33.164 +05:00 [INF] Executed DbCommand (7ms) [Parameters=[@p0='?' (DbType = DateTime), @p1='?' (DbType = Guid), @p2='?' (DbType = Guid), @p3='?' (DbType = Guid), @p4='?', @p5='?', @p6='?', @p7='?', @p10='?' (DbType = Guid), @p8='?', @p9='?' (DbType = DateTime)], CommandType='"Text"', CommandTimeout='30']
INSERT INTO invoice.invoice_status_history (changed_at, changed_by, correlation_id, invoice_id, new_status, old_status, remarks, source)
VALUES (@p0, @p1, @p2, @p3, @p4, @p5, @p6, @p7)
RETURNING id;
UPDATE invoice.invoices SET status = @p8, updated_at = @p9
WHERE id = @p10;
2026-09-15 12:26:33.201 +05:00 [ERR] Failed executing DbCommand (15ms) [Parameters=[@p0='?' (DbType = Guid), @p1='?' (DbType = Guid), @p2='?', @p3='?', @p4='?', @p5='?', @p6='?' (DbType = Guid)], CommandType='"Text"', CommandTimeout='30']
INSERT INTO notification.notifications
(id,user_id,title,message,notification_type,entity_type,entity_id,is_read,created_at,updated_at)
VALUES
(@p0,@p1,@p2,@p3,@p4,@p5,@p6,false,now(),now())
2026-09-15 12:26:33.209 +05:00 [ERR] Oracle reconciliation iteration failed.
Npgsql.PostgresException (0x80004005): 23514: new row for relation "notifications" violates check constraint "chk_notification_type"

DETAIL: Detail redacted as it may contain sensitive data. Specify 'Include Error Detail' in the connection string to include this information.
   at Npgsql.Internal.NpgsqlConnector.ReadMessageLong(Boolean async, DataRowLoadingMode dataRowLoadingMode, Boolean readingNotifications, Boolean isReadingPrependedMessage)
   at System.Runtime.CompilerServices.PoolingAsyncValueTaskMethodBuilder`1.StateMachineBox`1.System.Threading.Tasks.Sources.IValueTaskSource<TResult>.GetResult(Int16 token)
   at Npgsql.NpgsqlDataReader.NextResult(Boolean async, Boolean isConsuming, CancellationToken cancellationToken)
   at Npgsql.NpgsqlDataReader.NextResult(Boolean async, Boolean isConsuming, CancellationToken cancellationToken)
   at Npgsql.NpgsqlCommand.ExecuteReader(Boolean async, CommandBehavior behavior, CancellationToken cancellationToken)
   at Npgsql.NpgsqlCommand.ExecuteReader(Boolean async, CommandBehavior behavior, CancellationToken cancellationToken)
   at Npgsql.NpgsqlCommand.ExecuteNonQuery(Boolean async, CancellationToken cancellationToken)
   at Microsoft.EntityFrameworkCore.Storage.RelationalCommand.ExecuteNonQueryAsync(RelationalCommandParameterObject parameterObject, CancellationToken cancellationToken)
   at Microsoft.EntityFrameworkCore.Storage.RelationalCommand.ExecuteNonQueryAsync(RelationalCommandParameterObject parameterObject, CancellationToken cancellationToken)
   at Microsoft.EntityFrameworkCore.Storage.RelationalCommand.ExecuteNonQueryAsync(RelationalCommandParameterObject parameterObject, CancellationToken cancellationToken)
   at Microsoft.EntityFrameworkCore.RelationalDatabaseFacadeExtensions.ExecuteSqlRawAsync(DatabaseFacade databaseFacade, String sql, IEnumerable`1 parameters, CancellationToken cancellationToken)
   at BusinessPartnerPortal.Api.Services.OracleReconciliationWorker.Reconcile(CancellationToken ct) in D:\Projects\Bussiness Partner Portal\business-partner-portal\backend\BusinessPartnerPortal.Api\Services\OracleReconciliationWorker.cs:line 180
   at BusinessPartnerPortal.Api.Services.OracleReconciliationWorker.ExecuteAsync(CancellationToken stoppingToken) in D:\Projects\Bussiness Partner Portal\business-partner-portal\backend\BusinessPartnerPortal.Api\Services\OracleReconciliationWorker.cs:line 18
  Exception data:
    Severity: ERROR
    SqlState: 23514
    MessageText: new row for relation "notifications" violates check constraint "chk_notification_type"
    Detail: Detail redacted as it may contain sensitive data. Specify 'Include Error Detail' in the connection string to include this information.
    SchemaName: notification
    TableName: notifications
    ConstraintName: chk_notification_type
    File: execMain.c
    Line: 2067
    Routine: ExecConstraints
2026-09-15 12:26:34.952 +05:00 [INF] Request starting HTTP/1.1 OPTIONS http://10.1.40.52:5044/api/v1/notifications/unread-count - null null
2026-09-15 12:26:34.959 +05:00 [INF] CORS policy execution successful.
2026-09-15 12:26:34.961 +05:00 [INF] HTTP OPTIONS /api/v1/notifications/unread-count responded 204 in 2.1535 ms
2026-09-15 12:26:34.966 +05:00 [INF] Request finished HTTP/1.1 OPTIONS http://10.1.40.52:5044/api/v1/notifications/unread-count - 204 null null 13.593ms
2026-09-15 12:26:35.018 +05:00 [INF] Request starting HTTP/1.1 GET http://10.1.40.52:5044/api/v1/notifications/unread-count - null null
2026-09-15 12:26:35.022 +05:00 [INF] CORS policy execution successful.
2026-09-15 12:26:35.023 +05:00 [INF] Executing endpoint 'HTTP: GET /api/v1/notifications/unread-count'
2026-09-15 12:26:35.034 +05:00 [INF] Setting HTTP status code 200.
2026-09-15 12:26:35.038 +05:00 [INF] Writing value of type '<>f__AnonymousType72`1' as Json.
2026-09-15 12:26:35.040 +05:00 [INF] Executed endpoint 'HTTP: GET /api/v1/notifications/unread-count'
2026-09-15 12:26:35.042 +05:00 [INF] HTTP GET /api/v1/notifications/unread-count responded 200 in 20.1366 ms
2026-09-15 12:26:35.047 +05:00 [INF] Request finished HTTP/1.1 GET http://10.1.40.52:5044/api/v1/notifications/unread-count - 200 null application/json; charset=utf-8 28.7976ms
2026-09-15 12:26:44.509 +05:00 [INF] Request starting HTTP/1.1 OPTIONS http://10.1.40.52:5044/api/v1/invoices/my - null null
2026-09-15 12:26:44.513 +05:00 [INF] Request starting HTTP/1.1 OPTIONS http://10.1.40.52:5044/api/v1/invoices/my - null null
2026-09-15 12:26:44.511 +05:00 [INF] Request starting HTTP/1.1 OPTIONS http://10.1.40.52:5044/api/v1/notifications/unread-count - null null
2026-09-15 12:26:44.513 +05:00 [INF] CORS policy execution successful.
2026-09-15 12:26:44.513 +05:00 [INF] Request starting HTTP/1.1 OPTIONS http://10.1.40.52:5044/api/v1/notifications/unread-count - null null
2026-09-15 12:26:44.516 +05:00 [INF] CORS policy execution successful.
2026-09-15 12:26:44.519 +05:00 [INF] CORS policy execution successful.
2026-09-15 12:26:44.520 +05:00 [INF] HTTP OPTIONS /api/v1/invoices/my responded 204 in 7.3883 ms
2026-09-15 12:26:44.523 +05:00 [INF] CORS policy execution successful.
2026-09-15 12:26:44.524 +05:00 [INF] HTTP OPTIONS /api/v1/invoices/my responded 204 in 8.4401 ms
2026-09-15 12:26:44.525 +05:00 [INF] HTTP OPTIONS /api/v1/notifications/unread-count responded 204 in 6.0866 ms
2026-09-15 12:26:44.527 +05:00 [INF] Request finished HTTP/1.1 OPTIONS http://10.1.40.52:5044/api/v1/invoices/my - 204 null null 18.8411ms
2026-09-15 12:26:44.528 +05:00 [INF] HTTP OPTIONS /api/v1/notifications/unread-count responded 204 in 5.0106 ms
2026-09-15 12:26:44.529 +05:00 [INF] Request starting HTTP/1.1 GET http://10.1.40.52:5044/api/v1/invoices/my - null null
2026-09-15 12:26:44.531 +05:00 [INF] Request finished HTTP/1.1 OPTIONS http://10.1.40.52:5044/api/v1/invoices/my - 204 null null 18.3587ms
2026-09-15 12:26:44.534 +05:00 [INF] Request finished HTTP/1.1 OPTIONS http://10.1.40.52:5044/api/v1/notifications/unread-count - 204 null null 22.7142ms
2026-09-15 12:26:44.536 +05:00 [INF] Request starting HTTP/1.1 GET http://10.1.40.52:5044/api/v1/notifications/unread-count - null null
2026-09-15 12:26:44.542 +05:00 [INF] Request finished HTTP/1.1 OPTIONS http://10.1.40.52:5044/api/v1/notifications/unread-count - 204 null null 28.3102ms
2026-09-15 12:26:44.545 +05:00 [INF] CORS policy execution successful.
2026-09-15 12:26:44.556 +05:00 [INF] CORS policy execution successful.
2026-09-15 12:26:44.561 +05:00 [INF] Executing endpoint 'HTTP: GET /api/v1/invoices/my'
2026-09-15 12:26:44.561 +05:00 [INF] Executing endpoint 'HTTP: GET /api/v1/notifications/unread-count'
2026-09-15 12:26:44.571 +05:00 [INF] Executed DbCommand (8ms) [Parameters=[@__UserId_0='?' (DbType = Guid)], CommandType='"Text"', CommandTimeout='30']
SELECT DISTINCT p.code
FROM security.user_roles AS u
INNER JOIN security.role_permissions AS r ON u.role_id = r.role_id
INNER JOIN security.permissions AS p ON r.permission_id = p.id
WHERE u.user_id = @__UserId_0
2026-09-15 12:26:44.578 +05:00 [INF] Setting HTTP status code 200.
2026-09-15 12:26:44.579 +05:00 [INF] Writing value of type '<>f__AnonymousType72`1' as Json.
2026-09-15 12:26:44.580 +05:00 [INF] Executed DbCommand (6ms) [Parameters=[@__UserId_0='?' (DbType = Guid)], CommandType='"Text"', CommandTimeout='30']
SELECT u.user_id, u.permission_id, u.is_allowed
FROM security.user_permission_overrides AS u
WHERE u.user_id = @__UserId_0
2026-09-15 12:26:44.581 +05:00 [INF] Executed endpoint 'HTTP: GET /api/v1/notifications/unread-count'
2026-09-15 12:26:44.582 +05:00 [INF] Request starting HTTP/1.1 GET http://10.1.40.52:5044/api/v1/notifications/unread-count - null null
2026-09-15 12:26:44.586 +05:00 [INF] HTTP GET /api/v1/notifications/unread-count responded 200 in 29.7443 ms
2026-09-15 12:26:44.588 +05:00 [INF] Executed DbCommand (3ms) [Parameters=[@__UserId_0='?' (DbType = Guid)], CommandType='"Text"', CommandTimeout='30']
SELECT v.vendor_id
FROM master.vendor_users AS v
WHERE v.user_id = @__UserId_0 AND v.is_active
LIMIT 1
2026-09-15 12:26:44.589 +05:00 [INF] CORS policy execution successful.
2026-09-15 12:26:44.591 +05:00 [INF] Request finished HTTP/1.1 GET http://10.1.40.52:5044/api/v1/notifications/unread-count - 200 null application/json; charset=utf-8 55.1563ms
2026-09-15 12:26:44.596 +05:00 [INF] Executing endpoint 'HTTP: GET /api/v1/notifications/unread-count'
2026-09-15 12:26:44.602 +05:00 [INF] Executed DbCommand (8ms) [Parameters=[@__vendorId_0='?' (DbType = Guid)], CommandType='"Text"', CommandTimeout='30']
SELECT i.id AS "Id", i.invoice_number AS "InvoiceNumber", i.invoice_date AS "InvoiceDate", i.invoice_amount AS "InvoiceAmount", i.status AS "Status", i.integration_status AS "IntegrationStatus", i.submission_date AS "SubmissionDate", i.updated_at AS "UpdatedAt", i.po_number AS "PoNumber", i.grn_numbers AS "GrnNumbers", i.invoice_type AS "InvoiceType", i.remarks AS "Remarks"
FROM invoice.invoices AS i
WHERE i.vendor_id = @__vendorId_0 AND i.deleted_at IS NULL
ORDER BY i.updated_at DESC
2026-09-15 12:26:44.610 +05:00 [INF] Setting HTTP status code 200.
2026-09-15 12:26:44.611 +05:00 [INF] Writing value of type 'SelectListIterator`2' as Json.
2026-09-15 12:26:44.613 +05:00 [INF] Executed endpoint 'HTTP: GET /api/v1/invoices/my'
2026-09-15 12:26:44.614 +05:00 [INF] HTTP GET /api/v1/invoices/my responded 200 in 68.8762 ms
2026-09-15 12:26:44.615 +05:00 [INF] Request starting HTTP/1.1 GET http://10.1.40.52:5044/api/v1/invoices/my - null null
2026-09-15 12:26:44.615 +05:00 [INF] Setting HTTP status code 200.
2026-09-15 12:26:44.616 +05:00 [INF] Request finished HTTP/1.1 GET http://10.1.40.52:5044/api/v1/invoices/my - 200 null application/json; charset=utf-8 87.0235ms
2026-09-15 12:26:44.623 +05:00 [INF] CORS policy execution successful.
2026-09-15 12:26:44.634 +05:00 [INF] Writing value of type '<>f__AnonymousType72`1' as Json.
2026-09-15 12:26:44.646 +05:00 [INF] Executing endpoint 'HTTP: GET /api/v1/invoices/my'
2026-09-15 12:26:44.649 +05:00 [INF] Executed endpoint 'HTTP: GET /api/v1/notifications/unread-count'
2026-09-15 12:26:44.656 +05:00 [INF] HTTP GET /api/v1/notifications/unread-count responded 200 in 67.2161 ms
2026-09-15 12:26:44.659 +05:00 [INF] Request finished HTTP/1.1 GET http://10.1.40.52:5044/api/v1/notifications/unread-count - 200 null application/json; charset=utf-8 77.2388ms
2026-09-15 12:26:44.661 +05:00 [INF] Executed DbCommand (6ms) [Parameters=[@__UserId_0='?' (DbType = Guid)], CommandType='"Text"', CommandTimeout='30']
SELECT DISTINCT p.code
FROM security.user_roles AS u
INNER JOIN security.role_permissions AS r ON u.role_id = r.role_id
INNER JOIN security.permissions AS p ON r.permission_id = p.id
WHERE u.user_id = @__UserId_0
2026-09-15 12:26:44.682 +05:00 [INF] Executed DbCommand (11ms) [Parameters=[@__UserId_0='?' (DbType = Guid)], CommandType='"Text"', CommandTimeout='30']
SELECT u.user_id, u.permission_id, u.is_allowed
FROM security.user_permission_overrides AS u
WHERE u.user_id = @__UserId_0
2026-09-15 12:26:44.692 +05:00 [INF] Executed DbCommand (5ms) [Parameters=[@__UserId_0='?' (DbType = Guid)], CommandType='"Text"', CommandTimeout='30']
SELECT v.vendor_id
FROM master.vendor_users AS v
WHERE v.user_id = @__UserId_0 AND v.is_active
LIMIT 1
2026-09-15 12:26:44.703 +05:00 [INF] Executed DbCommand (7ms) [Parameters=[@__vendorId_0='?' (DbType = Guid)], CommandType='"Text"', CommandTimeout='30']
SELECT i.id AS "Id", i.invoice_number AS "InvoiceNumber", i.invoice_date AS "InvoiceDate", i.invoice_amount AS "InvoiceAmount", i.status AS "Status", i.integration_status AS "IntegrationStatus", i.submission_date AS "SubmissionDate", i.updated_at AS "UpdatedAt", i.po_number AS "PoNumber", i.grn_numbers AS "GrnNumbers", i.invoice_type AS "InvoiceType", i.remarks AS "Remarks"
FROM invoice.invoices AS i
WHERE i.vendor_id = @__vendorId_0 AND i.deleted_at IS NULL
ORDER BY i.updated_at DESC
2026-09-15 12:26:44.707 +05:00 [INF] Setting HTTP status code 200.
2026-09-15 12:26:44.708 +05:00 [INF] Writing value of type 'SelectListIterator`2' as Json.
2026-09-15 12:26:44.710 +05:00 [INF] Executed endpoint 'HTTP: GET /api/v1/invoices/my'
2026-09-15 12:26:44.712 +05:00 [INF] HTTP GET /api/v1/invoices/my responded 200 in 89.5770 ms
2026-09-15 12:26:44.715 +05:00 [INF] Request finished HTTP/1.1 GET http://10.1.40.52:5044/api/v1/invoices/my - 200 null application/json; charset=utf-8 100.3157ms
2026-09-15 12:27:03.253 +05:00 [INF] Executed DbCommand (7ms) [Parameters=[], CommandType='"Text"', CommandTimeout='30']
SELECT v.id AS "Id", v.oracle_vendor_id AS "OracleVendorId"
FROM master.vendors AS v
WHERE v.is_active AND v.oracle_vendor_id IS NOT NULL
2026-09-15 12:27:03.275 +05:00 [INF] Executed DbCommand (8ms) [Parameters=[@__mapping_Id_0='?' (DbType = Guid)], CommandType='"Text"', CommandTimeout='30']
SELECT i.id, i.created_at, i.created_by, i.currency_code, i.deleted_at, i.grn_numbers, i.integration_status, i.invoice_amount, i.invoice_date, i.invoice_number, i.invoice_type, i.oracle_invoice_id, i.pk_id, i.po_number, i.remarks, i.status, i.submission_date, i.updated_at, i.vendor_id
FROM invoice.invoices AS i
WHERE i.vendor_id = @__mapping_Id_0 AND i.deleted_at IS NULL AND i.status <> 'DRAFT'
2026-09-15 12:27:03.515 +05:00 [INF] Executed DbCommand (215ms) [Parameters=[@__mapping_Id_0='?' (DbType = Guid)], CommandType='"Text"', CommandTimeout='30']
SELECT i.id, i.created_at, i.created_by, i.currency_code, i.deleted_at, i.grn_numbers, i.integration_status, i.invoice_amount, i.invoice_date, i.invoice_number, i.invoice_type, i.oracle_invoice_id, i.pk_id, i.po_number, i.remarks, i.status, i.submission_date, i.updated_at, i.vendor_id
FROM invoice.invoices AS i
WHERE i.vendor_id = @__mapping_Id_0 AND i.deleted_at IS NULL AND i.status <> 'DRAFT'
2026-09-15 12:27:03.537 +05:00 [INF] Executed DbCommand (8ms) [Parameters=[@__mapping_Id_0='?' (DbType = Guid)], CommandType='"Text"', CommandTimeout='30']
SELECT i.id, i.created_at, i.created_by, i.currency_code, i.deleted_at, i.grn_numbers, i.integration_status, i.invoice_amount, i.invoice_date, i.invoice_number, i.invoice_type, i.oracle_invoice_id, i.pk_id, i.po_number, i.remarks, i.status, i.submission_date, i.updated_at, i.vendor_id
FROM invoice.invoices AS i
WHERE i.vendor_id = @__mapping_Id_0 AND i.deleted_at IS NULL AND i.status <> 'DRAFT'
2026-09-15 12:27:03.577 +05:00 [INF] Executed DbCommand (10ms) [Parameters=[@__mapping_Id_0='?' (DbType = Guid)], CommandType='"Text"', CommandTimeout='30']
SELECT i.id, i.created_at, i.created_by, i.currency_code, i.deleted_at, i.grn_numbers, i.integration_status, i.invoice_amount, i.invoice_date, i.invoice_number, i.invoice_type, i.oracle_invoice_id, i.pk_id, i.po_number, i.remarks, i.status, i.submission_date, i.updated_at, i.vendor_id
FROM invoice.invoices AS i
WHERE i.vendor_id = @__mapping_Id_0 AND i.deleted_at IS NULL AND i.status <> 'DRAFT'
2026-09-15 12:27:03.613 +05:00 [INF] Executed DbCommand (22ms) [Parameters=[@__mapping_Id_0='?' (DbType = Guid)], CommandType='"Text"', CommandTimeout='30']
SELECT i.id, i.created_at, i.created_by, i.currency_code, i.deleted_at, i.grn_numbers, i.integration_status, i.invoice_amount, i.invoice_date, i.invoice_number, i.invoice_type, i.oracle_invoice_id, i.pk_id, i.po_number, i.remarks, i.status, i.submission_date, i.updated_at, i.vendor_id
FROM invoice.invoices AS i
WHERE i.vendor_id = @__mapping_Id_0 AND i.deleted_at IS NULL AND i.status <> 'DRAFT'
2026-09-15 12:27:03.644 +05:00 [INF] Executed DbCommand (14ms) [Parameters=[@__mapping_Id_0='?' (DbType = Guid)], CommandType='"Text"', CommandTimeout='30']
SELECT i.id, i.created_at, i.created_by, i.currency_code, i.deleted_at, i.grn_numbers, i.integration_status, i.invoice_amount, i.invoice_date, i.invoice_number, i.invoice_type, i.oracle_invoice_id, i.pk_id, i.po_number, i.remarks, i.status, i.submission_date, i.updated_at, i.vendor_id
FROM invoice.invoices AS i
WHERE i.vendor_id = @__mapping_Id_0 AND i.deleted_at IS NULL AND i.status <> 'DRAFT'
2026-09-15 12:27:03.675 +05:00 [INF] Executed DbCommand (7ms) [Parameters=[@__mapping_Id_0='?' (DbType = Guid)], CommandType='"Text"', CommandTimeout='30']
SELECT i.id, i.created_at, i.created_by, i.currency_code, i.deleted_at, i.grn_numbers, i.integration_status, i.invoice_amount, i.invoice_date, i.invoice_number, i.invoice_type, i.oracle_invoice_id, i.pk_id, i.po_number, i.remarks, i.status, i.submission_date, i.updated_at, i.vendor_id
FROM invoice.invoices AS i
WHERE i.vendor_id = @__mapping_Id_0 AND i.deleted_at IS NULL AND i.status <> 'DRAFT'
2026-09-15 12:27:03.704 +05:00 [INF] Executed DbCommand (16ms) [Parameters=[@__mapping_Id_0='?' (DbType = Guid)], CommandType='"Text"', CommandTimeout='30']
SELECT i.id, i.created_at, i.created_by, i.currency_code, i.deleted_at, i.grn_numbers, i.integration_status, i.invoice_amount, i.invoice_date, i.invoice_number, i.invoice_type, i.oracle_invoice_id, i.pk_id, i.po_number, i.remarks, i.status, i.submission_date, i.updated_at, i.vendor_id
FROM invoice.invoices AS i
WHERE i.vendor_id = @__mapping_Id_0 AND i.deleted_at IS NULL AND i.status <> 'DRAFT'
2026-09-15 12:27:03.734 +05:00 [INF] Executed DbCommand (11ms) [Parameters=[@__mapping_Id_0='?' (DbType = Guid)], CommandType='"Text"', CommandTimeout='30']
SELECT i.id, i.created_at, i.created_by, i.currency_code, i.deleted_at, i.grn_numbers, i.integration_status, i.invoice_amount, i.invoice_date, i.invoice_number, i.invoice_type, i.oracle_invoice_id, i.pk_id, i.po_number, i.remarks, i.status, i.submission_date, i.updated_at, i.vendor_id
FROM invoice.invoices AS i
WHERE i.vendor_id = @__mapping_Id_0 AND i.deleted_at IS NULL AND i.status <> 'DRAFT'
2026-09-15 12:27:03.810 +05:00 [INF] Executed DbCommand (8ms) [Parameters=[@__mapping_Id_0='?' (DbType = Guid)], CommandType='"Text"', CommandTimeout='30']
SELECT i.id, i.created_at, i.created_by, i.currency_code, i.deleted_at, i.grn_numbers, i.integration_status, i.invoice_amount, i.invoice_date, i.invoice_number, i.invoice_type, i.oracle_invoice_id, i.pk_id, i.po_number, i.remarks, i.status, i.submission_date, i.updated_at, i.vendor_id
FROM invoice.invoices AS i
WHERE i.vendor_id = @__mapping_Id_0 AND i.deleted_at IS NULL AND i.status <> 'DRAFT'
2026-09-15 12:27:03.854 +05:00 [INF] Executed DbCommand (15ms) [Parameters=[@__mapping_Id_0='?' (DbType = Guid)], CommandType='"Text"', CommandTimeout='30']
SELECT i.id, i.created_at, i.created_by, i.currency_code, i.deleted_at, i.grn_numbers, i.integration_status, i.invoice_amount, i.invoice_date, i.invoice_number, i.invoice_type, i.oracle_invoice_id, i.pk_id, i.po_number, i.remarks, i.status, i.submission_date, i.updated_at, i.vendor_id
FROM invoice.invoices AS i
WHERE i.vendor_id = @__mapping_Id_0 AND i.deleted_at IS NULL AND i.status <> 'DRAFT'
2026-09-15 12:27:03.892 +05:00 [INF] Executed DbCommand (7ms) [Parameters=[@__mapping_Id_0='?' (DbType = Guid)], CommandType='"Text"', CommandTimeout='30']
SELECT i.id, i.created_at, i.created_by, i.currency_code, i.deleted_at, i.grn_numbers, i.integration_status, i.invoice_amount, i.invoice_date, i.invoice_number, i.invoice_type, i.oracle_invoice_id, i.pk_id, i.po_number, i.remarks, i.status, i.submission_date, i.updated_at, i.vendor_id
FROM invoice.invoices AS i
WHERE i.vendor_id = @__mapping_Id_0 AND i.deleted_at IS NULL AND i.status <> 'DRAFT'
2026-09-15 12:27:03.914 +05:00 [INF] Executed DbCommand (9ms) [Parameters=[@__mapping_Id_0='?' (DbType = Guid)], CommandType='"Text"', CommandTimeout='30']
SELECT i.id, i.created_at, i.created_by, i.currency_code, i.deleted_at, i.grn_numbers, i.integration_status, i.invoice_amount, i.invoice_date, i.invoice_number, i.invoice_type, i.oracle_invoice_id, i.pk_id, i.po_number, i.remarks, i.status, i.submission_date, i.updated_at, i.vendor_id
FROM invoice.invoices AS i
WHERE i.vendor_id = @__mapping_Id_0 AND i.deleted_at IS NULL AND i.status <> 'DRAFT'
2026-09-15 12:27:04.098 +05:00 [INF] Executed DbCommand (6ms) [Parameters=[@__mapping_Id_0='?' (DbType = Guid)], CommandType='"Text"', CommandTimeout='30']
SELECT i.id, i.created_at, i.created_by, i.currency_code, i.deleted_at, i.grn_numbers, i.integration_status, i.invoice_amount, i.invoice_date, i.invoice_number, i.invoice_type, i.oracle_invoice_id, i.pk_id, i.po_number, i.remarks, i.status, i.submission_date, i.updated_at, i.vendor_id
FROM invoice.invoices AS i
WHERE i.vendor_id = @__mapping_Id_0 AND i.deleted_at IS NULL AND i.status <> 'DRAFT'
2026-09-15 12:27:04.136 +05:00 [INF] Executed DbCommand (7ms) [Parameters=[@__mapping_Id_0='?' (DbType = Guid)], CommandType='"Text"', CommandTimeout='30']
SELECT i.id, i.created_at, i.created_by, i.currency_code, i.deleted_at, i.grn_numbers, i.integration_status, i.invoice_amount, i.invoice_date, i.invoice_number, i.invoice_type, i.oracle_invoice_id, i.pk_id, i.po_number, i.remarks, i.status, i.submission_date, i.updated_at, i.vendor_id
FROM invoice.invoices AS i
WHERE i.vendor_id = @__mapping_Id_0 AND i.deleted_at IS NULL AND i.status <> 'DRAFT'
2026-09-15 12:27:04.187 +05:00 [INF] Executed DbCommand (4ms) [Parameters=[@__mapping_Id_0='?' (DbType = Guid)], CommandType='"Text"', CommandTimeout='30']
SELECT i.id, i.created_at, i.created_by, i.currency_code, i.deleted_at, i.grn_numbers, i.integration_status, i.invoice_amount, i.invoice_date, i.invoice_number, i.invoice_type, i.oracle_invoice_id, i.pk_id, i.po_number, i.remarks, i.status, i.submission_date, i.updated_at, i.vendor_id
FROM invoice.invoices AS i
WHERE i.vendor_id = @__mapping_Id_0 AND i.deleted_at IS NULL AND i.status <> 'DRAFT'
2026-09-15 12:27:04.265 +05:00 [INF] Executed DbCommand (6ms) [Parameters=[@__mapping_Id_0='?' (DbType = Guid)], CommandType='"Text"', CommandTimeout='30']
SELECT i.id, i.created_at, i.created_by, i.currency_code, i.deleted_at, i.grn_numbers, i.integration_status, i.invoice_amount, i.invoice_date, i.invoice_number, i.invoice_type, i.oracle_invoice_id, i.pk_id, i.po_number, i.remarks, i.status, i.submission_date, i.updated_at, i.vendor_id
FROM invoice.invoices AS i
WHERE i.vendor_id = @__mapping_Id_0 AND i.deleted_at IS NULL AND i.status <> 'DRAFT'
2026-09-15 12:27:04.990 +05:00 [INF] Executed DbCommand (7ms) [Parameters=[@__mapping_Id_0='?' (DbType = Guid)], CommandType='"Text"', CommandTimeout='30']
SELECT i.id, i.created_at, i.created_by, i.currency_code, i.deleted_at, i.grn_numbers, i.integration_status, i.invoice_amount, i.invoice_date, i.invoice_number, i.invoice_type, i.oracle_invoice_id, i.pk_id, i.po_number, i.remarks, i.status, i.submission_date, i.updated_at, i.vendor_id
FROM invoice.invoices AS i
WHERE i.vendor_id = @__mapping_Id_0 AND i.deleted_at IS NULL AND i.status <> 'DRAFT'
2026-09-15 12:27:05.204 +05:00 [INF] Executed DbCommand (15ms) [Parameters=[@__mapping_Id_0='?' (DbType = Guid)], CommandType='"Text"', CommandTimeout='30']
SELECT i.id, i.created_at, i.created_by, i.currency_code, i.deleted_at, i.grn_numbers, i.integration_status, i.invoice_amount, i.invoice_date, i.invoice_number, i.invoice_type, i.oracle_invoice_id, i.pk_id, i.po_number, i.remarks, i.status, i.submission_date, i.updated_at, i.vendor_id
FROM invoice.invoices AS i
WHERE i.vendor_id = @__mapping_Id_0 AND i.deleted_at IS NULL AND i.status <> 'DRAFT'
2026-09-15 12:27:05.287 +05:00 [INF] Executed DbCommand (4ms) [Parameters=[@__mapping_Id_0='?' (DbType = Guid)], CommandType='"Text"', CommandTimeout='30']
SELECT i.id, i.created_at, i.created_by, i.currency_code, i.deleted_at, i.grn_numbers, i.integration_status, i.invoice_amount, i.invoice_date, i.invoice_number, i.invoice_type, i.oracle_invoice_id, i.pk_id, i.po_number, i.remarks, i.status, i.submission_date, i.updated_at, i.vendor_id
FROM invoice.invoices AS i
WHERE i.vendor_id = @__mapping_Id_0 AND i.deleted_at IS NULL AND i.status <> 'DRAFT'
2026-09-15 12:27:05.379 +05:00 [INF] Executed DbCommand (6ms) [Parameters=[@__mapping_Id_0='?' (DbType = Guid)], CommandType='"Text"', CommandTimeout='30']
SELECT i.id, i.created_at, i.created_by, i.currency_code, i.deleted_at, i.grn_numbers, i.integration_status, i.invoice_amount, i.invoice_date, i.invoice_number, i.invoice_type, i.oracle_invoice_id, i.pk_id, i.po_number, i.remarks, i.status, i.submission_date, i.updated_at, i.vendor_id
FROM invoice.invoices AS i
WHERE i.vendor_id = @__mapping_Id_0 AND i.deleted_at IS NULL AND i.status <> 'DRAFT'
2026-09-15 12:27:05.409 +05:00 [INF] Executed DbCommand (11ms) [Parameters=[@__mapping_Id_0='?' (DbType = Guid)], CommandType='"Text"', CommandTimeout='30']
SELECT i.id, i.created_at, i.created_by, i.currency_code, i.deleted_at, i.grn_numbers, i.integration_status, i.invoice_amount, i.invoice_date, i.invoice_number, i.invoice_type, i.oracle_invoice_id, i.pk_id, i.po_number, i.remarks, i.status, i.submission_date, i.updated_at, i.vendor_id
FROM invoice.invoices AS i
WHERE i.vendor_id = @__mapping_Id_0 AND i.deleted_at IS NULL AND i.status <> 'DRAFT'
2026-09-15 12:27:05.582 +05:00 [INF] Executed DbCommand (10ms) [Parameters=[@__mapping_Id_0='?' (DbType = Guid)], CommandType='"Text"', CommandTimeout='30']
SELECT i.id, i.created_at, i.created_by, i.currency_code, i.deleted_at, i.grn_numbers, i.integration_status, i.invoice_amount, i.invoice_date, i.invoice_number, i.invoice_type, i.oracle_invoice_id, i.pk_id, i.po_number, i.remarks, i.status, i.submission_date, i.updated_at, i.vendor_id
FROM invoice.invoices AS i
WHERE i.vendor_id = @__mapping_Id_0 AND i.deleted_at IS NULL AND i.status <> 'DRAFT'
2026-09-15 12:27:07.142 +05:00 [INF] Executed DbCommand (10ms) [Parameters=[@__mapping_Id_0='?' (DbType = Guid)], CommandType='"Text"', CommandTimeout='30']
SELECT i.id, i.created_at, i.created_by, i.currency_code, i.deleted_at, i.grn_numbers, i.integration_status, i.invoice_amount, i.invoice_date, i.invoice_number, i.invoice_type, i.oracle_invoice_id, i.pk_id, i.po_number, i.remarks, i.status, i.submission_date, i.updated_at, i.vendor_id
FROM invoice.invoices AS i
WHERE i.vendor_id = @__mapping_Id_0 AND i.deleted_at IS NULL AND i.status <> 'DRAFT'
2026-09-15 12:27:11.291 +05:00 [INF] Executed DbCommand (11ms) [Parameters=[@__mapping_Id_0='?' (DbType = Guid)], CommandType='"Text"', CommandTimeout='30']
SELECT i.id, i.created_at, i.created_by, i.currency_code, i.deleted_at, i.grn_numbers, i.integration_status, i.invoice_amount, i.invoice_date, i.invoice_number, i.invoice_type, i.oracle_invoice_id, i.pk_id, i.po_number, i.remarks, i.status, i.submission_date, i.updated_at, i.vendor_id
FROM invoice.invoices AS i
WHERE i.vendor_id = @__mapping_Id_0 AND i.deleted_at IS NULL AND i.status <> 'DRAFT'
2026-09-15 12:27:11.479 +05:00 [INF] Executed DbCommand (7ms) [Parameters=[@__mapping_Id_0='?' (DbType = Guid)], CommandType='"Text"', CommandTimeout='30']
SELECT i.id, i.created_at, i.created_by, i.currency_code, i.deleted_at, i.grn_numbers, i.integration_status, i.invoice_amount, i.invoice_date, i.invoice_number, i.invoice_type, i.oracle_invoice_id, i.pk_id, i.po_number, i.remarks, i.status, i.submission_date, i.updated_at, i.vendor_id
FROM invoice.invoices AS i
WHERE i.vendor_id = @__mapping_Id_0 AND i.deleted_at IS NULL AND i.status <> 'DRAFT'
2026-09-15 12:27:12.748 +05:00 [INF] Executed DbCommand (39ms) [Parameters=[@__mapping_Id_0='?' (DbType = Guid)], CommandType='"Text"', CommandTimeout='30']
SELECT i.id, i.created_at, i.created_by, i.currency_code, i.deleted_at, i.grn_numbers, i.integration_status, i.invoice_amount, i.invoice_date, i.invoice_number, i.invoice_type, i.oracle_invoice_id, i.pk_id, i.po_number, i.remarks, i.status, i.submission_date, i.updated_at, i.vendor_id
FROM invoice.invoices AS i
WHERE i.vendor_id = @__mapping_Id_0 AND i.deleted_at IS NULL AND i.status <> 'DRAFT'
2026-09-15 12:27:12.799 +05:00 [INF] Executed DbCommand (38ms) [Parameters=[@__mapping_Id_0='?' (DbType = Guid)], CommandType='"Text"', CommandTimeout='30']
SELECT i.id, i.created_at, i.created_by, i.currency_code, i.deleted_at, i.grn_numbers, i.integration_status, i.invoice_amount, i.invoice_date, i.invoice_number, i.invoice_type, i.oracle_invoice_id, i.pk_id, i.po_number, i.remarks, i.status, i.submission_date, i.updated_at, i.vendor_id
FROM invoice.invoices AS i
WHERE i.vendor_id = @__mapping_Id_0 AND i.deleted_at IS NULL AND i.status <> 'DRAFT'
2026-09-15 12:27:14.507 +05:00 [INF] Request starting HTTP/1.1 OPTIONS http://10.1.40.52:5044/api/v1/notifications/unread-count - null null
2026-09-15 12:27:14.511 +05:00 [INF] CORS policy execution successful.
2026-09-15 12:27:14.512 +05:00 [INF] HTTP OPTIONS /api/v1/notifications/unread-count responded 204 in 1.1170 ms
2026-09-15 12:27:14.514 +05:00 [INF] Request finished HTTP/1.1 OPTIONS http://10.1.40.52:5044/api/v1/notifications/unread-count - 204 null null 7.4457ms
2026-09-15 12:27:14.517 +05:00 [INF] Request starting HTTP/1.1 GET http://10.1.40.52:5044/api/v1/notifications/unread-count - null null
2026-09-15 12:27:14.522 +05:00 [INF] CORS policy execution successful.
2026-09-15 12:27:14.524 +05:00 [INF] Executing endpoint 'HTTP: GET /api/v1/notifications/unread-count'
2026-09-15 12:27:14.543 +05:00 [INF] Setting HTTP status code 200.
2026-09-15 12:27:14.545 +05:00 [INF] Writing value of type '<>f__AnonymousType72`1' as Json.
2026-09-15 12:27:14.547 +05:00 [INF] Executed endpoint 'HTTP: GET /api/v1/notifications/unread-count'
2026-09-15 12:27:14.548 +05:00 [INF] HTTP GET /api/v1/notifications/unread-count responded 200 in 26.0337 ms
2026-09-15 12:27:14.551 +05:00 [INF] Request finished HTTP/1.1 GET http://10.1.40.52:5044/api/v1/notifications/unread-count - 200 null application/json; charset=utf-8 34.8026ms
